service_id,transaction_id,dealer_id,area_id,order_date,expected_delivery_date,delivery_date,response_time_hours,service_issue
S000001,T000001,D016,A004,2026-04-17,2026-04-19,2026-04-19,18,Minor Transport Delay
S000002,T000002,D040,A013,2024-03-15,2024-03-18,2024-03-19,26,None
S000003,T000003,D028,A007,2026-06-29,2026-07-01,2026-07-02,12,None
S000004,T000004,D019,A005,2024-01-09,2024-01-11,2024-01-11,8,None
S000005,T000005,D006,A001,2026-02-25,2026-02-28,2026-02-28,14,None
S000006,T000006,D005,A001,2026-08-05,2026-08-08,2026-08-09,6,None
S000007,T000007,D002,A001,2024-11-11,2024-11-12,2024-11-12,13,Minor Transport Delay
S000008,T000008,D034,A010,2025-07-07,2025-07-08,2025-07-08,22,Transport Delay
S000009,T000009,D020,A005,2024-07-25,2024-07-26,2024-07-26,8,None
S000010,T000010,D027,A007,2026-03-01,2026-03-02,2026-03-02,26,None
S000011,T000011,D001,A001,2025-03-30,2025-04-02,2025-04-03,7,None
S000012,T000012,D041,A013,2025-02-12,2025-02-13,2025-02-14,30,Stock Delay
S000013,T000013,D034,A010,2025-06-02,2025-06-05,2025-06-06,15,None
S000014,T000014,D008,A002,2026-08-21,2026-08-24,2026-08-25,35,Transport Delay
S000015,T000015,D009,A002,2024-08-03,2024-08-06,2024-08-06,20,None
S000016,T000016,D008,A002,2024-01-08,2024-01-10,2024-01-10,15,None
S000017,T000017,D013,A004,2025-03-20,2025-03-23,2025-03-23,15,None
S000018,T000018,D025,A005,2025-02-03,2025-02-05,2025-02-05,8,None
S000019,T000019,D015,A004,2024-02-16,2024-02-17,2024-02-17,4,None
S000020,T000020,D014,A004,2025-12-12,2025-12-13,2025-12-13,16,None
S000021,T000021,D024,A005,2024-10-27,2024-10-30,2024-10-30,6,None
S000022,T000022,D005,A001,2024-06-04,2024-06-07,2024-06-07,18,Minor Transport Delay
S000023,T000023,D014,A004,2024-01-31,2024-02-01,2024-02-01,14,None
S000024,T000024,D015,A004,2025-09-28,2025-09-29,2025-09-29,9,None
S000025,T000025,D013,A004,2026-01-22,2026-01-23,2026-01-24,4,None
S000026,T000026,D031,A009,2024-06-10,2024-06-11,2024-06-11,19,None
S000027,T000027,D008,A002,2025-05-02,2025-05-04,2025-05-06,29,None
S000028,T000028,D023,A005,2026-04-08,2026-04-09,2026-04-09,11,None
S000029,T000029,D020,A005,2024-11-26,2024-11-29,2024-11-29,13,None
S000030,T000030,D004,A001,2025-05-19,2025-05-22,2025-05-22,7,None
S000031,T000031,D020,A005,2024-08-18,2024-08-19,2024-08-19,15,None
S000032,T000032,D008,A002,2024-09-12,2024-09-14,2024-09-14,33,None
S000033,T000033,D004,A001,2025-11-15,2025-11-18,2025-11-18,18,None
S000034,T000034,D039,A013,2024-12-01,2024-12-03,2024-12-04,30,None
S000035,T000035,D038,A013,2026-02-04,2026-02-06,2026-02-07,18,Transport Delay
S000036,T000036,D031,A009,2025-10-11,2025-10-12,2025-10-12,22,None
S000037,T000037,D016,A004,2026-05-28,2026-05-29,2026-05-29,17,Minor Transport Delay
S000038,T000038,D004,A001,2024-08-07,2024-08-10,2024-08-10,11,None
S000039,T000039,D028,A007,2024-12-11,2024-12-12,2024-12-12,27,Stock Delay
S000040,T000040,D018,A004,2024-04-08,2024-04-10,2024-04-10,8,None
S000041,T000041,D004,A001,2025-10-19,2025-10-22,2025-10-22,7,Minor Transport Delay
S000042,T000042,D013,A004,2024-05-03,2024-05-06,2024-05-06,17,None
S000043,T000043,D004,A001,2025-07-20,2025-07-23,2025-07-23,17,Minor Transport Delay
S000044,T000044,D037,A012,2024-05-25,2024-05-28,2024-05-28,12,None
S000045,T000045,D012,A003,2025-06-22,2025-06-23,2025-06-26,69,Transport Routing Delay
S000046,T000046,D026,A006,2025-07-06,2025-07-09,2025-07-17,69,Dealer Stockout
S000047,T000047,D013,A004,2025-11-27,2025-11-30,2025-11-30,13,None
S000048,T000048,D025,A005,2026-01-03,2026-01-06,2026-01-07,13,None
S000049,T000049,D021,A005,2024-02-20,2024-02-22,2024-02-22,12,Minor Transport Delay
S000050,T000050,D011,A002,2025-04-24,2025-04-25,2025-04-26,21,None
S000051,T000051,D040,A013,2024-08-01,2024-08-04,2024-08-05,14,None
S000052,T000052,D031,A009,2024-05-27,2024-05-28,2024-05-29,19,None
S000053,T000053,D041,A013,2025-02-04,2025-02-05,2025-02-05,23,None
S000054,T000054,D036,A011,2026-07-03,2026-07-04,2026-07-05,30,Transport Delay
S000055,T000055,D020,A005,2025-03-30,2025-04-02,2025-04-02,9,None
S000056,T000056,D037,A012,2025-06-20,2025-06-23,2025-06-24,19,None
S000057,T000057,D007,A001,2024-05-07,2024-05-10,2024-05-10,6,None
S000058,T000058,D010,A002,2026-06-15,2026-06-16,2026-06-16,20,None
S000059,T000059,D004,A001,2025-08-22,2025-08-25,2025-08-25,16,None
S000060,T000060,D014,A004,2025-06-19,2025-06-20,2025-06-22,13,Minor Transport Delay
S000061,T000061,D015,A004,2024-09-04,2024-09-07,2024-09-07,15,Minor Transport Delay
S000062,T000062,D012,A003,2025-10-15,2025-10-17,2025-10-22,82,Dealer Stockout
S000063,T000063,D035,A010,2025-03-05,2025-03-07,2025-03-11,14,None
S000064,T000064,D016,A004,2024-09-05,2024-09-07,2024-09-07,10,None
S000065,T000065,D012,A003,2025-07-28,2025-07-31,2025-08-03,69,Parts Damage
S000066,T000066,D022,A005,2024-02-13,2024-02-14,2024-02-14,16,None
S000067,T000067,D005,A001,2024-04-07,2024-04-08,2024-04-08,14,None
S000068,T000068,D033,A009,2026-04-14,2026-04-17,2026-04-18,23,None
S000069,T000069,D007,A001,2025-04-16,2025-04-19,2025-04-19,10,None
S000070,T000070,D041,A013,2025-11-16,2025-11-17,2025-11-17,17,None
S000071,T000071,D030,A009,2024-10-26,2024-10-28,2024-10-30,35,None
S000072,T000072,D010,A002,2025-01-02,2025-01-05,2025-01-05,19,None
S000073,T000073,D001,A001,2024-11-28,2024-12-01,2024-12-03,8,None
S000074,T000074,D031,A009,2025-07-25,2025-07-28,2025-07-29,35,None
S000075,T000075,D027,A007,2026-05-14,2026-05-15,2026-05-15,31,None
S000076,T000076,D027,A007,2024-11-20,2024-11-22,2024-11-22,35,None
S000077,T000077,D032,A009,2025-09-28,2025-10-01,2025-10-01,24,None
S000078,T000078,D006,A001,2025-05-12,2025-05-14,2025-05-15,18,None
S000079,T000079,D014,A004,2024-11-26,2024-11-27,2024-11-27,8,None
S000080,T000080,D006,A001,2025-07-27,2025-07-30,2025-07-30,10,None
S000081,T000081,D034,A010,2024-04-05,2024-04-08,2024-04-09,33,None
S000082,T000082,D020,A005,2026-01-03,2026-01-06,2026-01-06,6,Minor Transport Delay
S000083,T000083,D018,A004,2026-04-14,2026-04-16,2026-04-16,5,None
S000084,T000084,D004,A001,2026-04-25,2026-04-26,2026-04-26,14,Minor Transport Delay
S000085,T000085,D016,A004,2024-08-17,2024-08-20,2024-08-22,7,None
S000086,T000086,D018,A004,2026-04-11,2026-04-12,2026-04-12,7,Minor Transport Delay
S000087,T000087,D028,A007,2026-05-08,2026-05-10,2026-05-11,30,None
S000088,T000088,D025,A005,2025-06-15,2025-06-17,2025-06-17,18,None
S000089,T000089,D036,A011,2025-12-24,2025-12-26,2025-12-28,20,None
S000090,T000090,D014,A004,2024-11-23,2024-11-25,2024-11-25,15,None
S000091,T000091,D007,A001,2025-12-20,2025-12-23,2025-12-23,5,Minor Transport Delay
S000092,T000092,D028,A007,2025-07-02,2025-07-03,2025-07-05,31,None
S000093,T000093,D029,A008,2025-04-21,2025-04-24,2025-04-26,26,None
S000094,T000094,D023,A005,2025-03-22,2025-03-23,2025-03-23,11,None
S000095,T000095,D032,A009,2025-05-03,2025-05-06,2025-05-06,33,None
S000096,T000096,D015,A004,2025-08-06,2025-08-09,2025-08-09,13,None
S000097,T000097,D025,A005,2026-08-23,2026-08-25,2026-08-25,11,None
S000098,T000098,D018,A004,2024-11-07,2024-11-08,2024-11-08,18,None
S000099,T000099,D002,A001,2026-02-23,2026-02-26,2026-02-26,17,None
S000100,T000100,D001,A001,2025-12-30,2026-01-01,2026-01-01,16,Minor Transport Delay
S000101,T000101,D001,A001,2025-06-26,2025-06-29,2025-06-29,7,None
S000102,T000102,D025,A005,2026-02-16,2026-02-17,2026-02-17,18,None
S000103,T000103,D015,A004,2024-04-01,2024-04-03,2024-04-03,14,None
S000104,T000104,D022,A005,2025-12-14,2025-12-15,2025-12-16,6,None
S000105,T000105,D037,A012,2025-12-25,2025-12-27,2025-12-27,17,None
S000106,T000106,D012,A003,2024-12-25,2024-12-28,2024-12-28,64,Warehouse Delay
S000107,T000107,D015,A004,2024-01-21,2024-01-24,2024-01-24,12,None
S000108,T000108,D029,A008,2024-06-21,2024-06-24,2024-06-24,22,None
S000109,T000109,D010,A002,2026-05-29,2026-05-30,2026-05-30,31,None
S000110,T000110,D002,A001,2024-12-19,2024-12-22,2024-12-23,13,None
S000111,T000111,D016,A004,2025-12-24,2025-12-25,2025-12-25,17,None
S000112,T000112,D005,A001,2024-02-09,2024-02-12,2024-02-13,16,Minor Transport Delay
S000113,T000113,D040,A013,2026-08-15,2026-08-16,2026-08-16,17,None
S000114,T000114,D030,A009,2025-05-24,2025-05-27,2025-05-27,31,Transport Delay
S000115,T000115,D024,A005,2025-07-15,2025-07-17,2025-07-17,5,None
S000116,T000116,D036,A011,2024-09-09,2024-09-10,2024-09-10,27,None
S000117,T000117,D030,A009,2025-01-01,2025-01-03,2025-01-05,33,None
S000118,T000118,D008,A002,2026-05-18,2026-05-19,2026-05-20,22,Transport Delay
S000119,T000119,D036,A011,2026-02-14,2026-02-17,2026-02-17,22,None
S000120,T000120,D020,A005,2024-10-26,2024-10-28,2024-10-28,10,None
S000121,T000121,D033,A009,2024-04-16,2024-04-19,2024-04-19,24,None
S000122,T000122,D036,A011,2026-02-28,2026-03-03,2026-03-03,13,None
S000123,T000123,D015,A004,2026-07-02,2026-07-05,2026-07-06,12,None
S000124,T000124,D006,A001,2024-02-19,2024-02-20,2024-02-20,8,None
S000125,T000125,D008,A002,2026-04-23,2026-04-26,2026-04-28,35,None
S000126,T000126,D014,A004,2025-06-04,2025-06-07,2025-06-07,18,None
S000127,T000127,D031,A009,2026-07-02,2026-07-05,2026-07-05,34,None
S000128,T000128,D034,A010,2024-02-16,2024-02-18,2024-02-18,34,None
S000129,T000129,D001,A001,2026-07-15,2026-07-18,2026-07-19,17,None
S000130,T000130,D022,A005,2026-04-26,2026-04-28,2026-04-29,10,None
S000131,T000131,D017,A004,2024-09-09,2024-09-12,2024-09-12,18,None
S000132,T000132,D010,A002,2024-07-28,2024-07-31,2024-08-01,20,None
S000133,T000133,D004,A001,2026-04-23,2026-04-25,2026-04-25,18,None
S000134,T000134,D016,A004,2024-09-16,2024-09-17,2024-09-17,10,None
S000135,T000135,D041,A013,2024-05-11,2024-05-14,2024-05-14,32,None
S000136,T000136,D016,A004,2024-03-09,2024-03-12,2024-03-12,15,None
S000137,T000137,D024,A005,2026-08-10,2026-08-12,2026-08-12,8,None
S000138,T000138,D028,A007,2024-04-21,2024-04-22,2024-04-22,18,Transport Delay
S000139,T000139,D016,A004,2024-07-24,2024-07-27,2024-07-29,11,None
S000140,T000140,D039,A013,2024-02-08,2024-02-10,2024-02-10,36,None
S000141,T000141,D039,A013,2025-03-22,2025-03-24,2025-03-24,16,None
S000142,T000142,D012,A003,2025-11-09,2025-11-12,2025-11-17,48,Warehouse Delay
S000143,T000143,D021,A005,2024-02-14,2024-02-15,2024-02-16,9,None
S000144,T000144,D014,A004,2024-12-24,2024-12-25,2024-12-26,4,None
S000145,T000145,D015,A004,2025-06-01,2025-06-02,2025-06-02,7,None
S000146,T000146,D004,A001,2024-01-26,2024-01-28,2024-01-28,7,None
S000147,T000147,D023,A005,2024-06-13,2024-06-16,2024-06-18,4,None
S000148,T000148,D022,A005,2025-06-14,2025-06-15,2025-06-15,6,None
S000149,T000149,D003,A001,2024-02-09,2024-02-10,2024-02-10,4,None
S000150,T000150,D012,A003,2026-04-13,2026-04-16,2026-04-17,50,Warehouse Delay
S000151,T000151,D037,A012,2024-01-21,2024-01-23,2024-01-25,32,None
S000152,T000152,D012,A003,2025-04-05,2025-04-08,2025-04-09,67,Transport Routing Delay
S000153,T000153,D006,A001,2025-04-10,2025-04-11,2025-04-11,18,None
S000154,T000154,D015,A004,2025-10-14,2025-10-15,2025-10-17,10,Minor Transport Delay
S000155,T000155,D039,A013,2025-01-11,2025-01-12,2025-01-12,21,None
S000156,T000156,D012,A003,2025-12-28,2025-12-31,2026-01-08,61,Dealer Stockout
S000157,T000157,D026,A006,2024-08-01,2024-08-03,2024-08-11,65,Warehouse Delay
S000158,T000158,D029,A008,2025-04-19,2025-04-21,2025-04-21,24,None
S000159,T000159,D009,A002,2024-09-08,2024-09-11,2024-09-11,18,Transport Delay
S000160,T000160,D028,A007,2026-07-10,2026-07-13,2026-07-15,25,None
S000161,T000161,D014,A004,2025-02-06,2025-02-08,2025-02-08,14,None
S000162,T000162,D025,A005,2026-03-04,2026-03-07,2026-03-07,7,None
S000163,T000163,D020,A005,2025-11-06,2025-11-09,2025-11-09,11,None
S000164,T000164,D022,A005,2025-08-04,2025-08-05,2025-08-05,15,None
S000165,T000165,D002,A001,2025-10-18,2025-10-21,2025-10-21,7,None
S000166,T000166,D035,A010,2024-09-08,2024-09-11,2024-09-11,27,None
S000167,T000167,D017,A004,2025-06-27,2025-06-30,2025-07-01,14,None
S000168,T000168,D008,A002,2024-01-22,2024-01-23,2024-01-23,14,None
S000169,T000169,D003,A001,2024-07-26,2024-07-27,2024-07-29,8,None
S000170,T000170,D023,A005,2026-07-20,2026-07-23,2026-07-24,11,None
S000171,T000171,D026,A006,2024-10-23,2024-10-24,2024-10-29,46,None
S000172,T000172,D002,A001,2025-03-01,2025-03-04,2025-03-05,10,None
S000173,T000173,D024,A005,2025-04-25,2025-04-27,2025-04-27,18,None
S000174,T000174,D009,A002,2026-07-20,2026-07-21,2026-07-22,16,Stock Delay
S000175,T000175,D022,A005,2025-05-03,2025-05-04,2025-05-04,17,None
S000176,T000176,D009,A002,2025-04-03,2025-04-04,2025-04-08,33,None
S000177,T000177,D028,A007,2024-03-28,2024-03-30,2024-03-30,16,None
S000178,T000178,D016,A004,2026-07-27,2026-07-28,2026-07-30,16,Minor Transport Delay
S000179,T000179,D040,A013,2024-10-26,2024-10-27,2024-10-27,27,None
S000180,T000180,D005,A001,2025-03-03,2025-03-05,2025-03-06,7,None
S000181,T000181,D013,A004,2025-05-16,2025-05-17,2025-05-17,7,None
S000182,T000182,D004,A001,2025-03-19,2025-03-20,2025-03-20,16,None
S000183,T000183,D038,A013,2024-12-06,2024-12-07,2024-12-07,31,None
S000184,T000184,D036,A011,2024-11-05,2024-11-06,2024-11-08,24,None
S000185,T000185,D012,A003,2025-12-14,2025-12-16,2025-12-19,68,Parts Damage
S000186,T000186,D026,A006,2025-02-20,2025-02-22,2025-02-23,58,Warehouse Delay
S000187,T000187,D031,A009,2025-05-15,2025-05-17,2025-05-17,26,Transport Delay
S000188,T000188,D025,A005,2025-11-13,2025-11-15,2025-11-16,18,None
S000189,T000189,D020,A005,2026-04-05,2026-04-06,2026-04-06,6,None
S000190,T000190,D012,A003,2026-03-08,2026-03-09,2026-03-09,36,Warehouse Delay
S000191,T000191,D007,A001,2026-07-19,2026-07-20,2026-07-20,14,Minor Transport Delay
S000192,T000192,D036,A011,2026-03-15,2026-03-16,2026-03-17,13,None
S000193,T000193,D037,A012,2024-07-09,2024-07-12,2024-07-16,12,None
S000194,T000194,D020,A005,2024-08-03,2024-08-06,2024-08-06,9,None
S000195,T000195,D016,A004,2026-04-17,2026-04-20,2026-04-22,13,None
S000196,T000196,D015,A004,2026-01-19,2026-01-22,2026-01-23,4,None
S000197,T000197,D027,A007,2024-03-22,2024-03-23,2024-03-23,29,None
S000198,T000198,D036,A011,2025-12-20,2025-12-21,2025-12-21,22,Stock Delay
S000199,T000199,D036,A011,2025-02-08,2025-02-11,2025-02-11,25,None
S000200,T000200,D031,A009,2025-03-12,2025-03-14,2025-03-15,28,None
S000201,T000201,D024,A005,2024-09-14,2024-09-15,2024-09-15,5,None
S000202,T000202,D006,A001,2024-03-02,2024-03-04,2024-03-04,16,None
S000203,T000203,D001,A001,2026-02-01,2026-02-02,2026-02-02,16,None
S000204,T000204,D037,A012,2025-08-05,2025-08-08,2025-08-10,26,None
S000205,T000205,D022,A005,2025-01-14,2025-01-16,2025-01-16,9,None
S000206,T000206,D002,A001,2024-08-21,2024-08-22,2024-08-22,9,None
S000207,T000207,D004,A001,2024-11-28,2024-11-30,2024-11-30,18,None
S000208,T000208,D026,A006,2026-01-25,2026-01-27,2026-01-30,37,Parts Damage
S000209,T000209,D003,A001,2025-01-25,2025-01-28,2025-01-28,9,None
S000210,T000210,D007,A001,2025-11-08,2025-11-09,2025-11-09,6,None
S000211,T000211,D022,A005,2025-04-28,2025-04-30,2025-04-30,4,None
S000212,T000212,D028,A007,2026-04-29,2026-05-02,2026-05-02,18,None
S000213,T000213,D022,A005,2025-03-19,2025-03-20,2025-03-20,14,None
S000214,T000214,D008,A002,2024-11-27,2024-11-29,2024-11-30,16,None
S000215,T000215,D027,A007,2025-03-02,2025-03-03,2025-03-07,32,None
S000216,T000216,D010,A002,2025-12-01,2025-12-03,2025-12-04,31,None
S000217,T000217,D015,A004,2026-01-12,2026-01-15,2026-01-16,9,None
S000218,T000218,D029,A008,2024-01-19,2024-01-21,2024-01-21,18,Transport Delay
S000219,T000219,D020,A005,2026-07-20,2026-07-22,2026-07-22,18,Minor Transport Delay
S000220,T000220,D035,A010,2025-07-22,2025-07-25,2025-07-26,34,None
S000221,T000221,D026,A006,2026-03-11,2026-03-14,2026-03-22,50,Warehouse Delay
S000222,T000222,D020,A005,2026-04-12,2026-04-13,2026-04-13,11,None
S000223,T000223,D005,A001,2026-06-20,2026-06-22,2026-06-22,13,None
S000224,T000224,D016,A004,2025-04-18,2025-04-21,2025-04-21,11,None
S000225,T000225,D012,A003,2025-12-29,2025-12-31,2026-01-05,39,Transport Routing Delay
S000226,T000226,D012,A003,2024-12-01,2024-12-04,2024-12-07,45,Warehouse Delay
S000227,T000227,D041,A013,2024-11-17,2024-11-20,2024-11-20,32,None
S000228,T000228,D017,A004,2025-09-11,2025-09-13,2025-09-13,15,None
S000229,T000229,D036,A011,2024-09-11,2024-09-13,2024-09-13,12,None
S000230,T000230,D020,A005,2024-10-30,2024-10-31,2024-10-31,16,None
S000231,T000231,D033,A009,2026-03-05,2026-03-06,2026-03-06,24,None
S000232,T000232,D022,A005,2026-02-15,2026-02-16,2026-02-17,11,None
S000233,T000233,D023,A005,2025-04-09,2025-04-10,2025-04-10,9,Minor Transport Delay
S000234,T000234,D013,A004,2026-06-07,2026-06-10,2026-06-10,6,None
S000235,T000235,D011,A002,2025-07-17,2025-07-20,2025-07-20,22,None
S000236,T000236,D027,A007,2025-10-21,2025-10-23,2025-10-24,30,None
S000237,T000237,D012,A003,2026-01-10,2026-01-13,2026-01-14,40,None
S000238,T000238,D002,A001,2024-04-14,2024-04-15,2024-04-16,7,None
S000239,T000239,D021,A005,2024-12-12,2024-12-14,2024-12-14,5,None
S000240,T000240,D008,A002,2025-06-21,2025-06-24,2025-06-25,34,None
S000241,T000241,D038,A013,2026-04-13,2026-04-15,2026-04-15,36,Transport Delay
S000242,T000242,D039,A013,2024-09-02,2024-09-05,2024-09-06,12,None
S000243,T000243,D037,A012,2025-05-05,2025-05-06,2025-05-06,19,Transport Delay
S000244,T000244,D014,A004,2025-05-27,2025-05-29,2025-05-29,14,None
S000245,T000245,D005,A001,2026-02-22,2026-02-24,2026-02-24,15,None
S000246,T000246,D038,A013,2024-02-11,2024-02-14,2024-02-14,19,None
S000247,T000247,D015,A004,2025-12-19,2025-12-22,2025-12-23,12,None
S000248,T000248,D041,A013,2024-08-05,2024-08-08,2024-08-08,32,None
S000249,T000249,D040,A013,2025-07-23,2025-07-26,2025-07-26,18,Stock Delay
S000250,T000250,D035,A010,2024-07-19,2024-07-21,2024-07-21,32,None
S000251,T000251,D016,A004,2025-09-09,2025-09-12,2025-09-12,10,None
S000252,T000252,D013,A004,2025-01-31,2025-02-01,2025-02-01,17,None
S000253,T000253,D035,A010,2026-05-02,2026-05-05,2026-05-05,30,Stock Delay
S000254,T000254,D016,A004,2024-02-25,2024-02-28,2024-02-28,18,None
S000255,T000255,D009,A002,2025-06-07,2025-06-09,2025-06-09,17,Stock Delay
S000256,T000256,D022,A005,2026-08-27,2026-08-29,2026-08-29,11,Minor Transport Delay
S000257,T000257,D039,A013,2026-07-31,2026-08-02,2026-08-03,21,Stock Delay
S000258,T000258,D027,A007,2024-03-20,2024-03-21,2024-03-23,12,None
S000259,T000259,D019,A005,2026-08-27,2026-08-28,2026-08-28,10,None
S000260,T000260,D001,A001,2024-02-24,2024-02-25,2024-02-25,10,None
S000261,T000261,D019,A005,2024-10-13,2024-10-16,2024-10-16,16,None
S000262,T000262,D040,A013,2024-05-25,2024-05-27,2024-05-29,18,None
S000263,T000263,D006,A001,2025-11-29,2025-11-30,2025-12-01,18,None
S000264,T000264,D019,A005,2024-03-29,2024-03-30,2024-03-30,18,None
S000265,T000265,D036,A011,2024-10-03,2024-10-06,2024-10-07,14,None
S000266,T000266,D029,A008,2024-03-07,2024-03-10,2024-03-10,13,None
S000267,T000267,D028,A007,2025-02-26,2025-02-27,2025-02-28,13,None
S000268,T000268,D028,A007,2025-12-27,2025-12-30,2025-12-30,20,None
S000269,T000269,D014,A004,2024-08-28,2024-08-30,2024-08-31,14,None
S000270,T000270,D016,A004,2025-07-26,2025-07-28,2025-07-28,15,None
S000271,T000271,D032,A009,2025-01-07,2025-01-10,2025-01-10,27,None
S000272,T000272,D032,A009,2026-01-13,2026-01-16,2026-01-16,35,None
S000273,T000273,D036,A011,2025-08-17,2025-08-19,2025-08-19,23,Stock Delay
S000274,T000274,D037,A012,2025-11-22,2025-11-24,2025-11-24,25,None
S000275,T000275,D020,A005,2024-12-06,2024-12-08,2024-12-08,11,None
S000276,T000276,D024,A005,2024-06-17,2024-06-18,2024-06-18,18,None
S000277,T000277,D031,A009,2025-09-05,2025-09-08,2025-09-09,35,None
S000278,T000278,D023,A005,2024-05-22,2024-05-23,2024-05-24,10,None
S000279,T000279,D027,A007,2025-05-28,2025-05-29,2025-05-30,30,None
S000280,T000280,D031,A009,2026-01-27,2026-01-30,2026-01-31,22,None
S000281,T000281,D036,A011,2025-07-15,2025-07-17,2025-07-18,24,None
S000282,T000282,D018,A004,2025-02-21,2025-02-22,2025-02-22,14,None
S000283,T000283,D018,A004,2026-07-05,2026-07-06,2026-07-06,18,None
S000284,T000284,D007,A001,2024-04-20,2024-04-21,2024-04-22,15,Minor Transport Delay
S000285,T000285,D025,A005,2025-02-19,2025-02-20,2025-02-20,5,Minor Transport Delay
S000286,T000286,D001,A001,2024-01-17,2024-01-19,2024-01-19,6,None
S000287,T000287,D013,A004,2024-03-09,2024-03-11,2024-03-13,10,Minor Transport Delay
S000288,T000288,D022,A005,2024-01-11,2024-01-14,2024-01-14,10,None
S000289,T000289,D016,A004,2025-09-26,2025-09-28,2025-09-28,13,None
S000290,T000290,D019,A005,2025-05-26,2025-05-28,2025-05-28,15,None
S000291,T000291,D004,A001,2026-02-09,2026-02-10,2026-02-10,13,None
S000292,T000292,D006,A001,2025-05-17,2025-05-19,2025-05-19,11,None
S000293,T000293,D033,A009,2024-09-15,2024-09-16,2024-09-16,35,Stock Delay
S000294,T000294,D013,A004,2025-04-10,2025-04-13,2025-04-13,13,Minor Transport Delay
S000295,T000295,D003,A001,2024-11-13,2024-11-16,2024-11-17,7,None
S000296,T000296,D019,A005,2025-12-01,2025-12-04,2025-12-05,16,None
S000297,T000297,D033,A009,2024-03-11,2024-03-12,2024-03-12,34,None
S000298,T000298,D008,A002,2024-09-16,2024-09-17,2024-09-18,27,None
S000299,T000299,D021,A005,2026-05-24,2026-05-25,2026-05-25,9,None
S000300,T000300,D002,A001,2026-05-07,2026-05-08,2026-05-08,7,None
S000301,T000301,D006,A001,2026-04-06,2026-04-07,2026-04-07,4,None
S000302,T000302,D021,A005,2026-06-05,2026-06-08,2026-06-09,7,None
S000303,T000303,D024,A005,2026-08-28,2026-08-29,2026-08-29,6,None
S000304,T000304,D023,A005,2024-01-25,2024-01-27,2024-01-27,15,None
S000305,T000305,D028,A007,2025-10-12,2025-10-13,2025-10-13,13,None
S000306,T000306,D041,A013,2024-03-09,2024-03-10,2024-03-10,33,None
S000307,T000307,D023,A005,2026-07-30,2026-07-31,2026-07-31,6,None
S000308,T000308,D018,A004,2024-07-20,2024-07-23,2024-07-25,9,None
S000309,T000309,D030,A009,2026-03-19,2026-03-20,2026-03-21,15,None
S000310,T000310,D012,A003,2024-05-30,2024-05-31,2024-06-05,61,Dealer Stockout
S000311,T000311,D017,A004,2026-03-18,2026-03-19,2026-03-19,8,None
S000312,T000312,D003,A001,2026-06-20,2026-06-21,2026-06-21,7,None
S000313,T000313,D002,A001,2024-07-12,2024-07-14,2024-07-14,7,None
S000314,T000314,D038,A013,2024-05-29,2024-05-30,2024-06-01,16,Stock Delay
S000315,T000315,D035,A010,2025-06-09,2025-06-12,2025-06-12,32,Stock Delay
S000316,T000316,D028,A007,2026-08-18,2026-08-20,2026-08-20,36,None
S000317,T000317,D015,A004,2026-03-10,2026-03-11,2026-03-11,15,Minor Transport Delay
S000318,T000318,D011,A002,2025-09-12,2025-09-13,2025-09-14,16,None
S000319,T000319,D005,A001,2026-06-29,2026-07-02,2026-07-03,14,None
S000320,T000320,D012,A003,2025-05-24,2025-05-25,2025-05-28,37,Transport Routing Delay
S000321,T000321,D019,A005,2025-12-22,2025-12-23,2025-12-23,4,None
S000322,T000322,D028,A007,2025-04-20,2025-04-22,2025-04-22,29,None
S000323,T000323,D026,A006,2026-05-25,2026-05-28,2026-05-31,84,Parts Damage
S000324,T000324,D012,A003,2025-04-25,2025-04-26,2025-05-01,57,Transport Routing Delay
S000325,T000325,D038,A013,2024-09-14,2024-09-16,2024-09-18,21,None
S000326,T000326,D029,A008,2026-08-07,2026-08-09,2026-08-11,30,None
S000327,T000327,D020,A005,2026-04-25,2026-04-28,2026-04-28,8,None
S000328,T000328,D024,A005,2025-11-05,2025-11-08,2025-11-09,6,None
S000329,T000329,D015,A004,2024-07-13,2024-07-16,2024-07-16,12,None
S000330,T000330,D012,A003,2025-08-18,2025-08-19,2025-08-20,82,Parts Damage
S000331,T000331,D014,A004,2024-07-29,2024-08-01,2024-08-02,6,None
S000332,T000332,D029,A008,2025-01-18,2025-01-20,2025-01-20,20,Transport Delay
S000333,T000333,D005,A001,2024-12-15,2024-12-17,2024-12-17,8,None
S000334,T000334,D007,A001,2025-07-17,2025-07-18,2025-07-18,16,Minor Transport Delay
S000335,T000335,D004,A001,2025-04-10,2025-04-13,2025-04-13,8,None
S000336,T000336,D002,A001,2024-09-29,2024-10-01,2024-10-01,11,None
S000337,T000337,D035,A010,2025-01-31,2025-02-01,2025-02-01,15,None
S000338,T000338,D027,A007,2024-02-12,2024-02-13,2024-02-13,29,None
S000339,T000339,D013,A004,2026-08-05,2026-08-08,2026-08-08,4,None
S000340,T000340,D001,A001,2024-01-11,2024-01-13,2024-01-15,15,None
S000341,T000341,D014,A004,2024-08-24,2024-08-27,2024-08-27,16,None
S000342,T000342,D015,A004,2026-05-10,2026-05-11,2026-05-11,13,None
S000343,T000343,D009,A002,2026-04-05,2026-04-07,2026-04-07,31,None
S000344,T000344,D013,A004,2025-08-07,2025-08-10,2025-08-12,8,None
S000345,T000345,D013,A004,2024-09-09,2024-09-11,2024-09-11,11,None
S000346,T000346,D020,A005,2026-07-28,2026-07-30,2026-07-30,7,None
S000347,T000347,D023,A005,2026-05-31,2026-06-02,2026-06-02,7,None
S000348,T000348,D004,A001,2025-12-30,2026-01-01,2026-01-01,18,None
S000349,T000349,D016,A004,2024-01-24,2024-01-26,2024-01-26,14,None
S000350,T000350,D023,A005,2024-12-16,2024-12-17,2024-12-17,13,None
S000351,T000351,D023,A005,2024-07-29,2024-07-30,2024-07-30,13,None
S000352,T000352,D035,A010,2024-06-21,2024-06-23,2024-06-23,22,None
S000353,T000353,D026,A006,2026-01-02,2026-01-03,2026-01-06,92,Transport Routing Delay
S000354,T000354,D009,A002,2025-10-22,2025-10-23,2025-10-23,12,None
S000355,T000355,D003,A001,2025-01-25,2025-01-27,2025-01-27,11,None
S000356,T000356,D022,A005,2024-09-18,2024-09-19,2024-09-19,18,Minor Transport Delay
S000357,T000357,D002,A001,2024-06-21,2024-06-24,2024-06-24,13,None
S000358,T000358,D025,A005,2024-02-07,2024-02-09,2024-02-09,7,None
S000359,T000359,D039,A013,2024-04-04,2024-04-07,2024-04-08,20,None
S000360,T000360,D021,A005,2025-04-08,2025-04-10,2025-04-10,10,None
S000361,T000361,D014,A004,2024-08-22,2024-08-24,2024-08-24,5,None
S000362,T000362,D023,A005,2024-02-23,2024-02-26,2024-02-26,17,Minor Transport Delay
S000363,T000363,D014,A004,2024-10-22,2024-10-24,2024-10-25,18,None
S000364,T000364,D025,A005,2024-07-19,2024-07-22,2024-07-22,16,None
S000365,T000365,D039,A013,2025-06-30,2025-07-02,2025-07-03,23,None
S000366,T000366,D017,A004,2026-08-12,2026-08-13,2026-08-13,9,None
S000367,T000367,D040,A013,2025-06-09,2025-06-10,2025-06-11,13,None
S000368,T000368,D037,A012,2025-04-25,2025-04-26,2025-04-26,31,Stock Delay
S000369,T000369,D010,A002,2025-04-18,2025-04-20,2025-04-20,15,None
S000370,T000370,D006,A001,2025-09-12,2025-09-13,2025-09-13,10,None
S000371,T000371,D004,A001,2025-06-25,2025-06-27,2025-06-27,10,None
S000372,T000372,D004,A001,2026-06-29,2026-07-01,2026-07-03,12,None
S000373,T000373,D005,A001,2026-01-05,2026-01-08,2026-01-08,8,None
S000374,T000374,D026,A006,2025-05-30,2025-06-01,2025-06-02,38,Dealer Stockout
S000375,T000375,D003,A001,2026-05-12,2026-05-13,2026-05-13,10,None
S000376,T000376,D015,A004,2024-01-25,2024-01-27,2024-01-27,4,None
S000377,T000377,D034,A010,2025-04-05,2025-04-08,2025-04-09,35,None
S000378,T000378,D003,A001,2025-02-09,2025-02-10,2025-02-10,7,None
S000379,T000379,D033,A009,2025-02-12,2025-02-15,2025-02-15,18,None
S000380,T000380,D012,A003,2024-09-08,2024-09-11,2024-09-19,54,Transport Routing Delay
S000381,T000381,D004,A001,2026-07-20,2026-07-23,2026-07-24,5,None
S000382,T000382,D028,A007,2024-02-11,2024-02-13,2024-02-13,22,None
S000383,T000383,D023,A005,2024-06-18,2024-06-19,2024-06-19,15,None
S000384,T000384,D036,A011,2025-06-05,2025-06-08,2025-06-09,12,None
S000385,T000385,D028,A007,2024-12-21,2024-12-23,2024-12-23,13,Stock Delay
S000386,T000386,D030,A009,2026-06-23,2026-06-25,2026-06-25,28,None
S000387,T000387,D017,A004,2026-01-16,2026-01-19,2026-01-19,6,Minor Transport Delay
S000388,T000388,D010,A002,2025-11-07,2025-11-09,2025-11-10,32,None
S000389,T000389,D029,A008,2024-04-05,2024-04-07,2024-04-07,19,None
S000390,T000390,D030,A009,2024-05-16,2024-05-18,2024-05-19,25,Stock Delay
S000391,T000391,D039,A013,2025-03-13,2025-03-16,2025-03-16,18,None
S000392,T000392,D014,A004,2026-05-29,2026-05-31,2026-05-31,16,None
S000393,T000393,D014,A004,2026-08-05,2026-08-07,2026-08-07,14,None
S000394,T000394,D032,A009,2025-09-23,2025-09-25,2025-09-27,20,None
S000395,T000395,D018,A004,2024-12-04,2024-12-07,2024-12-07,6,None
S000396,T000396,D040,A013,2026-04-05,2026-04-06,2026-04-06,12,None
S000397,T000397,D035,A010,2026-08-20,2026-08-22,2026-08-22,35,Transport Delay
S000398,T000398,D017,A004,2024-11-03,2024-11-05,2024-11-05,6,None
S000399,T000399,D029,A008,2026-06-20,2026-06-22,2026-06-24,15,None
S000400,T000400,D029,A008,2025-02-26,2025-02-28,2025-02-28,22,None
S000401,T000401,D002,A001,2025-09-30,2025-10-03,2025-10-03,9,Minor Transport Delay
S000402,T000402,D037,A012,2025-02-19,2025-02-21,2025-02-21,27,Transport Delay
S000403,T000403,D021,A005,2024-05-01,2024-05-02,2024-05-02,11,Minor Transport Delay
S000404,T000404,D034,A010,2025-02-19,2025-02-20,2025-02-20,31,Stock Delay
S000405,T000405,D014,A004,2025-09-04,2025-09-07,2025-09-07,5,None
S000406,T000406,D036,A011,2024-06-02,2024-06-04,2024-06-04,14,Transport Delay
S000407,T000407,D018,A004,2025-10-25,2025-10-26,2025-10-26,6,None
S000408,T000408,D007,A001,2025-01-10,2025-01-13,2025-01-14,15,None
S000409,T000409,D037,A012,2024-02-11,2024-02-13,2024-02-13,13,Transport Delay
S000410,T000410,D001,A001,2025-09-21,2025-09-22,2025-09-22,18,None
S000411,T000411,D013,A004,2024-09-30,2024-10-02,2024-10-02,12,None
S000412,T000412,D040,A013,2024-05-21,2024-05-23,2024-05-24,20,None
S000413,T000413,D038,A013,2025-05-23,2025-05-24,2025-05-25,13,None
S000414,T000414,D024,A005,2024-06-15,2024-06-17,2024-06-18,9,Minor Transport Delay
S000415,T000415,D021,A005,2025-10-31,2025-11-02,2025-11-02,18,None
S000416,T000416,D015,A004,2025-11-13,2025-11-14,2025-11-14,6,None
S000417,T000417,D013,A004,2024-03-01,2024-03-02,2024-03-02,11,None
S000418,T000418,D013,A004,2024-10-16,2024-10-18,2024-10-18,13,None
S000419,T000419,D026,A006,2025-02-23,2025-02-26,2025-03-03,78,Transport Routing Delay
S000420,T000420,D029,A008,2026-08-17,2026-08-18,2026-08-20,32,None
S000421,T000421,D033,A009,2024-07-15,2024-07-16,2024-07-16,20,None
S000422,T000422,D033,A009,2025-04-19,2025-04-21,2025-04-22,22,None
S000423,T000423,D003,A001,2026-02-02,2026-02-04,2026-02-04,18,None
S000424,T000424,D018,A004,2024-07-07,2024-07-08,2024-07-10,10,None
S000425,T000425,D003,A001,2024-05-31,2024-06-01,2024-06-01,13,None
S000426,T000426,D020,A005,2026-01-08,2026-01-10,2026-01-10,4,None
S000427,T000427,D015,A004,2026-03-30,2026-04-01,2026-04-01,5,None
S000428,T000428,D036,A011,2024-08-04,2024-08-06,2024-08-07,35,None
S000429,T000429,D017,A004,2025-02-04,2025-02-07,2025-02-09,13,Minor Transport Delay
S000430,T000430,D004,A001,2026-02-27,2026-02-28,2026-02-28,15,None
S000431,T000431,D005,A001,2026-02-12,2026-02-13,2026-02-13,4,None
S000432,T000432,D029,A008,2025-04-30,2025-05-02,2025-05-04,31,None
S000433,T000433,D021,A005,2026-05-04,2026-05-05,2026-05-05,8,None
S000434,T000434,D001,A001,2026-04-16,2026-04-19,2026-04-20,8,None
S000435,T000435,D005,A001,2024-08-22,2024-08-23,2024-08-25,11,None
S000436,T000436,D028,A007,2024-02-18,2024-02-20,2024-02-21,29,Transport Delay
S000437,T000437,D005,A001,2026-06-08,2026-06-11,2026-06-11,16,None
S000438,T000438,D033,A009,2025-08-17,2025-08-20,2025-08-21,21,Stock Delay
S000439,T000439,D027,A007,2026-08-05,2026-08-08,2026-08-09,17,None
S000440,T000440,D001,A001,2025-12-02,2025-12-03,2025-12-03,7,Minor Transport Delay
S000441,T000441,D001,A001,2024-05-12,2024-05-15,2024-05-15,6,None
S000442,T000442,D040,A013,2025-03-01,2025-03-03,2025-03-03,17,None
S000443,T000443,D015,A004,2024-11-12,2024-11-15,2024-11-15,5,None
S000444,T000444,D013,A004,2026-05-23,2026-05-24,2026-05-26,5,None
S000445,T000445,D032,A009,2024-07-02,2024-07-04,2024-07-04,28,Stock Delay
S000446,T000446,D041,A013,2025-06-07,2025-06-09,2025-06-10,20,Stock Delay
S000447,T000447,D038,A013,2024-12-27,2024-12-29,2024-12-31,29,Transport Delay
S000448,T000448,D029,A008,2026-07-21,2026-07-24,2026-07-26,36,None
S000449,T000449,D014,A004,2024-05-29,2024-05-30,2024-05-30,15,None
S000450,T000450,D007,A001,2025-10-08,2025-10-09,2025-10-09,10,None
S000451,T000451,D030,A009,2026-04-06,2026-04-08,2026-04-08,18,None
S000452,T000452,D025,A005,2025-08-23,2025-08-26,2025-08-26,15,None
S000453,T000453,D016,A004,2025-07-24,2025-07-26,2025-07-26,14,None
S000454,T000454,D037,A012,2024-02-07,2024-02-08,2024-02-08,23,None
S000455,T000455,D003,A001,2025-10-26,2025-10-28,2025-10-28,4,Minor Transport Delay
S000456,T000456,D016,A004,2024-03-28,2024-03-29,2024-03-29,12,None
S000457,T000457,D002,A001,2025-04-29,2025-05-02,2025-05-04,15,None
S000458,T000458,D017,A004,2026-04-10,2026-04-13,2026-04-13,8,None
S000459,T000459,D003,A001,2024-02-09,2024-02-10,2024-02-10,8,None
S000460,T000460,D006,A001,2024-09-21,2024-09-23,2024-09-25,8,None
S000461,T000461,D001,A001,2025-06-27,2025-06-28,2025-06-28,15,None
S000462,T000462,D019,A005,2024-10-18,2024-10-19,2024-10-19,17,None
S000463,T000463,D029,A008,2025-01-06,2025-01-07,2025-01-11,36,None
S000464,T000464,D019,A005,2024-07-06,2024-07-07,2024-07-07,5,None
S000465,T000465,D040,A013,2026-05-11,2026-05-14,2026-05-15,14,Stock Delay
S000466,T000466,D017,A004,2026-06-10,2026-06-13,2026-06-13,12,None
S000467,T000467,D016,A004,2026-02-09,2026-02-10,2026-02-10,18,None
S000468,T000468,D036,A011,2024-10-02,2024-10-03,2024-10-03,15,Transport Delay
S000469,T000469,D008,A002,2024-04-19,2024-04-21,2024-04-21,23,None
S000470,T000470,D040,A013,2024-06-11,2024-06-14,2024-06-16,19,None
S000471,T000471,D002,A001,2025-10-26,2025-10-29,2025-10-29,5,None
S000472,T000472,D041,A013,2024-08-11,2024-08-14,2024-08-14,35,Transport Delay
S000473,T000473,D006,A001,2025-06-05,2025-06-07,2025-06-07,12,None
S000474,T000474,D036,A011,2025-05-19,2025-05-20,2025-05-20,18,None
S000475,T000475,D020,A005,2026-04-24,2026-04-26,2026-04-26,10,Minor Transport Delay
S000476,T000476,D040,A013,2024-10-02,2024-10-05,2024-10-07,15,None
S000477,T000477,D006,A001,2025-09-11,2025-09-12,2025-09-14,10,None
S000478,T000478,D021,A005,2025-12-08,2025-12-11,2025-12-11,14,None
S000479,T000479,D039,A013,2024-05-15,2024-05-16,2024-05-16,19,None
S000480,T000480,D019,A005,2025-12-01,2025-12-02,2025-12-04,8,Minor Transport Delay
S000481,T000481,D019,A005,2025-10-29,2025-11-01,2025-11-01,15,None
S000482,T000482,D028,A007,2024-07-30,2024-07-31,2024-07-31,32,Stock Delay
S000483,T000483,D015,A004,2024-11-28,2024-11-30,2024-11-30,14,None
S000484,T000484,D020,A005,2026-05-28,2026-05-29,2026-05-29,9,None
S000485,T000485,D025,A005,2026-08-27,2026-08-28,2026-08-28,8,None
S000486,T000486,D037,A012,2025-03-19,2025-03-20,2025-03-20,13,None
S000487,T000487,D003,A001,2024-07-27,2024-07-28,2024-07-29,6,None
S000488,T000488,D012,A003,2026-02-26,2026-02-28,2026-03-05,69,Dealer Stockout
S000489,T000489,D040,A013,2024-11-06,2024-11-07,2024-11-07,34,Stock Delay
S000490,T000490,D036,A011,2025-02-03,2025-02-04,2025-02-04,26,Transport Delay
S000491,T000491,D014,A004,2025-10-22,2025-10-24,2025-10-24,12,None
S000492,T000492,D020,A005,2024-04-22,2024-04-25,2024-04-25,8,None
S000493,T000493,D012,A003,2026-02-03,2026-02-04,2026-02-04,92,Dealer Stockout
S000494,T000494,D010,A002,2024-09-15,2024-09-16,2024-09-17,33,Transport Delay
S000495,T000495,D017,A004,2025-08-11,2025-08-14,2025-08-15,14,None
S000496,T000496,D013,A004,2024-06-01,2024-06-03,2024-06-03,16,None
S000497,T000497,D021,A005,2024-01-02,2024-01-03,2024-01-03,15,None
S000498,T000498,D004,A001,2024-09-14,2024-09-16,2024-09-16,14,None
S000499,T000499,D040,A013,2024-04-08,2024-04-10,2024-04-11,19,None
S000500,T000500,D040,A013,2024-12-31,2025-01-01,2025-01-02,27,None
S000501,T000501,D027,A007,2025-12-07,2025-12-08,2025-12-09,16,None
S000502,T000502,D019,A005,2024-07-28,2024-07-30,2024-07-30,15,None
S000503,T000503,D017,A004,2025-03-27,2025-03-28,2025-03-28,7,None
S000504,T000504,D030,A009,2024-09-19,2024-09-22,2024-09-22,20,None
S000505,T000505,D028,A007,2026-07-03,2026-07-04,2026-07-04,19,None
S000506,T000506,D010,A002,2026-03-21,2026-03-24,2026-03-25,36,None
S000507,T000507,D037,A012,2025-07-08,2025-07-11,2025-07-12,35,None
S000508,T000508,D033,A009,2026-04-16,2026-04-18,2026-04-20,15,None
S000509,T000509,D039,A013,2026-08-05,2026-08-07,2026-08-07,34,None
S000510,T000510,D028,A007,2025-07-23,2025-07-24,2025-07-24,15,Transport Delay
S000511,T000511,D019,A005,2025-11-14,2025-11-15,2025-11-15,6,None
S000512,T000512,D018,A004,2024-07-02,2024-07-03,2024-07-03,8,None
S000513,T000513,D041,A013,2024-08-19,2024-08-20,2024-08-20,35,Transport Delay
S000514,T000514,D035,A010,2025-10-04,2025-10-06,2025-10-08,25,None
S000515,T000515,D007,A001,2026-07-11,2026-07-13,2026-07-13,6,None
S000516,T000516,D002,A001,2025-12-01,2025-12-03,2025-12-03,16,None
S000517,T000517,D014,A004,2025-03-01,2025-03-03,2025-03-03,17,None
S000518,T000518,D032,A009,2026-06-26,2026-06-27,2026-06-29,31,None
S000519,T000519,D039,A013,2025-04-04,2025-04-05,2025-04-06,26,None
S000520,T000520,D005,A001,2024-08-07,2024-08-10,2024-08-10,17,None
S000521,T000521,D021,A005,2025-01-19,2025-01-22,2025-01-22,5,None
S000522,T000522,D018,A004,2024-05-09,2024-05-10,2024-05-10,15,None
S000523,T000523,D038,A013,2025-07-27,2025-07-29,2025-07-31,30,None
S000524,T000524,D034,A010,2024-02-24,2024-02-25,2024-02-26,19,Stock Delay
S000525,T000525,D034,A010,2025-06-04,2025-06-07,2025-06-08,14,None
S000526,T000526,D013,A004,2024-12-13,2024-12-16,2024-12-16,8,None
S000527,T000527,D014,A004,2024-02-15,2024-02-17,2024-02-18,7,None
S000528,T000528,D012,A003,2025-12-16,2025-12-17,2025-12-20,75,Transport Routing Delay
S000529,T000529,D006,A001,2025-10-11,2025-10-12,2025-10-12,9,None
S000530,T000530,D035,A010,2026-05-17,2026-05-18,2026-05-18,12,Stock Delay
S000531,T000531,D030,A009,2026-06-02,2026-06-05,2026-06-05,22,None
S000532,T000532,D038,A013,2024-03-25,2024-03-26,2024-03-26,15,None
S000533,T000533,D040,A013,2024-02-28,2024-03-02,2024-03-03,31,None
S000534,T000534,D021,A005,2024-11-16,2024-11-19,2024-11-19,18,None
S000535,T000535,D032,A009,2024-09-24,2024-09-25,2024-09-26,16,None
S000536,T000536,D041,A013,2024-10-21,2024-10-24,2024-10-26,14,None
S000537,T000537,D035,A010,2025-05-28,2025-05-29,2025-05-29,27,None
S000538,T000538,D012,A003,2024-01-27,2024-01-30,2024-01-30,78,Dealer Stockout
S000539,T000539,D016,A004,2024-12-19,2024-12-21,2024-12-21,15,None
S000540,T000540,D002,A001,2025-02-18,2025-02-21,2025-02-21,10,None
S000541,T000541,D039,A013,2024-11-25,2024-11-28,2024-11-28,21,Stock Delay
S000542,T000542,D023,A005,2025-01-19,2025-01-20,2025-01-20,4,None
S000543,T000543,D011,A002,2024-07-31,2024-08-02,2024-08-03,31,None
S000544,T000544,D026,A006,2026-03-16,2026-03-19,2026-03-24,96,None
S000545,T000545,D023,A005,2024-07-08,2024-07-09,2024-07-09,16,None
S000546,T000546,D016,A004,2024-09-15,2024-09-18,2024-09-18,12,None
S000547,T000547,D001,A001,2024-09-24,2024-09-27,2024-09-27,17,None
S000548,T000548,D026,A006,2025-05-25,2025-05-26,2025-05-29,60,Warehouse Delay
S000549,T000549,D023,A005,2025-10-25,2025-10-27,2025-10-27,6,None
S000550,T000550,D033,A009,2025-09-25,2025-09-27,2025-09-28,28,None
S000551,T000551,D024,A005,2026-01-18,2026-01-20,2026-01-20,4,None
S000552,T000552,D034,A010,2025-01-12,2025-01-15,2025-01-17,25,None
S000553,T000553,D025,A005,2024-09-14,2024-09-16,2024-09-17,17,None
S000554,T000554,D022,A005,2024-06-09,2024-06-11,2024-06-11,17,None
S000555,T000555,D036,A011,2026-03-18,2026-03-21,2026-03-22,22,None
S000556,T000556,D015,A004,2024-07-15,2024-07-18,2024-07-18,5,None
S000557,T000557,D004,A001,2026-03-22,2026-03-24,2026-03-24,17,None
S000558,T000558,D001,A001,2026-03-01,2026-03-04,2026-03-04,7,None
S000559,T000559,D029,A008,2026-04-30,2026-05-02,2026-05-03,16,None
S000560,T000560,D024,A005,2024-03-04,2024-03-07,2024-03-07,8,None
S000561,T000561,D028,A007,2024-09-01,2024-09-02,2024-09-02,36,Stock Delay
S000562,T000562,D010,A002,2025-08-24,2025-08-27,2025-08-27,35,None
S000563,T000563,D007,A001,2024-04-14,2024-04-15,2024-04-15,11,None
S000564,T000564,D007,A001,2024-05-06,2024-05-07,2024-05-07,7,None
S000565,T000565,D018,A004,2025-11-26,2025-11-28,2025-11-28,10,None
S000566,T000566,D019,A005,2026-06-22,2026-06-23,2026-06-23,5,None
S000567,T000567,D017,A004,2025-05-23,2025-05-25,2025-05-27,5,None
S000568,T000568,D016,A004,2026-03-08,2026-03-11,2026-03-12,18,None
S000569,T000569,D037,A012,2024-08-01,2024-08-02,2024-08-06,12,None
S000570,T000570,D016,A004,2024-04-24,2024-04-25,2024-04-26,12,Minor Transport Delay
S000571,T000571,D024,A005,2025-01-21,2025-01-23,2025-01-23,11,None
S000572,T000572,D030,A009,2026-01-12,2026-01-14,2026-01-16,31,None
S000573,T000573,D015,A004,2025-09-16,2025-09-18,2025-09-18,4,None
S000574,T000574,D019,A005,2026-04-07,2026-04-10,2026-04-10,13,None
S000575,T000575,D035,A010,2024-08-19,2024-08-21,2024-08-22,22,Stock Delay
S000576,T000576,D039,A013,2026-02-13,2026-02-14,2026-02-14,35,None
S000577,T000577,D005,A001,2025-09-08,2025-09-09,2025-09-09,11,None
S000578,T000578,D041,A013,2024-03-19,2024-03-21,2024-03-23,34,None
S000579,T000579,D015,A004,2024-05-13,2024-05-16,2024-05-16,15,None
S000580,T000580,D012,A003,2026-03-07,2026-03-09,2026-03-10,95,Transport Routing Delay
S000581,T000581,D018,A004,2024-02-17,2024-02-20,2024-02-20,15,None
S000582,T000582,D038,A013,2026-08-19,2026-08-20,2026-08-22,13,None
S000583,T000583,D015,A004,2025-02-03,2025-02-06,2025-02-06,17,None
S000584,T000584,D014,A004,2025-12-02,2025-12-03,2025-12-03,15,None
S000585,T000585,D025,A005,2024-08-11,2024-08-13,2024-08-13,17,None
S000586,T000586,D012,A003,2025-03-22,2025-03-23,2025-03-26,90,Transport Routing Delay
S000587,T000587,D005,A001,2025-10-21,2025-10-22,2025-10-22,12,None
S000588,T000588,D006,A001,2024-02-11,2024-02-12,2024-02-12,12,None
S000589,T000589,D004,A001,2026-03-09,2026-03-11,2026-03-11,11,None
S000590,T000590,D005,A001,2026-01-24,2026-01-27,2026-01-27,4,None
S000591,T000591,D003,A001,2025-09-21,2025-09-22,2025-09-22,14,None
S000592,T000592,D024,A005,2024-01-19,2024-01-20,2024-01-20,13,None
S000593,T000593,D010,A002,2024-10-19,2024-10-20,2024-10-22,34,Transport Delay
S000594,T000594,D017,A004,2026-04-06,2026-04-08,2026-04-08,15,None
S000595,T000595,D036,A011,2026-02-24,2026-02-27,2026-03-01,36,None
S000596,T000596,D017,A004,2025-10-19,2025-10-22,2025-10-22,14,None
S000597,T000597,D026,A006,2024-04-01,2024-04-04,2024-04-05,70,Warehouse Delay
S000598,T000598,D011,A002,2025-10-14,2025-10-15,2025-10-15,30,None
S000599,T000599,D010,A002,2025-08-06,2025-08-07,2025-08-11,18,None
S000600,T000600,D007,A001,2026-04-06,2026-04-07,2026-04-07,6,None
S000601,T000601,D011,A002,2025-07-31,2025-08-01,2025-08-01,34,None
S000602,T000602,D012,A003,2024-06-07,2024-06-10,2024-06-11,84,Transport Routing Delay
S000603,T000603,D008,A002,2025-10-19,2025-10-20,2025-10-21,21,None
S000604,T000604,D002,A001,2025-06-16,2025-06-17,2025-06-17,14,None
S000605,T000605,D006,A001,2024-09-06,2024-09-09,2024-09-09,18,None
S000606,T000606,D015,A004,2026-04-27,2026-04-29,2026-05-01,18,None
S000607,T000607,D011,A002,2024-12-15,2024-12-18,2024-12-20,16,None
S000608,T000608,D015,A004,2025-07-11,2025-07-12,2025-07-12,8,None
S000609,T000609,D022,A005,2025-08-09,2025-08-11,2025-08-11,5,Minor Transport Delay
S000610,T000610,D027,A007,2025-07-29,2025-07-31,2025-07-31,33,Stock Delay
S000611,T000611,D002,A001,2026-04-06,2026-04-08,2026-04-08,18,None
S000612,T000612,D031,A009,2026-03-06,2026-03-08,2026-03-09,19,None
S000613,T000613,D021,A005,2026-05-20,2026-05-22,2026-05-22,4,None
S000614,T000614,D002,A001,2025-05-04,2025-05-05,2025-05-05,14,None
S000615,T000615,D036,A011,2026-07-18,2026-07-20,2026-07-20,13,None
S000616,T000616,D037,A012,2025-05-30,2025-05-31,2025-05-31,18,Stock Delay
S000617,T000617,D007,A001,2026-04-23,2026-04-24,2026-04-24,5,None
S000618,T000618,D012,A003,2024-03-23,2024-03-26,2024-03-31,90,Warehouse Delay
S000619,T000619,D033,A009,2025-02-21,2025-02-22,2025-02-24,28,None
S000620,T000620,D029,A008,2025-10-19,2025-10-22,2025-10-22,35,None
S000621,T000621,D010,A002,2024-10-03,2024-10-05,2024-10-05,31,None
S000622,T000622,D008,A002,2026-01-01,2026-01-02,2026-01-03,36,Stock Delay
S000623,T000623,D014,A004,2025-09-02,2025-09-04,2025-09-04,16,None
S000624,T000624,D016,A004,2026-01-12,2026-01-14,2026-01-15,18,None
S000625,T000625,D023,A005,2025-12-17,2025-12-20,2025-12-20,16,None
S000626,T000626,D017,A004,2025-11-21,2025-11-23,2025-11-23,7,None
S000627,T000627,D014,A004,2024-04-01,2024-04-02,2024-04-04,9,None
S000628,T000628,D029,A008,2024-07-26,2024-07-28,2024-07-28,29,Transport Delay
S000629,T000629,D001,A001,2024-07-28,2024-07-29,2024-07-29,5,None
S000630,T000630,D012,A003,2024-04-25,2024-04-27,2024-04-28,68,None
S000631,T000631,D027,A007,2025-04-23,2025-04-26,2025-04-27,23,None
S000632,T000632,D036,A011,2025-04-03,2025-04-06,2025-04-07,21,None
S000633,T000633,D024,A005,2024-06-21,2024-06-24,2024-06-24,6,None
S000634,T000634,D023,A005,2024-02-14,2024-02-15,2024-02-15,8,Minor Transport Delay
S000635,T000635,D004,A001,2024-07-28,2024-07-30,2024-07-31,10,None
S000636,T000636,D014,A004,2026-07-15,2026-07-18,2026-07-18,14,None
S000637,T000637,D020,A005,2024-03-17,2024-03-18,2024-03-18,18,None
S000638,T000638,D012,A003,2024-04-14,2024-04-15,2024-04-16,95,None
S000639,T000639,D012,A003,2026-01-22,2026-01-24,2026-01-29,79,Transport Routing Delay
S000640,T000640,D016,A004,2026-06-06,2026-06-07,2026-06-08,12,None
S000641,T000641,D007,A001,2025-06-11,2025-06-14,2025-06-14,9,None
S000642,T000642,D014,A004,2025-08-09,2025-08-11,2025-08-13,4,None
S000643,T000643,D011,A002,2025-02-16,2025-02-17,2025-02-17,34,None
S000644,T000644,D016,A004,2024-08-29,2024-08-31,2024-08-31,16,None
S000645,T000645,D001,A001,2025-01-08,2025-01-09,2025-01-09,6,None
S000646,T000646,D036,A011,2024-07-03,2024-07-06,2024-07-06,33,None
S000647,T000647,D024,A005,2026-06-13,2026-06-15,2026-06-15,9,None
S000648,T000648,D026,A006,2025-12-04,2025-12-06,2025-12-09,82,Dealer Stockout
S000649,T000649,D031,A009,2024-03-15,2024-03-16,2024-03-16,24,Transport Delay
S000650,T000650,D023,A005,2024-02-10,2024-02-13,2024-02-13,14,None
S000651,T000651,D005,A001,2025-09-15,2025-09-17,2025-09-17,17,None
S000652,T000652,D020,A005,2026-07-02,2026-07-03,2026-07-04,16,None
S000653,T000653,D024,A005,2026-01-17,2026-01-20,2026-01-21,10,Minor Transport Delay
S000654,T000654,D029,A008,2025-06-03,2025-06-06,2025-06-06,31,None
S000655,T000655,D017,A004,2025-06-08,2025-06-11,2025-06-11,5,None
S000656,T000656,D006,A001,2025-07-12,2025-07-14,2025-07-16,16,None
S000657,T000657,D018,A004,2025-03-27,2025-03-29,2025-03-30,7,None
S000658,T000658,D016,A004,2025-02-03,2025-02-04,2025-02-04,14,None
S000659,T000659,D023,A005,2025-04-07,2025-04-09,2025-04-09,13,None
S000660,T000660,D024,A005,2025-04-17,2025-04-20,2025-04-20,10,None
S000661,T000661,D017,A004,2025-08-11,2025-08-13,2025-08-13,15,None
S000662,T000662,D039,A013,2024-11-23,2024-11-26,2024-11-26,35,None
S000663,T000663,D023,A005,2024-11-21,2024-11-24,2024-11-24,14,None
S000664,T000664,D009,A002,2025-01-12,2025-01-15,2025-01-15,12,None
S000665,T000665,D003,A001,2026-02-12,2026-02-14,2026-02-14,9,None
S000666,T000666,D001,A001,2024-02-01,2024-02-02,2024-02-02,18,None
S000667,T000667,D012,A003,2026-05-22,2026-05-24,2026-05-25,95,Transport Routing Delay
S000668,T000668,D005,A001,2025-02-07,2025-02-08,2025-02-08,17,None
S000669,T000669,D009,A002,2025-10-11,2025-10-14,2025-10-15,30,Stock Delay
S000670,T000670,D016,A004,2026-04-30,2026-05-01,2026-05-02,7,None
S000671,T000671,D008,A002,2024-12-14,2024-12-15,2024-12-15,33,None
S000672,T000672,D036,A011,2025-06-29,2025-07-01,2025-07-02,27,None
S000673,T000673,D004,A001,2024-06-20,2024-06-21,2024-06-21,13,None
S000674,T000674,D020,A005,2024-12-17,2024-12-20,2024-12-20,9,None
S000675,T000675,D017,A004,2024-04-18,2024-04-21,2024-04-21,9,None
S000676,T000676,D041,A013,2025-06-15,2025-06-17,2025-06-19,29,None
S000677,T000677,D003,A001,2026-02-13,2026-02-16,2026-02-16,8,None
S000678,T000678,D015,A004,2025-10-05,2025-10-06,2025-10-07,18,None
S000679,T000679,D038,A013,2026-08-06,2026-08-07,2026-08-09,31,None
S000680,T000680,D034,A010,2025-06-18,2025-06-21,2025-06-21,19,None
S000681,T000681,D030,A009,2026-05-08,2026-05-09,2026-05-09,14,None
S000682,T000682,D012,A003,2024-11-30,2024-12-02,2024-12-03,49,Warehouse Delay
S000683,T000683,D009,A002,2026-04-17,2026-04-19,2026-04-20,28,None
S000684,T000684,D026,A006,2025-04-03,2025-04-05,2025-04-05,75,Dealer Stockout
S000685,T000685,D039,A013,2025-12-14,2025-12-17,2025-12-19,21,Transport Delay
S000686,T000686,D019,A005,2024-02-06,2024-02-08,2024-02-08,10,None
S000687,T000687,D024,A005,2025-08-28,2025-08-30,2025-08-30,13,None
S000688,T000688,D012,A003,2024-01-07,2024-01-09,2024-01-10,90,Transport Routing Delay
S000689,T000689,D032,A009,2025-02-15,2025-02-16,2025-02-18,29,Stock Delay
S000690,T000690,D011,A002,2025-03-02,2025-03-04,2025-03-06,30,None
S000691,T000691,D016,A004,2025-07-05,2025-07-07,2025-07-07,6,None
S000692,T000692,D015,A004,2025-06-06,2025-06-09,2025-06-10,8,None
S000693,T000693,D024,A005,2025-08-25,2025-08-27,2025-08-27,9,None
S000694,T000694,D012,A003,2024-07-01,2024-07-02,2024-07-05,75,None
S000695,T000695,D007,A001,2025-12-10,2025-12-12,2025-12-12,18,None
S000696,T000696,D019,A005,2024-02-13,2024-02-15,2024-02-15,7,None
S000697,T000697,D014,A004,2024-03-15,2024-03-16,2024-03-16,17,None
S000698,T000698,D019,A005,2026-03-29,2026-03-31,2026-03-31,4,None
S000699,T000699,D001,A001,2025-06-18,2025-06-21,2025-06-21,12,None
S000700,T000700,D013,A004,2024-10-17,2024-10-19,2024-10-20,12,None
S000701,T000701,D023,A005,2025-09-26,2025-09-28,2025-09-28,17,None
S000702,T000702,D002,A001,2025-03-09,2025-03-12,2025-03-12,15,Minor Transport Delay
S000703,T000703,D016,A004,2024-06-02,2024-06-03,2024-06-03,17,None
S000704,T000704,D006,A001,2024-06-20,2024-06-22,2024-06-22,5,None
S000705,T000705,D007,A001,2024-06-26,2024-06-29,2024-06-30,5,None
S000706,T000706,D038,A013,2024-05-09,2024-05-12,2024-05-12,32,None
S000707,T000707,D017,A004,2024-04-04,2024-04-06,2024-04-06,18,None
S000708,T000708,D033,A009,2024-09-25,2024-09-26,2024-09-26,29,None
S000709,T000709,D012,A003,2026-02-24,2026-02-26,2026-03-01,41,Warehouse Delay
S000710,T000710,D026,A006,2026-07-10,2026-07-12,2026-07-15,52,Warehouse Delay
S000711,T000711,D029,A008,2025-05-10,2025-05-12,2025-05-12,30,Transport Delay
S000712,T000712,D020,A005,2025-09-25,2025-09-28,2025-09-29,17,None
S000713,T000713,D016,A004,2026-07-10,2026-07-13,2026-07-13,5,None
S000714,T000714,D014,A004,2026-01-05,2026-01-06,2026-01-06,6,None
S000715,T000715,D014,A004,2024-07-22,2024-07-25,2024-07-25,18,None
S000716,T000716,D039,A013,2026-05-07,2026-05-08,2026-05-08,17,None
S000717,T000717,D034,A010,2026-01-28,2026-01-29,2026-02-02,35,None
S000718,T000718,D038,A013,2025-10-17,2025-10-18,2025-10-19,16,None
S000719,T000719,D003,A001,2025-10-30,2025-11-02,2025-11-04,16,None
S000720,T000720,D027,A007,2024-11-23,2024-11-25,2024-11-25,15,None
S000721,T000721,D041,A013,2026-01-24,2026-01-26,2026-01-26,24,None
S000722,T000722,D010,A002,2024-09-24,2024-09-26,2024-09-27,36,None
S000723,T000723,D006,A001,2024-04-29,2024-05-01,2024-05-01,17,None
S000724,T000724,D029,A008,2024-07-10,2024-07-11,2024-07-11,17,None
S000725,T000725,D024,A005,2026-07-11,2026-07-13,2026-07-13,18,None
S000726,T000726,D034,A010,2025-05-17,2025-05-19,2025-05-19,29,Transport Delay
S000727,T000727,D002,A001,2024-05-13,2024-05-14,2024-05-15,16,Minor Transport Delay
S000728,T000728,D032,A009,2025-02-10,2025-02-13,2025-02-15,29,None
S000729,T000729,D008,A002,2024-09-28,2024-10-01,2024-10-01,33,Stock Delay
S000730,T000730,D011,A002,2024-12-23,2024-12-24,2024-12-25,35,None
S000731,T000731,D010,A002,2024-07-08,2024-07-11,2024-07-12,13,Stock Delay
S000732,T000732,D030,A009,2024-07-25,2024-07-27,2024-07-31,19,Transport Delay
S000733,T000733,D026,A006,2026-04-14,2026-04-17,2026-04-20,65,Dealer Stockout
S000734,T000734,D025,A005,2024-06-15,2024-06-18,2024-06-18,18,None
S000735,T000735,D014,A004,2025-10-20,2025-10-21,2025-10-21,15,Minor Transport Delay
S000736,T000736,D036,A011,2025-11-10,2025-11-11,2025-11-11,27,None
S000737,T000737,D018,A004,2025-06-07,2025-06-08,2025-06-08,7,None
S000738,T000738,D033,A009,2025-04-26,2025-04-27,2025-04-28,27,None
S000739,T000739,D014,A004,2025-02-11,2025-02-14,2025-02-14,6,None
S000740,T000740,D013,A004,2026-06-06,2026-06-09,2026-06-11,10,None
S000741,T000741,D014,A004,2024-02-24,2024-02-27,2024-02-27,14,None
S000742,T000742,D016,A004,2025-02-16,2025-02-17,2025-02-18,4,None
S000743,T000743,D029,A008,2025-04-02,2025-04-05,2025-04-05,35,Transport Delay
S000744,T000744,D022,A005,2026-08-12,2026-08-13,2026-08-14,15,None
S000745,T000745,D010,A002,2025-08-08,2025-08-10,2025-08-10,18,None
S000746,T000746,D037,A012,2025-04-11,2025-04-14,2025-04-16,36,None
S000747,T000747,D015,A004,2024-06-29,2024-06-30,2024-06-30,16,None
S000748,T000748,D024,A005,2025-06-21,2025-06-23,2025-06-24,13,None
S000749,T000749,D037,A012,2025-09-02,2025-09-04,2025-09-04,30,None
S000750,T000750,D021,A005,2024-12-24,2024-12-26,2024-12-27,5,None
S000751,T000751,D006,A001,2024-01-02,2024-01-03,2024-01-03,13,None
S000752,T000752,D041,A013,2026-04-23,2026-04-24,2026-04-24,26,None
S000753,T000753,D020,A005,2025-03-10,2025-03-12,2025-03-12,12,None
S000754,T000754,D014,A004,2024-08-05,2024-08-06,2024-08-06,5,None
S000755,T000755,D002,A001,2024-01-27,2024-01-29,2024-01-30,10,None
S000756,T000756,D031,A009,2025-05-05,2025-05-08,2025-05-08,13,None
S000757,T000757,D019,A005,2025-03-29,2025-04-01,2025-04-03,10,None
S000758,T000758,D019,A005,2025-02-26,2025-02-27,2025-02-27,8,None
S000759,T000759,D036,A011,2024-12-16,2024-12-18,2024-12-22,17,Stock Delay
S000760,T000760,D030,A009,2024-08-15,2024-08-18,2024-08-20,13,None
S000761,T000761,D001,A001,2025-09-22,2025-09-24,2025-09-26,13,None
S000762,T000762,D016,A004,2025-01-12,2025-01-14,2025-01-14,9,None
S000763,T000763,D012,A003,2025-01-15,2025-01-17,2025-01-22,96,Dealer Stockout
S000764,T000764,D029,A008,2024-05-20,2024-05-22,2024-05-22,12,None
S000765,T000765,D001,A001,2026-02-26,2026-03-01,2026-03-01,7,None
S000766,T000766,D024,A005,2026-03-22,2026-03-25,2026-03-25,11,None
S000767,T000767,D029,A008,2025-05-15,2025-05-17,2025-05-18,29,None
S000768,T000768,D036,A011,2025-04-03,2025-04-04,2025-04-05,35,None
S000769,T000769,D018,A004,2024-03-03,2024-03-04,2024-03-04,4,None
S000770,T000770,D031,A009,2024-02-25,2024-02-28,2024-02-28,14,Transport Delay
S000771,T000771,D007,A001,2024-10-21,2024-10-24,2024-10-26,11,None
S000772,T000772,D035,A010,2024-06-28,2024-07-01,2024-07-01,12,None
S000773,T000773,D003,A001,2025-06-28,2025-07-01,2025-07-01,11,None
S000774,T000774,D017,A004,2024-09-16,2024-09-17,2024-09-17,12,None
S000775,T000775,D031,A009,2025-09-13,2025-09-14,2025-09-16,26,Transport Delay
S000776,T000776,D004,A001,2026-06-29,2026-07-01,2026-07-02,5,None
S000777,T000777,D009,A002,2026-04-30,2026-05-03,2026-05-05,12,None
S000778,T000778,D028,A007,2025-02-28,2025-03-01,2025-03-01,22,None
S000779,T000779,D027,A007,2026-03-25,2026-03-26,2026-03-26,27,None
S000780,T000780,D021,A005,2024-02-08,2024-02-11,2024-02-11,13,None
S000781,T000781,D027,A007,2026-04-20,2026-04-23,2026-04-24,34,None
S000782,T000782,D023,A005,2024-01-04,2024-01-05,2024-01-05,15,None
S000783,T000783,D012,A003,2024-02-13,2024-02-16,2024-02-21,38,Warehouse Delay
S000784,T000784,D018,A004,2026-04-30,2026-05-02,2026-05-03,10,None
S000785,T000785,D011,A002,2025-10-16,2025-10-19,2025-10-19,26,None
S000786,T000786,D037,A012,2026-04-13,2026-04-15,2026-04-16,35,None
S000787,T000787,D022,A005,2024-04-11,2024-04-12,2024-04-12,4,None
S000788,T000788,D015,A004,2024-09-11,2024-09-12,2024-09-12,10,None
S000789,T000789,D018,A004,2025-06-11,2025-06-14,2025-06-14,13,None
S000790,T000790,D041,A013,2026-04-06,2026-04-07,2026-04-08,20,None
S000791,T000791,D007,A001,2025-11-07,2025-11-08,2025-11-08,4,None
S000792,T000792,D023,A005,2026-05-14,2026-05-15,2026-05-15,4,None
S000793,T000793,D024,A005,2025-11-06,2025-11-09,2025-11-10,14,None
S000794,T000794,D023,A005,2026-08-24,2026-08-25,2026-08-25,14,None
S000795,T000795,D005,A001,2025-06-09,2025-06-12,2025-06-13,16,None
S000796,T000796,D036,A011,2026-07-07,2026-07-08,2026-07-12,12,None
S000797,T000797,D040,A013,2026-08-08,2026-08-11,2026-08-11,14,Transport Delay
S000798,T000798,D022,A005,2026-07-04,2026-07-06,2026-07-06,6,None
S000799,T000799,D028,A007,2025-06-18,2025-06-21,2025-06-23,30,Transport Delay
S000800,T000800,D040,A013,2025-03-24,2025-03-25,2025-03-26,13,Stock Delay
S000801,T000801,D027,A007,2025-03-04,2025-03-06,2025-03-06,14,Stock Delay
S000802,T000802,D007,A001,2024-07-12,2024-07-15,2024-07-15,13,None
S000803,T000803,D024,A005,2025-11-15,2025-11-16,2025-11-16,11,None
S000804,T000804,D021,A005,2026-03-21,2026-03-24,2026-03-24,12,None
S000805,T000805,D016,A004,2026-01-13,2026-01-15,2026-01-15,14,Minor Transport Delay
S000806,T000806,D027,A007,2024-09-30,2024-10-03,2024-10-03,34,None
S000807,T000807,D038,A013,2026-03-20,2026-03-22,2026-03-22,25,None
S000808,T000808,D039,A013,2024-06-30,2024-07-02,2024-07-03,34,None
S000809,T000809,D015,A004,2026-01-10,2026-01-12,2026-01-12,18,None
S000810,T000810,D007,A001,2026-04-04,2026-04-07,2026-04-07,6,None
S000811,T000811,D041,A013,2025-12-19,2025-12-21,2025-12-23,24,None
S000812,T000812,D035,A010,2026-08-16,2026-08-18,2026-08-18,26,None
S000813,T000813,D001,A001,2025-03-30,2025-03-31,2025-03-31,5,None
S000814,T000814,D037,A012,2025-08-16,2025-08-17,2025-08-19,25,None
S000815,T000815,D036,A011,2024-01-01,2024-01-04,2024-01-08,36,None
S000816,T000816,D022,A005,2025-06-29,2025-07-02,2025-07-02,4,None
S000817,T000817,D021,A005,2025-02-08,2025-02-09,2025-02-11,16,None
S000818,T000818,D017,A004,2024-03-10,2024-03-11,2024-03-11,5,None
S000819,T000819,D002,A001,2026-04-29,2026-05-02,2026-05-03,15,None
S000820,T000820,D017,A004,2025-10-17,2025-10-18,2025-10-20,17,None
S000821,T000821,D030,A009,2024-08-26,2024-08-28,2024-08-29,12,None
S000822,T000822,D001,A001,2026-07-29,2026-07-31,2026-07-31,5,None
S000823,T000823,D018,A004,2024-01-23,2024-01-24,2024-01-24,8,None
S000824,T000824,D014,A004,2024-09-25,2024-09-28,2024-09-28,9,None
S000825,T000825,D020,A005,2025-12-14,2025-12-16,2025-12-16,13,None
S000826,T000826,D037,A012,2025-04-26,2025-04-29,2025-04-29,35,None
S000827,T000827,D014,A004,2025-12-17,2025-12-20,2025-12-20,16,None
S000828,T000828,D017,A004,2025-07-08,2025-07-11,2025-07-11,10,None
S000829,T000829,D029,A008,2024-04-09,2024-04-10,2024-04-10,25,None
S000830,T000830,D014,A004,2026-05-09,2026-05-12,2026-05-12,10,None
S000831,T000831,D011,A002,2025-09-23,2025-09-26,2025-09-27,19,None
S000832,T000832,D016,A004,2025-12-14,2025-12-17,2025-12-17,18,None
S000833,T000833,D003,A001,2025-12-06,2025-12-07,2025-12-07,13,None
S000834,T000834,D008,A002,2024-04-23,2024-04-26,2024-04-26,31,None
S000835,T000835,D025,A005,2025-12-04,2025-12-06,2025-12-08,7,None
S000836,T000836,D018,A004,2024-02-15,2024-02-16,2024-02-16,5,None
S000837,T000837,D037,A012,2024-08-20,2024-08-23,2024-08-24,36,None
S000838,T000838,D014,A004,2025-03-07,2025-03-08,2025-03-08,15,None
S000839,T000839,D023,A005,2025-08-16,2025-08-18,2025-08-18,4,None
S000840,T000840,D019,A005,2024-01-26,2024-01-29,2024-01-29,8,None
S000841,T000841,D005,A001,2025-08-17,2025-08-18,2025-08-18,18,None
S000842,T000842,D026,A006,2026-03-15,2026-03-18,2026-03-26,75,Transport Routing Delay
S000843,T000843,D011,A002,2024-02-21,2024-02-23,2024-02-23,12,Stock Delay
S000844,T000844,D040,A013,2024-11-18,2024-11-20,2024-11-20,26,None
S000845,T000845,D001,A001,2025-08-07,2025-08-09,2025-08-09,7,None
S000846,T000846,D017,A004,2024-01-30,2024-01-31,2024-01-31,16,None
S000847,T000847,D004,A001,2026-06-15,2026-06-16,2026-06-17,6,None
S000848,T000848,D040,A013,2024-02-25,2024-02-27,2024-02-28,31,None
S000849,T000849,D019,A005,2024-01-10,2024-01-13,2024-01-13,17,None
S000850,T000850,D020,A005,2024-10-28,2024-10-30,2024-10-30,18,None
S000851,T000851,D004,A001,2024-11-14,2024-11-15,2024-11-15,13,None
S000852,T000852,D029,A008,2024-03-21,2024-03-23,2024-03-24,15,None
S000853,T000853,D010,A002,2025-06-30,2025-07-03,2025-07-04,13,None
S000854,T000854,D037,A012,2024-04-20,2024-04-23,2024-04-24,24,None
S000855,T000855,D009,A002,2024-07-19,2024-07-20,2024-07-20,31,Stock Delay
S000856,T000856,D011,A002,2026-08-11,2026-08-12,2026-08-14,20,None
S000857,T000857,D004,A001,2026-03-22,2026-03-23,2026-03-23,10,None
S000858,T000858,D013,A004,2026-07-30,2026-07-31,2026-07-31,8,None
S000859,T000859,D022,A005,2024-12-16,2024-12-18,2024-12-18,13,None
S000860,T000860,D007,A001,2025-06-29,2025-07-01,2025-07-01,17,None
S000861,T000861,D032,A009,2026-08-28,2026-08-29,2026-08-29,15,None
S000862,T000862,D014,A004,2025-05-30,2025-06-01,2025-06-01,16,Minor Transport Delay
S000863,T000863,D019,A005,2024-02-02,2024-02-04,2024-02-04,14,None
S000864,T000864,D016,A004,2024-12-12,2024-12-13,2024-12-14,17,None
S000865,T000865,D014,A004,2026-08-25,2026-08-26,2026-08-27,11,None
S000866,T000866,D023,A005,2026-02-22,2026-02-25,2026-02-27,14,Minor Transport Delay
S000867,T000867,D007,A001,2024-03-27,2024-03-29,2024-03-30,10,None
S000868,T000868,D010,A002,2025-10-22,2025-10-25,2025-10-26,27,None
S000869,T000869,D035,A010,2025-12-02,2025-12-03,2025-12-05,23,None
S000870,T000870,D038,A013,2026-03-31,2026-04-01,2026-04-02,24,Transport Delay
S000871,T000871,D013,A004,2024-09-18,2024-09-21,2024-09-21,4,None
S000872,T000872,D012,A003,2024-11-28,2024-12-01,2024-12-04,45,Dealer Stockout
S000873,T000873,D020,A005,2024-12-04,2024-12-05,2024-12-06,4,None
S000874,T000874,D018,A004,2026-03-17,2026-03-20,2026-03-20,5,None
S000875,T000875,D004,A001,2025-04-30,2025-05-02,2025-05-02,5,None
S000876,T000876,D002,A001,2024-10-12,2024-10-14,2024-10-15,9,None
S000877,T000877,D027,A007,2026-04-25,2026-04-26,2026-04-28,23,None
S000878,T000878,D026,A006,2025-04-06,2025-04-09,2025-04-10,77,Warehouse Delay
S000879,T000879,D007,A001,2026-01-13,2026-01-15,2026-01-15,13,None
S000880,T000880,D011,A002,2025-05-29,2025-06-01,2025-06-01,29,None
S000881,T000881,D011,A002,2025-08-23,2025-08-26,2025-08-27,36,None
S000882,T000882,D026,A006,2024-11-18,2024-11-21,2024-11-26,89,Transport Routing Delay
S000883,T000883,D007,A001,2025-04-05,2025-04-06,2025-04-06,7,None
S000884,T000884,D007,A001,2026-01-16,2026-01-19,2026-01-19,10,None
S000885,T000885,D032,A009,2024-05-15,2024-05-16,2024-05-18,32,None
S000886,T000886,D009,A002,2025-06-17,2025-06-18,2025-06-19,15,None
S000887,T000887,D024,A005,2025-11-06,2025-11-08,2025-11-08,18,None
S000888,T000888,D009,A002,2024-06-25,2024-06-28,2024-06-30,34,None
S000889,T000889,D002,A001,2024-06-20,2024-06-21,2024-06-21,5,None
S000890,T000890,D012,A003,2026-06-29,2026-06-30,2026-06-30,69,Transport Routing Delay
S000891,T000891,D028,A007,2024-04-27,2024-04-28,2024-04-29,32,None
S000892,T000892,D035,A010,2026-01-02,2026-01-03,2026-01-03,14,Stock Delay
S000893,T000893,D035,A010,2025-01-27,2025-01-28,2025-01-28,35,None
S000894,T000894,D015,A004,2026-08-08,2026-08-11,2026-08-11,5,None
S000895,T000895,D026,A006,2026-03-16,2026-03-18,2026-03-21,84,Warehouse Delay
S000896,T000896,D009,A002,2024-07-18,2024-07-20,2024-07-20,30,None
S000897,T000897,D013,A004,2024-02-05,2024-02-06,2024-02-06,4,None
S000898,T000898,D036,A011,2026-07-26,2026-07-27,2026-07-27,20,Transport Delay
S000899,T000899,D005,A001,2025-01-23,2025-01-24,2025-01-24,18,None
S000900,T000900,D004,A001,2026-07-07,2026-07-09,2026-07-09,5,None
S000901,T000901,D011,A002,2026-07-27,2026-07-29,2026-07-31,34,None
S000902,T000902,D002,A001,2024-10-15,2024-10-17,2024-10-17,5,None
S000903,T000903,D010,A002,2026-03-01,2026-03-03,2026-03-03,31,None
S000904,T000904,D023,A005,2026-02-17,2026-02-19,2026-02-19,7,None
S000905,T000905,D016,A004,2025-07-01,2025-07-04,2025-07-04,10,None
S000906,T000906,D036,A011,2026-03-14,2026-03-17,2026-03-17,25,None
S000907,T000907,D030,A009,2025-04-28,2025-05-01,2025-05-02,27,Stock Delay
S000908,T000908,D015,A004,2024-02-01,2024-02-04,2024-02-04,9,None
S000909,T000909,D012,A003,2026-07-07,2026-07-08,2026-07-13,51,Dealer Stockout
S000910,T000910,D014,A004,2025-03-17,2025-03-20,2025-03-20,9,None
S000911,T000911,D023,A005,2025-08-14,2025-08-15,2025-08-15,8,Minor Transport Delay
S000912,T000912,D012,A003,2026-02-18,2026-02-21,2026-02-24,44,None
S000913,T000913,D022,A005,2025-01-04,2025-01-07,2025-01-07,5,None
S000914,T000914,D015,A004,2025-12-24,2025-12-27,2025-12-27,11,None
S000915,T000915,D020,A005,2026-03-13,2026-03-14,2026-03-14,16,None
S000916,T000916,D014,A004,2024-10-14,2024-10-17,2024-10-17,10,Minor Transport Delay
S000917,T000917,D015,A004,2024-06-30,2024-07-01,2024-07-01,11,None
S000918,T000918,D038,A013,2025-04-05,2025-04-08,2025-04-10,20,None
S000919,T000919,D029,A008,2026-07-27,2026-07-28,2026-07-30,23,None
S000920,T000920,D004,A001,2026-05-03,2026-05-04,2026-05-04,16,None
S000921,T000921,D036,A011,2024-05-09,2024-05-11,2024-05-11,12,None
S000922,T000922,D018,A004,2024-02-20,2024-02-23,2024-02-23,18,None
S000923,T000923,D036,A011,2024-10-08,2024-10-10,2024-10-10,16,None
S000924,T000924,D033,A009,2024-06-30,2024-07-01,2024-07-03,31,None
S000925,T000925,D015,A004,2024-01-06,2024-01-07,2024-01-07,14,Minor Transport Delay
S000926,T000926,D005,A001,2024-07-06,2024-07-09,2024-07-09,11,None
S000927,T000927,D012,A003,2024-03-15,2024-03-18,2024-03-26,86,Warehouse Delay
S000928,T000928,D022,A005,2024-03-08,2024-03-10,2024-03-11,14,None
S000929,T000929,D019,A005,2024-04-28,2024-04-30,2024-05-02,13,None
S000930,T000930,D012,A003,2026-04-15,2026-04-16,2026-04-19,63,Dealer Stockout
S000931,T000931,D001,A001,2026-01-31,2026-02-01,2026-02-02,17,None
S000932,T000932,D034,A010,2024-07-23,2024-07-24,2024-07-24,25,None
S000933,T000933,D038,A013,2024-01-05,2024-01-07,2024-01-09,32,None
S000934,T000934,D023,A005,2026-03-15,2026-03-18,2026-03-18,15,None
S000935,T000935,D009,A002,2026-03-27,2026-03-30,2026-03-30,30,None
S000936,T000936,D012,A003,2024-12-18,2024-12-21,2024-12-22,66,Warehouse Delay
S000937,T000937,D007,A001,2026-01-20,2026-01-23,2026-01-23,12,Minor Transport Delay
S000938,T000938,D037,A012,2026-04-04,2026-04-07,2026-04-07,36,None
S000939,T000939,D001,A001,2024-09-21,2024-09-22,2024-09-22,16,None
S000940,T000940,D022,A005,2024-08-15,2024-08-16,2024-08-16,18,None
S000941,T000941,D012,A003,2025-03-24,2025-03-27,2025-04-01,88,Dealer Stockout
S000942,T000942,D020,A005,2025-03-06,2025-03-07,2025-03-07,8,Minor Transport Delay
S000943,T000943,D019,A005,2026-02-02,2026-02-04,2026-02-04,12,None
S000944,T000944,D035,A010,2026-07-01,2026-07-04,2026-07-05,29,None
S000945,T000945,D010,A002,2026-03-30,2026-04-01,2026-04-03,32,Transport Delay
S000946,T000946,D004,A001,2026-07-25,2026-07-28,2026-07-28,9,None
S000947,T000947,D004,A001,2026-08-07,2026-08-10,2026-08-10,9,None
S000948,T000948,D037,A012,2024-03-22,2024-03-24,2024-03-24,30,None
S000949,T000949,D036,A011,2025-08-31,2025-09-03,2025-09-05,36,None
S000950,T000950,D022,A005,2025-10-06,2025-10-08,2025-10-08,14,Minor Transport Delay
S000951,T000951,D020,A005,2024-04-12,2024-04-13,2024-04-13,12,Minor Transport Delay
S000952,T000952,D026,A006,2024-05-25,2024-05-27,2024-06-01,64,Warehouse Delay
S000953,T000953,D009,A002,2024-06-21,2024-06-22,2024-06-22,31,None
S000954,T000954,D037,A012,2026-04-17,2026-04-19,2026-04-20,14,None
S000955,T000955,D013,A004,2025-11-13,2025-11-14,2025-11-14,9,None
S000956,T000956,D017,A004,2024-12-31,2025-01-01,2025-01-01,17,None
S000957,T000957,D024,A005,2026-07-30,2026-07-31,2026-07-31,9,None
S000958,T000958,D002,A001,2026-07-17,2026-07-19,2026-07-21,14,None
S000959,T000959,D010,A002,2025-03-26,2025-03-29,2025-03-29,26,None
S000960,T000960,D029,A008,2024-04-12,2024-04-14,2024-04-15,16,None
S000961,T000961,D001,A001,2026-08-11,2026-08-14,2026-08-14,14,None
S000962,T000962,D020,A005,2025-11-13,2025-11-14,2025-11-14,10,None
S000963,T000963,D012,A003,2024-11-07,2024-11-10,2024-11-10,80,Parts Damage
S000964,T000964,D013,A004,2024-10-11,2024-10-12,2024-10-13,18,None
S000965,T000965,D017,A004,2025-09-18,2025-09-20,2025-09-20,12,None
S000966,T000966,D013,A004,2024-08-14,2024-08-16,2024-08-17,13,None
S000967,T000967,D028,A007,2024-12-20,2024-12-21,2024-12-23,33,None
S000968,T000968,D013,A004,2025-01-05,2025-01-06,2025-01-06,10,Minor Transport Delay
S000969,T000969,D023,A005,2024-01-14,2024-01-15,2024-01-15,10,Minor Transport Delay
S000970,T000970,D017,A004,2024-03-01,2024-03-04,2024-03-04,11,None
S000971,T000971,D026,A006,2025-05-05,2025-05-07,2025-05-12,44,Warehouse Delay
S000972,T000972,D039,A013,2025-08-06,2025-08-08,2025-08-08,34,Transport Delay
S000973,T000973,D027,A007,2024-01-22,2024-01-24,2024-01-24,24,Stock Delay
S000974,T000974,D009,A002,2024-12-08,2024-12-09,2024-12-09,32,None
S000975,T000975,D001,A001,2025-05-20,2025-05-22,2025-05-22,6,None
S000976,T000976,D012,A003,2024-04-18,2024-04-21,2024-04-22,73,Dealer Stockout
S000977,T000977,D024,A005,2026-08-27,2026-08-30,2026-08-30,7,None
S000978,T000978,D003,A001,2026-05-26,2026-05-27,2026-05-27,16,None
S000979,T000979,D024,A005,2026-07-05,2026-07-07,2026-07-08,4,None
S000980,T000980,D024,A005,2026-02-21,2026-02-24,2026-02-25,12,None
S000981,T000981,D014,A004,2026-06-26,2026-06-27,2026-06-27,10,None
S000982,T000982,D031,A009,2025-09-23,2025-09-24,2025-09-24,33,None
S000983,T000983,D004,A001,2024-12-08,2024-12-11,2024-12-11,12,None
S000984,T000984,D005,A001,2026-05-31,2026-06-01,2026-06-01,15,None
S000985,T000985,D028,A007,2024-06-20,2024-06-21,2024-06-21,19,None
S000986,T000986,D014,A004,2026-03-27,2026-03-30,2026-03-30,9,None
S000987,T000987,D027,A007,2024-09-18,2024-09-20,2024-09-22,34,None
S000988,T000988,D016,A004,2024-04-27,2024-04-29,2024-04-30,7,None
S000989,T000989,D012,A003,2024-07-04,2024-07-06,2024-07-11,46,Dealer Stockout
S000990,T000990,D031,A009,2024-03-10,2024-03-13,2024-03-14,28,None
S000991,T000991,D030,A009,2025-12-03,2025-12-06,2025-12-06,15,Stock Delay
S000992,T000992,D028,A007,2024-08-04,2024-08-06,2024-08-06,29,None
S000993,T000993,D012,A003,2025-08-05,2025-08-07,2025-08-12,66,Dealer Stockout
S000994,T000994,D019,A005,2025-01-25,2025-01-28,2025-01-28,4,None
S000995,T000995,D015,A004,2026-07-28,2026-07-30,2026-07-30,16,None
S000996,T000996,D002,A001,2024-03-09,2024-03-11,2024-03-11,6,None
S000997,T000997,D037,A012,2026-07-09,2026-07-12,2026-07-12,21,Stock Delay
S000998,T000998,D001,A001,2025-06-10,2025-06-11,2025-06-11,11,None
S000999,T000999,D039,A013,2025-07-18,2025-07-21,2025-07-21,16,None
S001000,T001000,D014,A004,2024-05-18,2024-05-19,2024-05-19,5,None
S001001,T001001,D010,A002,2025-11-01,2025-11-04,2025-11-04,35,Stock Delay
S001002,T001002,D019,A005,2024-03-08,2024-03-10,2024-03-10,15,None
S001003,T001003,D036,A011,2026-01-23,2026-01-26,2026-01-26,13,None
S001004,T001004,D028,A007,2026-08-17,2026-08-20,2026-08-20,16,None
S001005,T001005,D033,A009,2025-01-02,2025-01-03,2025-01-04,15,None
S001006,T001006,D026,A006,2024-02-12,2024-02-13,2024-02-16,62,Dealer Stockout
S001007,T001007,D028,A007,2024-09-16,2024-09-17,2024-09-17,13,None
S001008,T001008,D034,A010,2026-08-15,2026-08-17,2026-08-17,23,None
S001009,T001009,D012,A003,2025-09-17,2025-09-18,2025-09-19,40,Warehouse Delay
S001010,T001010,D014,A004,2025-09-04,2025-09-06,2025-09-06,17,None
S001011,T001011,D008,A002,2025-04-25,2025-04-27,2025-04-29,13,Stock Delay
S001012,T001012,D039,A013,2024-05-02,2024-05-03,2024-05-03,35,None
S001013,T001013,D038,A013,2025-09-26,2025-09-28,2025-09-28,30,None
S001014,T001014,D002,A001,2026-08-19,2026-08-21,2026-08-21,12,None
S001015,T001015,D028,A007,2026-05-11,2026-05-13,2026-05-13,36,Stock Delay
S001016,T001016,D041,A013,2024-08-27,2024-08-29,2024-08-31,14,None
S001017,T001017,D011,A002,2025-01-05,2025-01-06,2025-01-06,21,Stock Delay
S001018,T001018,D021,A005,2024-11-03,2024-11-04,2024-11-04,10,None
S001019,T001019,D037,A012,2025-09-11,2025-09-12,2025-09-13,30,None
S001020,T001020,D003,A001,2025-10-24,2025-10-26,2025-10-26,7,None
S001021,T001021,D028,A007,2024-05-17,2024-05-18,2024-05-18,16,None
S001022,T001022,D016,A004,2025-11-12,2025-11-15,2025-11-15,14,None
S001023,T001023,D040,A013,2025-11-20,2025-11-21,2025-11-22,28,None
S001024,T001024,D041,A013,2026-08-29,2026-09-01,2026-09-02,35,None
S001025,T001025,D039,A013,2025-10-16,2025-10-19,2025-10-19,34,None
S001026,T001026,D017,A004,2025-11-30,2025-12-02,2025-12-02,12,None
S001027,T001027,D034,A010,2026-01-07,2026-01-09,2026-01-13,17,Stock Delay
S001028,T001028,D034,A010,2025-01-08,2025-01-09,2025-01-09,20,Transport Delay
S001029,T001029,D013,A004,2026-04-08,2026-04-09,2026-04-09,15,None
S001030,T001030,D035,A010,2025-02-19,2025-02-21,2025-02-25,20,None
S001031,T001031,D007,A001,2026-01-15,2026-01-18,2026-01-18,8,None
S001032,T001032,D022,A005,2025-02-15,2025-02-18,2025-02-19,16,Minor Transport Delay
S001033,T001033,D010,A002,2026-08-27,2026-08-29,2026-09-02,25,None
S001034,T001034,D007,A001,2024-10-04,2024-10-06,2024-10-07,13,None
S001035,T001035,D007,A001,2024-03-06,2024-03-07,2024-03-08,6,None
S001036,T001036,D028,A007,2025-01-13,2025-01-16,2025-01-17,12,None
S001037,T001037,D017,A004,2026-07-28,2026-07-31,2026-07-31,9,None
S001038,T001038,D027,A007,2024-11-26,2024-11-28,2024-11-29,24,None
S001039,T001039,D002,A001,2024-04-25,2024-04-26,2024-04-26,17,Minor Transport Delay
S001040,T001040,D014,A004,2025-01-11,2025-01-14,2025-01-14,5,None
S001041,T001041,D019,A005,2026-08-13,2026-08-15,2026-08-15,14,Minor Transport Delay
S001042,T001042,D031,A009,2024-09-10,2024-09-11,2024-09-13,15,None
S001043,T001043,D015,A004,2024-08-06,2024-08-07,2024-08-07,10,None
S001044,T001044,D022,A005,2024-08-19,2024-08-22,2024-08-23,4,None
S001045,T001045,D036,A011,2025-05-22,2025-05-24,2025-05-26,16,Transport Delay
S001046,T001046,D021,A005,2026-01-17,2026-01-19,2026-01-19,18,None
S001047,T001047,D009,A002,2024-08-02,2024-08-05,2024-08-05,17,None
S001048,T001048,D005,A001,2026-03-27,2026-03-29,2026-03-29,14,None
S001049,T001049,D036,A011,2024-02-19,2024-02-21,2024-02-21,17,Stock Delay
S001050,T001050,D007,A001,2025-11-23,2025-11-26,2025-11-26,16,None
S001051,T001051,D036,A011,2024-08-15,2024-08-17,2024-08-17,16,None
S001052,T001052,D024,A005,2024-11-27,2024-11-28,2024-11-28,4,None
S001053,T001053,D038,A013,2025-10-23,2025-10-24,2025-10-26,32,None
S001054,T001054,D031,A009,2026-04-13,2026-04-16,2026-04-16,23,None
S001055,T001055,D038,A013,2024-02-07,2024-02-08,2024-02-08,33,None
S001056,T001056,D013,A004,2024-11-12,2024-11-14,2024-11-14,17,Minor Transport Delay
S001057,T001057,D033,A009,2024-01-28,2024-01-30,2024-01-30,30,None
S001058,T001058,D014,A004,2026-02-20,2026-02-23,2026-02-24,15,None
S001059,T001059,D013,A004,2024-07-22,2024-07-23,2024-07-23,9,None
S001060,T001060,D023,A005,2026-03-05,2026-03-06,2026-03-07,4,None
S001061,T001061,D036,A011,2026-03-13,2026-03-15,2026-03-15,23,Transport Delay
S001062,T001062,D039,A013,2026-07-20,2026-07-21,2026-07-21,32,None
S001063,T001063,D033,A009,2024-08-20,2024-08-23,2024-08-23,28,None
S001064,T001064,D013,A004,2024-10-21,2024-10-23,2024-10-23,17,None
S001065,T001065,D014,A004,2026-03-11,2026-03-12,2026-03-12,10,None
S001066,T001066,D029,A008,2024-02-05,2024-02-07,2024-02-07,13,None
S001067,T001067,D012,A003,2025-06-07,2025-06-09,2025-06-14,86,None
S001068,T001068,D005,A001,2026-04-06,2026-04-07,2026-04-07,5,None
S001069,T001069,D014,A004,2025-02-09,2025-02-11,2025-02-11,17,Minor Transport Delay
S001070,T001070,D017,A004,2025-11-25,2025-11-28,2025-11-30,15,None
S001071,T001071,D016,A004,2025-11-13,2025-11-16,2025-11-16,15,None
S001072,T001072,D010,A002,2026-03-09,2026-03-11,2026-03-11,26,Stock Delay
S001073,T001073,D002,A001,2024-08-02,2024-08-05,2024-08-07,6,Minor Transport Delay
S001074,T001074,D006,A001,2025-06-04,2025-06-07,2025-06-07,13,None
S001075,T001075,D040,A013,2025-07-27,2025-07-30,2025-07-31,34,Stock Delay
S001076,T001076,D018,A004,2026-05-30,2026-05-31,2026-05-31,9,None
S001077,T001077,D014,A004,2026-04-20,2026-04-23,2026-04-25,9,None
S001078,T001078,D026,A006,2026-07-10,2026-07-11,2026-07-16,76,Warehouse Delay
S001079,T001079,D009,A002,2024-03-09,2024-03-12,2024-03-12,13,None
S001080,T001080,D041,A013,2024-10-09,2024-10-10,2024-10-10,33,None
S001081,T001081,D032,A009,2026-03-01,2026-03-04,2026-03-05,16,None
S001082,T001082,D001,A001,2024-08-13,2024-08-15,2024-08-15,14,None
S001083,T001083,D015,A004,2025-11-10,2025-11-11,2025-11-11,15,None
S001084,T001084,D036,A011,2024-03-05,2024-03-08,2024-03-08,27,None
S001085,T001085,D040,A013,2025-08-05,2025-08-06,2025-08-08,33,None
S001086,T001086,D016,A004,2026-01-07,2026-01-08,2026-01-08,16,None
S001087,T001087,D021,A005,2025-03-14,2025-03-15,2025-03-15,14,None
S001088,T001088,D011,A002,2025-08-29,2025-09-01,2025-09-01,29,None
S001089,T001089,D039,A013,2024-03-02,2024-03-03,2024-03-05,12,None
S001090,T001090,D009,A002,2025-11-13,2025-11-14,2025-11-15,32,None
S001091,T001091,D038,A013,2024-06-02,2024-06-03,2024-06-05,30,None
S001092,T001092,D022,A005,2026-07-16,2026-07-18,2026-07-18,13,None
S001093,T001093,D019,A005,2025-08-02,2025-08-04,2025-08-04,6,None
S001094,T001094,D022,A005,2024-08-24,2024-08-27,2024-08-29,6,None
S001095,T001095,D011,A002,2025-11-22,2025-11-23,2025-11-23,22,None
S001096,T001096,D011,A002,2025-10-26,2025-10-28,2025-10-28,32,Transport Delay
S001097,T001097,D010,A002,2024-07-26,2024-07-29,2024-07-29,36,None
S001098,T001098,D009,A002,2024-02-01,2024-02-04,2024-02-05,30,None
S001099,T001099,D031,A009,2024-05-07,2024-05-08,2024-05-08,30,None
S001100,T001100,D013,A004,2026-03-04,2026-03-06,2026-03-07,8,Minor Transport Delay
S001101,T001101,D006,A001,2025-04-12,2025-04-14,2025-04-14,15,None
S001102,T001102,D041,A013,2025-07-28,2025-07-30,2025-07-30,29,None
S001103,T001103,D036,A011,2025-02-14,2025-02-17,2025-02-17,26,Transport Delay
S001104,T001104,D038,A013,2025-03-05,2025-03-06,2025-03-06,23,None
S001105,T001105,D040,A013,2026-05-28,2026-05-29,2026-05-29,19,None
S001106,T001106,D009,A002,2025-04-26,2025-04-27,2025-04-28,24,Transport Delay
S001107,T001107,D016,A004,2025-09-23,2025-09-25,2025-09-25,5,None
S001108,T001108,D029,A008,2024-05-20,2024-05-23,2024-05-23,22,None
S001109,T001109,D028,A007,2025-08-30,2025-09-02,2025-09-02,23,None
S001110,T001110,D005,A001,2024-06-13,2024-06-15,2024-06-15,10,None
S001111,T001111,D032,A009,2025-09-20,2025-09-23,2025-09-24,29,Stock Delay
S001112,T001112,D010,A002,2025-09-18,2025-09-20,2025-09-22,25,None
S001113,T001113,D010,A002,2024-12-04,2024-12-06,2024-12-08,21,None
S001114,T001114,D024,A005,2024-09-20,2024-09-21,2024-09-21,8,None
S001115,T001115,D023,A005,2026-08-08,2026-08-11,2026-08-11,13,None
S001116,T001116,D025,A005,2024-09-21,2024-09-24,2024-09-24,7,None
S001117,T001117,D004,A001,2024-09-27,2024-09-30,2024-09-30,17,None
S001118,T001118,D036,A011,2024-05-29,2024-05-30,2024-05-31,28,None
S001119,T001119,D012,A003,2026-01-10,2026-01-11,2026-01-19,78,Warehouse Delay
S001120,T001120,D007,A001,2026-06-22,2026-06-25,2026-06-26,8,None
S001121,T001121,D036,A011,2024-01-09,2024-01-12,2024-01-12,13,None
S001122,T001122,D041,A013,2026-02-18,2026-02-20,2026-02-20,28,None
S001123,T001123,D035,A010,2025-01-14,2025-01-16,2025-01-18,16,Stock Delay
S001124,T001124,D030,A009,2024-09-07,2024-09-08,2024-09-08,30,None
S001125,T001125,D026,A006,2026-08-09,2026-08-10,2026-08-15,50,Transport Routing Delay
S001126,T001126,D019,A005,2024-05-24,2024-05-27,2024-05-28,5,None
S001127,T001127,D002,A001,2026-01-21,2026-01-23,2026-01-23,10,None
S001128,T001128,D018,A004,2025-09-01,2025-09-02,2025-09-02,9,None
S001129,T001129,D016,A004,2024-01-03,2024-01-05,2024-01-07,5,Minor Transport Delay
S001130,T001130,D012,A003,2026-08-25,2026-08-27,2026-09-01,71,Dealer Stockout
S001131,T001131,D028,A007,2025-02-10,2025-02-11,2025-02-11,19,Transport Delay
S001132,T001132,D021,A005,2024-02-19,2024-02-20,2024-02-20,6,None
S001133,T001133,D002,A001,2026-08-13,2026-08-16,2026-08-16,17,None
S001134,T001134,D011,A002,2024-10-26,2024-10-28,2024-10-28,32,None
S001135,T001135,D026,A006,2025-11-10,2025-11-13,2025-11-16,68,Warehouse Delay
S001136,T001136,D007,A001,2025-11-04,2025-11-07,2025-11-08,4,None
S001137,T001137,D035,A010,2025-12-28,2025-12-29,2025-12-30,20,None
S001138,T001138,D013,A004,2024-06-05,2024-06-08,2024-06-08,14,Minor Transport Delay
S001139,T001139,D015,A004,2024-03-06,2024-03-08,2024-03-08,4,None
S001140,T001140,D021,A005,2024-02-29,2024-03-01,2024-03-01,16,None
S001141,T001141,D031,A009,2024-06-14,2024-06-17,2024-06-18,20,None
S001142,T001142,D014,A004,2025-04-04,2025-04-06,2025-04-06,16,Minor Transport Delay
S001143,T001143,D026,A006,2024-07-24,2024-07-27,2024-08-04,75,Warehouse Delay
S001144,T001144,D020,A005,2024-01-17,2024-01-19,2024-01-19,5,None
S001145,T001145,D012,A003,2024-08-23,2024-08-24,2024-08-25,62,Transport Routing Delay
S001146,T001146,D036,A011,2025-11-17,2025-11-19,2025-11-20,23,Transport Delay
S001147,T001147,D033,A009,2026-05-26,2026-05-27,2026-05-28,31,None
S001148,T001148,D026,A006,2024-09-12,2024-09-15,2024-09-15,53,Transport Routing Delay
S001149,T001149,D034,A010,2024-03-21,2024-03-22,2024-03-24,35,None
S001150,T001150,D036,A011,2026-04-15,2026-04-16,2026-04-16,18,None
S001151,T001151,D027,A007,2024-02-17,2024-02-20,2024-02-20,14,Transport Delay
S001152,T001152,D034,A010,2024-04-03,2024-04-06,2024-04-06,17,None
S001153,T001153,D028,A007,2024-02-23,2024-02-25,2024-02-25,35,None
S001154,T001154,D026,A006,2025-11-07,2025-11-10,2025-11-13,85,None
S001155,T001155,D022,A005,2025-10-19,2025-10-22,2025-10-22,17,None
S001156,T001156,D029,A008,2026-08-05,2026-08-06,2026-08-06,32,None
S001157,T001157,D007,A001,2026-07-31,2026-08-01,2026-08-01,11,None
S001158,T001158,D036,A011,2024-07-03,2024-07-05,2024-07-06,30,Stock Delay
S001159,T001159,D036,A011,2025-02-07,2025-02-10,2025-02-10,20,Transport Delay
S001160,T001160,D006,A001,2024-05-30,2024-06-01,2024-06-01,7,None
S001161,T001161,D034,A010,2026-03-24,2026-03-25,2026-03-25,14,Transport Delay
S001162,T001162,D005,A001,2025-04-13,2025-04-14,2025-04-14,9,Minor Transport Delay
S001163,T001163,D016,A004,2026-04-06,2026-04-09,2026-04-09,14,None
S001164,T001164,D029,A008,2025-04-10,2025-04-11,2025-04-13,27,None
S001165,T001165,D007,A001,2025-10-06,2025-10-07,2025-10-07,9,None
S001166,T001166,D032,A009,2025-12-12,2025-12-13,2025-12-14,35,Stock Delay
S001167,T001167,D034,A010,2025-05-20,2025-05-21,2025-05-21,27,Transport Delay
S001168,T001168,D021,A005,2024-09-12,2024-09-15,2024-09-15,6,None
S001169,T001169,D003,A001,2024-06-02,2024-06-03,2024-06-03,10,None
S001170,T001170,D015,A004,2025-08-28,2025-08-31,2025-08-31,7,None
S001171,T001171,D024,A005,2024-01-02,2024-01-05,2024-01-06,7,Minor Transport Delay
S001172,T001172,D040,A013,2025-03-29,2025-03-30,2025-03-30,28,None
S001173,T001173,D023,A005,2026-08-02,2026-08-03,2026-08-03,4,None
S001174,T001174,D012,A003,2025-09-20,2025-09-22,2025-09-27,79,Dealer Stockout
S001175,T001175,D025,A005,2026-06-14,2026-06-15,2026-06-15,11,None
S001176,T001176,D024,A005,2026-07-14,2026-07-16,2026-07-16,14,None
S001177,T001177,D032,A009,2025-02-28,2025-03-02,2025-03-02,27,None
S001178,T001178,D002,A001,2024-06-12,2024-06-14,2024-06-14,4,None
S001179,T001179,D029,A008,2024-12-23,2024-12-24,2024-12-24,31,None
S001180,T001180,D021,A005,2025-08-09,2025-08-10,2025-08-10,8,None
S001181,T001181,D041,A013,2024-08-11,2024-08-12,2024-08-13,22,Stock Delay
S001182,T001182,D017,A004,2025-02-15,2025-02-17,2025-02-17,14,None
S001183,T001183,D024,A005,2025-02-22,2025-02-25,2025-02-25,14,None
S001184,T001184,D038,A013,2025-03-17,2025-03-18,2025-03-18,20,None
S001185,T001185,D006,A001,2025-11-15,2025-11-17,2025-11-17,7,None
S001186,T001186,D038,A013,2024-02-14,2024-02-17,2024-02-18,19,None
S001187,T001187,D027,A007,2026-04-18,2026-04-19,2026-04-19,16,None
S001188,T001188,D002,A001,2026-03-11,2026-03-13,2026-03-13,12,None
S001189,T001189,D013,A004,2025-12-29,2026-01-01,2026-01-01,10,None
S001190,T001190,D028,A007,2025-02-15,2025-02-16,2025-02-16,30,None
S001191,T001191,D003,A001,2025-07-23,2025-07-24,2025-07-24,8,None
S001192,T001192,D025,A005,2025-11-20,2025-11-21,2025-11-21,6,None
S001193,T001193,D016,A004,2025-03-28,2025-03-31,2025-03-31,17,None
S001194,T001194,D025,A005,2026-01-24,2026-01-27,2026-01-27,17,None
S001195,T001195,D007,A001,2026-02-02,2026-02-05,2026-02-05,6,None
S001196,T001196,D036,A011,2024-04-24,2024-04-25,2024-04-26,25,Stock Delay
S001197,T001197,D038,A013,2024-07-16,2024-07-17,2024-07-17,14,None
S001198,T001198,D040,A013,2025-06-28,2025-06-29,2025-06-29,27,Transport Delay
S001199,T001199,D029,A008,2024-04-02,2024-04-05,2024-04-05,36,None
S001200,T001200,D005,A001,2025-09-19,2025-09-22,2025-09-22,5,None
S001201,T001201,D029,A008,2024-04-23,2024-04-26,2024-04-26,19,Stock Delay
S001202,T001202,D004,A001,2024-01-22,2024-01-25,2024-01-25,15,None
S001203,T001203,D003,A001,2026-08-16,2026-08-19,2026-08-19,9,None
S001204,T001204,D014,A004,2026-06-12,2026-06-13,2026-06-13,4,None
S001205,T001205,D015,A004,2024-09-07,2024-09-10,2024-09-11,12,None
S001206,T001206,D032,A009,2025-07-20,2025-07-21,2025-07-23,31,None
S001207,T001207,D026,A006,2024-03-02,2024-03-04,2024-03-07,63,Dealer Stockout
S001208,T001208,D016,A004,2026-08-13,2026-08-14,2026-08-14,12,Minor Transport Delay
S001209,T001209,D012,A003,2025-11-20,2025-11-21,2025-11-22,66,Transport Routing Delay
S001210,T001210,D038,A013,2025-06-01,2025-06-04,2025-06-04,32,Transport Delay
S001211,T001211,D016,A004,2024-06-30,2024-07-02,2024-07-02,10,None
S001212,T001212,D013,A004,2024-01-01,2024-01-02,2024-01-02,12,None
S001213,T001213,D009,A002,2026-01-04,2026-01-05,2026-01-05,29,Stock Delay
S001214,T001214,D031,A009,2024-12-23,2024-12-24,2024-12-24,31,None
S001215,T001215,D028,A007,2024-11-29,2024-12-02,2024-12-04,12,None
S001216,T001216,D011,A002,2025-05-19,2025-05-20,2025-05-21,25,Stock Delay
S001217,T001217,D003,A001,2026-04-25,2026-04-26,2026-04-26,18,Minor Transport Delay
S001218,T001218,D026,A006,2026-05-26,2026-05-28,2026-05-29,40,Transport Routing Delay
S001219,T001219,D026,A006,2025-02-23,2025-02-25,2025-03-05,80,Dealer Stockout
S001220,T001220,D012,A003,2025-08-16,2025-08-19,2025-08-24,70,Warehouse Delay
S001221,T001221,D041,A013,2024-07-01,2024-07-04,2024-07-04,34,Stock Delay
S001222,T001222,D006,A001,2025-02-04,2025-02-06,2025-02-06,17,None
S001223,T001223,D014,A004,2025-09-18,2025-09-20,2025-09-20,5,None
S001224,T001224,D039,A013,2024-11-11,2024-11-14,2024-11-15,17,None
S001225,T001225,D017,A004,2024-10-06,2024-10-08,2024-10-08,4,None
S001226,T001226,D021,A005,2026-06-26,2026-06-29,2026-06-30,4,None
S001227,T001227,D016,A004,2024-05-26,2024-05-29,2024-05-29,13,Minor Transport Delay
S001228,T001228,D012,A003,2026-02-21,2026-02-24,2026-03-01,67,Dealer Stockout
S001229,T001229,D041,A013,2024-11-10,2024-11-13,2024-11-13,29,None
S001230,T001230,D017,A004,2024-10-18,2024-10-20,2024-10-20,12,None
S001231,T001231,D036,A011,2024-04-25,2024-04-27,2024-04-27,26,None
S001232,T001232,D010,A002,2024-07-30,2024-08-02,2024-08-03,29,None
S001233,T001233,D010,A002,2026-03-06,2026-03-09,2026-03-09,21,None
S001234,T001234,D005,A001,2024-06-19,2024-06-22,2024-06-22,10,None
S001235,T001235,D020,A005,2024-05-01,2024-05-02,2024-05-02,6,Minor Transport Delay
S001236,T001236,D016,A004,2025-02-13,2025-02-16,2025-02-16,4,None
S001237,T001237,D034,A010,2024-10-04,2024-10-06,2024-10-06,15,Stock Delay
S001238,T001238,D017,A004,2026-06-17,2026-06-20,2026-06-20,17,None
S001239,T001239,D040,A013,2025-05-09,2025-05-12,2025-05-14,29,None
S001240,T001240,D011,A002,2024-09-25,2024-09-28,2024-10-02,29,None
S001241,T001241,D036,A011,2024-01-15,2024-01-17,2024-01-18,12,None
S001242,T001242,D030,A009,2025-11-26,2025-11-29,2025-11-29,33,None
S001243,T001243,D032,A009,2025-10-22,2025-10-23,2025-10-25,23,None
S001244,T001244,D035,A010,2026-02-24,2026-02-25,2026-02-27,29,None
S001245,T001245,D029,A008,2025-03-18,2025-03-21,2025-03-21,36,None
S001246,T001246,D019,A005,2025-10-31,2025-11-03,2025-11-03,10,None
S001247,T001247,D001,A001,2024-02-01,2024-02-04,2024-02-04,10,None
S001248,T001248,D001,A001,2024-02-18,2024-02-20,2024-02-21,8,Minor Transport Delay
S001249,T001249,D037,A012,2025-09-07,2025-09-08,2025-09-08,20,None
S001250,T001250,D023,A005,2026-07-13,2026-07-15,2026-07-16,9,None
S001251,T001251,D033,A009,2024-05-25,2024-05-26,2024-05-26,23,None
S001252,T001252,D016,A004,2024-05-20,2024-05-22,2024-05-22,6,Minor Transport Delay
S001253,T001253,D001,A001,2025-09-15,2025-09-17,2025-09-17,18,None
S001254,T001254,D003,A001,2025-03-26,2025-03-27,2025-03-27,8,None
S001255,T001255,D028,A007,2025-07-08,2025-07-11,2025-07-12,23,None
S001256,T001256,D016,A004,2024-11-30,2024-12-01,2024-12-02,17,None
S001257,T001257,D010,A002,2024-01-07,2024-01-08,2024-01-12,21,None
S001258,T001258,D014,A004,2024-04-14,2024-04-17,2024-04-18,18,None
S001259,T001259,D006,A001,2024-09-12,2024-09-13,2024-09-13,5,Minor Transport Delay
S001260,T001260,D024,A005,2026-03-08,2026-03-09,2026-03-10,14,None
S001261,T001261,D012,A003,2024-06-09,2024-06-11,2024-06-14,70,Warehouse Delay
S001262,T001262,D032,A009,2025-07-23,2025-07-26,2025-07-27,29,None
S001263,T001263,D017,A004,2025-11-15,2025-11-16,2025-11-16,9,None
S001264,T001264,D015,A004,2024-04-13,2024-04-14,2024-04-16,9,None
S001265,T001265,D001,A001,2025-04-04,2025-04-05,2025-04-05,4,None
S001266,T001266,D001,A001,2025-01-06,2025-01-09,2025-01-09,11,None
S001267,T001267,D016,A004,2024-08-23,2024-08-25,2024-08-25,9,None
S001268,T001268,D016,A004,2026-06-13,2026-06-16,2026-06-16,15,None
S001269,T001269,D025,A005,2026-05-14,2026-05-15,2026-05-15,8,None
S001270,T001270,D016,A004,2024-07-23,2024-07-25,2024-07-26,13,None
S001271,T001271,D027,A007,2025-05-15,2025-05-18,2025-05-18,18,None
S001272,T001272,D035,A010,2024-03-26,2024-03-27,2024-03-28,19,Stock Delay
S001273,T001273,D031,A009,2025-03-13,2025-03-14,2025-03-15,28,None
S001274,T001274,D007,A001,2026-07-24,2026-07-25,2026-07-25,6,None
S001275,T001275,D014,A004,2024-01-10,2024-01-13,2024-01-13,9,None
S001276,T001276,D002,A001,2024-05-05,2024-05-08,2024-05-08,9,None
S001277,T001277,D012,A003,2026-01-16,2026-01-18,2026-01-23,86,Transport Routing Delay
S001278,T001278,D038,A013,2024-12-30,2025-01-02,2025-01-02,21,None
S001279,T001279,D004,A001,2024-03-30,2024-04-01,2024-04-01,10,Minor Transport Delay
S001280,T001280,D025,A005,2025-02-11,2025-02-12,2025-02-14,7,None
S001281,T001281,D020,A005,2025-08-24,2025-08-27,2025-08-27,10,None
S001282,T001282,D028,A007,2026-07-16,2026-07-17,2026-07-18,30,None
S001283,T001283,D024,A005,2024-02-07,2024-02-08,2024-02-08,12,None
S001284,T001284,D005,A001,2024-01-18,2024-01-19,2024-01-20,14,None
S001285,T001285,D013,A004,2025-12-22,2025-12-25,2025-12-25,14,None
S001286,T001286,D021,A005,2024-06-23,2024-06-25,2024-06-25,15,Minor Transport Delay
S001287,T001287,D005,A001,2024-10-31,2024-11-03,2024-11-03,11,None
S001288,T001288,D014,A004,2025-07-28,2025-07-30,2025-07-31,18,None
S001289,T001289,D006,A001,2025-08-07,2025-08-10,2025-08-10,12,None
S001290,T001290,D005,A001,2024-02-22,2024-02-23,2024-02-23,15,None
S001291,T001291,D017,A004,2025-09-15,2025-09-18,2025-09-19,17,None
S001292,T001292,D003,A001,2025-06-25,2025-06-26,2025-06-26,18,None
S001293,T001293,D019,A005,2025-04-18,2025-04-20,2025-04-20,12,None
S001294,T001294,D028,A007,2026-04-10,2026-04-12,2026-04-13,18,None
S001295,T001295,D031,A009,2025-06-19,2025-06-22,2025-06-22,17,None
S001296,T001296,D008,A002,2024-08-02,2024-08-05,2024-08-05,25,Stock Delay
S001297,T001297,D008,A002,2025-08-14,2025-08-17,2025-08-21,27,Stock Delay
S001298,T001298,D003,A001,2026-08-25,2026-08-27,2026-08-27,18,None
S001299,T001299,D025,A005,2025-09-24,2025-09-27,2025-09-27,17,None
S001300,T001300,D028,A007,2025-04-24,2025-04-25,2025-04-25,16,None
S001301,T001301,D004,A001,2025-08-22,2025-08-23,2025-08-24,9,None
S001302,T001302,D040,A013,2026-02-01,2026-02-04,2026-02-05,36,None
S001303,T001303,D001,A001,2026-02-26,2026-03-01,2026-03-01,6,None
S001304,T001304,D024,A005,2026-02-01,2026-02-02,2026-02-02,16,None
S001305,T001305,D027,A007,2026-05-28,2026-05-29,2026-05-31,27,None
S001306,T001306,D036,A011,2024-12-23,2024-12-24,2024-12-25,13,None
S001307,T001307,D028,A007,2026-04-26,2026-04-27,2026-04-29,34,None
S001308,T001308,D032,A009,2024-03-03,2024-03-04,2024-03-04,34,None
S001309,T001309,D013,A004,2026-07-16,2026-07-19,2026-07-19,12,None
S001310,T001310,D033,A009,2024-05-23,2024-05-25,2024-05-25,34,None
S001311,T001311,D005,A001,2025-02-14,2025-02-15,2025-02-15,7,None
S001312,T001312,D036,A011,2025-10-03,2025-10-06,2025-10-06,36,Stock Delay
S001313,T001313,D019,A005,2025-01-10,2025-01-12,2025-01-12,7,None
S001314,T001314,D033,A009,2026-04-20,2026-04-21,2026-04-22,30,None
S001315,T001315,D013,A004,2024-04-13,2024-04-15,2024-04-15,14,None
S001316,T001316,D020,A005,2026-05-08,2026-05-09,2026-05-09,6,None
S001317,T001317,D020,A005,2025-07-11,2025-07-13,2025-07-15,14,None
S001318,T001318,D028,A007,2026-07-25,2026-07-27,2026-07-27,14,None
S001319,T001319,D003,A001,2024-03-11,2024-03-14,2024-03-14,5,None
S001320,T001320,D005,A001,2025-12-14,2025-12-16,2025-12-16,7,None
S001321,T001321,D012,A003,2025-02-23,2025-02-25,2025-02-25,59,None
S001322,T001322,D002,A001,2025-11-16,2025-11-19,2025-11-19,11,Minor Transport Delay
S001323,T001323,D036,A011,2024-05-26,2024-05-28,2024-05-28,16,Transport Delay
S001324,T001324,D008,A002,2024-09-26,2024-09-28,2024-09-29,26,None
S001325,T001325,D039,A013,2025-08-29,2025-08-30,2025-09-01,30,None
S001326,T001326,D013,A004,2025-03-04,2025-03-06,2025-03-06,16,None
S001327,T001327,D008,A002,2025-08-06,2025-08-07,2025-08-08,36,Stock Delay
S001328,T001328,D033,A009,2026-02-22,2026-02-24,2026-02-25,23,None
S001329,T001329,D026,A006,2026-05-01,2026-05-03,2026-05-06,93,Transport Routing Delay
S001330,T001330,D022,A005,2024-05-06,2024-05-08,2024-05-09,4,None
S001331,T001331,D025,A005,2025-07-20,2025-07-21,2025-07-21,16,None
S001332,T001332,D028,A007,2026-03-05,2026-03-06,2026-03-06,18,None
S001333,T001333,D008,A002,2025-06-03,2025-06-04,2025-06-05,26,None
S001334,T001334,D039,A013,2026-01-19,2026-01-20,2026-01-20,36,None
S001335,T001335,D040,A013,2024-04-06,2024-04-09,2024-04-09,12,None
S001336,T001336,D021,A005,2024-07-16,2024-07-19,2024-07-20,4,None
S001337,T001337,D011,A002,2024-05-16,2024-05-18,2024-05-19,13,Transport Delay
S001338,T001338,D026,A006,2026-06-02,2026-06-03,2026-06-11,75,Dealer Stockout
S001339,T001339,D003,A001,2025-04-06,2025-04-07,2025-04-07,16,None
S001340,T001340,D001,A001,2025-12-25,2025-12-27,2025-12-27,17,None
S001341,T001341,D012,A003,2024-06-12,2024-06-14,2024-06-22,51,Warehouse Delay
S001342,T001342,D013,A004,2024-03-01,2024-03-03,2024-03-03,8,None
S001343,T001343,D036,A011,2024-05-27,2024-05-29,2024-05-30,26,None
S001344,T001344,D028,A007,2024-06-03,2024-06-05,2024-06-09,30,None
S001345,T001345,D029,A008,2025-01-17,2025-01-19,2025-01-21,16,None
S001346,T001346,D015,A004,2026-05-02,2026-05-05,2026-05-05,7,None
S001347,T001347,D013,A004,2025-06-30,2025-07-03,2025-07-03,7,None
S001348,T001348,D016,A004,2024-04-11,2024-04-13,2024-04-13,11,None
S001349,T001349,D041,A013,2025-04-04,2025-04-07,2025-04-07,16,Stock Delay
S001350,T001350,D005,A001,2024-12-09,2024-12-10,2024-12-10,16,None
S001351,T001351,D036,A011,2025-08-07,2025-08-08,2025-08-08,29,None
S001352,T001352,D021,A005,2025-04-21,2025-04-24,2025-04-24,4,None
S001353,T001353,D014,A004,2024-12-07,2024-12-10,2024-12-12,4,None
S001354,T001354,D028,A007,2024-04-01,2024-04-02,2024-04-03,17,None
S001355,T001355,D014,A004,2025-07-07,2025-07-09,2025-07-09,15,None
S001356,T001356,D036,A011,2025-11-01,2025-11-03,2025-11-03,15,None
S001357,T001357,D037,A012,2024-11-19,2024-11-22,2024-11-23,35,None
S001358,T001358,D016,A004,2024-04-23,2024-04-24,2024-04-24,5,None
S001359,T001359,D012,A003,2024-09-19,2024-09-20,2024-09-23,45,Warehouse Delay
S001360,T001360,D021,A005,2024-10-27,2024-10-28,2024-10-28,6,None
S001361,T001361,D037,A012,2024-05-27,2024-05-28,2024-05-28,30,None
S001362,T001362,D009,A002,2026-01-20,2026-01-23,2026-01-24,30,None
S001363,T001363,D025,A005,2025-04-01,2025-04-03,2025-04-04,10,None
S001364,T001364,D024,A005,2024-07-06,2024-07-09,2024-07-09,9,None
S001365,T001365,D027,A007,2025-04-26,2025-04-27,2025-04-28,31,Stock Delay
S001366,T001366,D005,A001,2024-01-25,2024-01-26,2024-01-26,9,None
S001367,T001367,D028,A007,2024-04-24,2024-04-25,2024-04-25,15,None
S001368,T001368,D037,A012,2026-08-10,2026-08-13,2026-08-15,14,None
S001369,T001369,D011,A002,2026-02-14,2026-02-16,2026-02-17,29,Stock Delay
S001370,T001370,D011,A002,2025-07-23,2025-07-26,2025-07-27,16,None
S001371,T001371,D038,A013,2026-07-18,2026-07-21,2026-07-22,21,None
S001372,T001372,D009,A002,2025-03-24,2025-03-27,2025-03-28,14,Transport Delay
S001373,T001373,D034,A010,2025-05-17,2025-05-20,2025-05-22,16,None
S001374,T001374,D013,A004,2024-02-21,2024-02-24,2024-02-24,16,None
S001375,T001375,D012,A003,2025-02-06,2025-02-09,2025-02-14,89,Dealer Stockout
S001376,T001376,D036,A011,2024-10-12,2024-10-14,2024-10-15,20,None
S001377,T001377,D017,A004,2024-06-10,2024-06-11,2024-06-11,12,None
S001378,T001378,D022,A005,2024-07-10,2024-07-13,2024-07-14,6,None
S001379,T001379,D014,A004,2026-01-31,2026-02-02,2026-02-02,15,None
S001380,T001380,D021,A005,2026-07-13,2026-07-14,2026-07-15,16,None
S001381,T001381,D008,A002,2024-01-19,2024-01-22,2024-01-22,21,None
S001382,T001382,D016,A004,2024-09-02,2024-09-03,2024-09-03,4,None
S001383,T001383,D038,A013,2024-05-04,2024-05-05,2024-05-05,12,None
S001384,T001384,D012,A003,2025-01-28,2025-01-31,2025-02-05,88,Dealer Stockout
S001385,T001385,D026,A006,2024-07-25,2024-07-27,2024-08-01,73,Warehouse Delay
S001386,T001386,D017,A004,2026-01-14,2026-01-17,2026-01-17,4,None
S001387,T001387,D032,A009,2024-11-03,2024-11-04,2024-11-06,29,None
S001388,T001388,D004,A001,2024-09-07,2024-09-08,2024-09-08,13,None
S001389,T001389,D040,A013,2025-12-01,2025-12-02,2025-12-02,15,None
S001390,T001390,D016,A004,2024-03-25,2024-03-26,2024-03-26,5,None
S001391,T001391,D010,A002,2025-12-11,2025-12-13,2025-12-14,36,None
S001392,T001392,D003,A001,2024-06-02,2024-06-03,2024-06-03,16,None
S001393,T001393,D008,A002,2025-01-06,2025-01-08,2025-01-09,20,None
S001394,T001394,D022,A005,2024-11-25,2024-11-28,2024-11-28,8,None
S001395,T001395,D018,A004,2024-10-06,2024-10-08,2024-10-08,6,None
S001396,T001396,D034,A010,2025-07-17,2025-07-19,2025-07-21,35,None
S001397,T001397,D018,A004,2026-02-27,2026-02-28,2026-02-28,6,Minor Transport Delay
S001398,T001398,D012,A003,2025-06-09,2025-06-12,2025-06-20,54,None
S001399,T001399,D022,A005,2024-05-24,2024-05-27,2024-05-27,18,None
S001400,T001400,D028,A007,2026-07-15,2026-07-17,2026-07-17,23,None
S001401,T001401,D011,A002,2024-11-15,2024-11-16,2024-11-16,26,None
S001402,T001402,D008,A002,2024-06-12,2024-06-13,2024-06-17,29,Transport Delay
S001403,T001403,D006,A001,2024-12-05,2024-12-08,2024-12-08,10,Minor Transport Delay
S001404,T001404,D027,A007,2026-03-16,2026-03-18,2026-03-18,12,None
S001405,T001405,D026,A006,2024-04-27,2024-04-28,2024-04-28,74,Dealer Stockout
S001406,T001406,D015,A004,2025-03-12,2025-03-13,2025-03-13,6,None
S001407,T001407,D034,A010,2025-04-14,2025-04-15,2025-04-15,35,Transport Delay
S001408,T001408,D031,A009,2025-08-04,2025-08-07,2025-08-07,23,None
S001409,T001409,D024,A005,2026-07-15,2026-07-18,2026-07-18,4,None
S001410,T001410,D036,A011,2026-02-08,2026-02-09,2026-02-13,36,Stock Delay
S001411,T001411,D010,A002,2024-11-15,2024-11-18,2024-11-18,21,None
S001412,T001412,D002,A001,2025-03-26,2025-03-27,2025-03-28,8,None
S001413,T001413,D012,A003,2025-09-28,2025-09-30,2025-10-01,59,Transport Routing Delay
S001414,T001414,D007,A001,2025-10-02,2025-10-05,2025-10-05,17,None
S001415,T001415,D021,A005,2025-07-25,2025-07-26,2025-07-26,10,None
S001416,T001416,D040,A013,2026-02-14,2026-02-17,2026-02-18,26,None
S001417,T001417,D004,A001,2025-04-08,2025-04-11,2025-04-11,10,None
S001418,T001418,D003,A001,2026-08-12,2026-08-14,2026-08-16,17,None
S001419,T001419,D017,A004,2026-06-19,2026-06-21,2026-06-22,11,None
S001420,T001420,D040,A013,2026-03-20,2026-03-22,2026-03-22,14,None
S001421,T001421,D013,A004,2025-10-16,2025-10-18,2025-10-18,10,Minor Transport Delay
S001422,T001422,D025,A005,2025-06-06,2025-06-09,2025-06-09,8,Minor Transport Delay
S001423,T001423,D002,A001,2024-11-16,2024-11-18,2024-11-19,8,None
S001424,T001424,D004,A001,2026-06-18,2026-06-20,2026-06-20,5,None
S001425,T001425,D041,A013,2026-05-13,2026-05-16,2026-05-17,23,None
S001426,T001426,D039,A013,2024-01-18,2024-01-21,2024-01-22,21,None
S001427,T001427,D007,A001,2024-05-06,2024-05-09,2024-05-09,11,None
S001428,T001428,D038,A013,2025-06-27,2025-06-29,2025-06-29,33,None
S001429,T001429,D020,A005,2024-12-11,2024-12-14,2024-12-14,12,None
S001430,T001430,D036,A011,2026-01-11,2026-01-14,2026-01-15,30,Stock Delay
S001431,T001431,D013,A004,2025-02-18,2025-02-20,2025-02-21,4,None
S001432,T001432,D025,A005,2024-04-13,2024-04-14,2024-04-14,17,None
S001433,T001433,D014,A004,2025-11-03,2025-11-05,2025-11-05,15,None
S001434,T001434,D026,A006,2024-05-01,2024-05-03,2024-05-03,75,Warehouse Delay
S001435,T001435,D004,A001,2024-01-05,2024-01-06,2024-01-06,5,None
S001436,T001436,D007,A001,2025-06-01,2025-06-02,2025-06-04,7,None
S001437,T001437,D014,A004,2024-04-17,2024-04-19,2024-04-19,13,None
S001438,T001438,D027,A007,2024-03-23,2024-03-25,2024-03-25,12,None
S001439,T001439,D011,A002,2026-04-12,2026-04-13,2026-04-13,34,None
S001440,T001440,D026,A006,2026-02-19,2026-02-22,2026-02-25,85,Warehouse Delay
S001441,T001441,D041,A013,2026-06-24,2026-06-25,2026-06-26,23,None
S001442,T001442,D007,A001,2024-02-22,2024-02-25,2024-02-25,13,None
S001443,T001443,D026,A006,2026-04-21,2026-04-23,2026-05-01,94,Dealer Stockout
S001444,T001444,D013,A004,2024-07-29,2024-07-31,2024-07-31,12,None
S001445,T001445,D036,A011,2025-04-28,2025-04-29,2025-04-30,33,Stock Delay
S001446,T001446,D008,A002,2025-04-27,2025-04-29,2025-04-30,13,None
S001447,T001447,D027,A007,2026-08-26,2026-08-27,2026-08-27,29,None
S001448,T001448,D035,A010,2026-05-04,2026-05-05,2026-05-07,33,None
S001449,T001449,D041,A013,2024-09-14,2024-09-16,2024-09-17,29,None
S001450,T001450,D026,A006,2024-02-11,2024-02-13,2024-02-16,42,Parts Damage
S001451,T001451,D020,A005,2026-03-28,2026-03-31,2026-03-31,15,None
S001452,T001452,D025,A005,2024-12-26,2024-12-29,2024-12-29,6,None
S001453,T001453,D036,A011,2024-07-17,2024-07-18,2024-07-18,24,Transport Delay
S001454,T001454,D025,A005,2024-05-04,2024-05-07,2024-05-07,10,None
S001455,T001455,D004,A001,2025-07-18,2025-07-20,2025-07-20,14,None
S001456,T001456,D041,A013,2025-11-29,2025-12-01,2025-12-01,31,None
S001457,T001457,D028,A007,2025-12-14,2025-12-15,2025-12-15,13,None
S001458,T001458,D026,A006,2026-07-05,2026-07-06,2026-07-09,36,Transport Routing Delay
S001459,T001459,D009,A002,2024-07-21,2024-07-22,2024-07-26,32,None
S001460,T001460,D026,A006,2024-10-15,2024-10-16,2024-10-21,80,Dealer Stockout
S001461,T001461,D014,A004,2025-08-14,2025-08-16,2025-08-16,8,None
S001462,T001462,D019,A005,2024-01-11,2024-01-12,2024-01-12,13,None
S001463,T001463,D007,A001,2024-01-16,2024-01-17,2024-01-17,5,None
S001464,T001464,D026,A006,2025-05-02,2025-05-04,2025-05-09,81,Transport Routing Delay
S001465,T001465,D040,A013,2025-02-17,2025-02-18,2025-02-18,31,Stock Delay
S001466,T001466,D003,A001,2025-07-17,2025-07-18,2025-07-18,4,None
S001467,T001467,D040,A013,2026-07-22,2026-07-24,2026-07-24,16,None
S001468,T001468,D017,A004,2026-03-17,2026-03-18,2026-03-18,7,None
S001469,T001469,D036,A011,2024-05-20,2024-05-21,2024-05-23,27,None
S001470,T001470,D031,A009,2024-08-27,2024-08-29,2024-08-30,27,None
S001471,T001471,D021,A005,2024-09-22,2024-09-24,2024-09-25,14,None
S001472,T001472,D029,A008,2024-06-13,2024-06-16,2024-06-16,16,None
S001473,T001473,D036,A011,2026-02-15,2026-02-17,2026-02-18,25,Stock Delay
S001474,T001474,D014,A004,2024-02-07,2024-02-08,2024-02-08,4,None
S001475,T001475,D017,A004,2025-04-19,2025-04-21,2025-04-21,8,None
S001476,T001476,D026,A006,2025-05-07,2025-05-10,2025-05-10,42,Transport Routing Delay
S001477,T001477,D031,A009,2025-06-26,2025-06-27,2025-06-29,21,Stock Delay
S001478,T001478,D029,A008,2025-05-30,2025-06-01,2025-06-02,33,None
S001479,T001479,D031,A009,2025-07-30,2025-08-01,2025-08-01,36,None
S001480,T001480,D016,A004,2024-05-31,2024-06-02,2024-06-02,12,None
S001481,T001481,D033,A009,2025-03-02,2025-03-04,2025-03-04,26,None
S001482,T001482,D006,A001,2024-07-30,2024-08-01,2024-08-02,17,None
S001483,T001483,D021,A005,2024-08-01,2024-08-04,2024-08-06,10,None
S001484,T001484,D002,A001,2025-01-01,2025-01-02,2025-01-02,12,None
S001485,T001485,D016,A004,2025-09-13,2025-09-15,2025-09-16,15,None
S001486,T001486,D017,A004,2026-07-29,2026-08-01,2026-08-03,13,None
S001487,T001487,D013,A004,2025-12-11,2025-12-13,2025-12-13,8,None
S001488,T001488,D027,A007,2025-12-04,2025-12-07,2025-12-08,27,None
S001489,T001489,D018,A004,2024-03-26,2024-03-28,2024-03-28,11,None
S001490,T001490,D013,A004,2024-11-17,2024-11-20,2024-11-20,9,None
S001491,T001491,D011,A002,2025-05-27,2025-05-29,2025-05-29,22,None
S001492,T001492,D016,A004,2026-05-20,2026-05-23,2026-05-23,4,None
S001493,T001493,D010,A002,2024-05-30,2024-05-31,2024-05-31,24,None
S001494,T001494,D004,A001,2026-01-16,2026-01-17,2026-01-17,6,None
S001495,T001495,D020,A005,2025-05-08,2025-05-09,2025-05-09,17,None
S001496,T001496,D026,A006,2025-03-12,2025-03-13,2025-03-21,42,Transport Routing Delay
S001497,T001497,D025,A005,2024-10-28,2024-10-31,2024-11-01,9,None
S001498,T001498,D017,A004,2025-02-17,2025-02-20,2025-02-20,9,None
S001499,T001499,D016,A004,2025-08-15,2025-08-16,2025-08-16,16,None
S001500,T001500,D034,A010,2026-02-03,2026-02-06,2026-02-07,12,None
S001501,T001501,D021,A005,2024-07-07,2024-07-09,2024-07-09,17,None
S001502,T001502,D017,A004,2024-01-26,2024-01-27,2024-01-27,18,None
S001503,T001503,D002,A001,2026-04-05,2026-04-07,2026-04-08,11,None
S001504,T001504,D015,A004,2025-12-02,2025-12-03,2025-12-03,7,None
S001505,T001505,D016,A004,2024-07-06,2024-07-08,2024-07-08,7,None
S001506,T001506,D016,A004,2024-06-12,2024-06-14,2024-06-14,10,Minor Transport Delay
S001507,T001507,D023,A005,2024-01-06,2024-01-07,2024-01-09,4,None
S001508,T001508,D021,A005,2024-09-23,2024-09-24,2024-09-25,13,None
S001509,T001509,D023,A005,2024-11-28,2024-12-01,2024-12-01,15,None
S001510,T001510,D033,A009,2025-12-18,2025-12-20,2025-12-20,14,None
S001511,T001511,D030,A009,2026-04-21,2026-04-22,2026-04-22,13,None
S001512,T001512,D028,A007,2024-03-01,2024-03-03,2024-03-04,26,None
S001513,T001513,D039,A013,2025-04-09,2025-04-10,2025-04-11,21,None
S001514,T001514,D005,A001,2025-05-15,2025-05-18,2025-05-18,13,None
S001515,T001515,D008,A002,2025-06-01,2025-06-04,2025-06-04,12,None
S001516,T001516,D003,A001,2026-02-10,2026-02-11,2026-02-11,12,None
S001517,T001517,D019,A005,2025-08-01,2025-08-02,2025-08-02,6,None
S001518,T001518,D037,A012,2026-03-06,2026-03-08,2026-03-10,19,None
S001519,T001519,D012,A003,2025-07-09,2025-07-10,2025-07-13,47,Parts Damage
S001520,T001520,D039,A013,2024-09-10,2024-09-11,2024-09-11,17,None
S001521,T001521,D001,A001,2024-06-06,2024-06-08,2024-06-09,16,None
S001522,T001522,D038,A013,2024-04-26,2024-04-29,2024-04-29,22,None
S001523,T001523,D018,A004,2025-11-30,2025-12-01,2025-12-01,10,None
S001524,T001524,D005,A001,2026-04-07,2026-04-09,2026-04-09,7,None
S001525,T001525,D014,A004,2024-07-16,2024-07-17,2024-07-17,7,None
S001526,T001526,D012,A003,2024-05-15,2024-05-18,2024-05-18,72,Warehouse Delay
S001527,T001527,D018,A004,2024-08-24,2024-08-25,2024-08-26,16,None
S001528,T001528,D013,A004,2024-06-14,2024-06-17,2024-06-17,16,None
S001529,T001529,D033,A009,2024-11-16,2024-11-19,2024-11-20,16,Transport Delay
S001530,T001530,D020,A005,2024-09-05,2024-09-07,2024-09-07,11,None
S001531,T001531,D015,A004,2024-10-11,2024-10-12,2024-10-13,10,None
S001532,T001532,D025,A005,2024-10-01,2024-10-02,2024-10-02,18,None
S001533,T001533,D027,A007,2025-08-23,2025-08-24,2025-08-24,14,None
S001534,T001534,D012,A003,2025-01-16,2025-01-19,2025-01-22,96,Transport Routing Delay
S001535,T001535,D016,A004,2024-11-22,2024-11-25,2024-11-26,14,None
S001536,T001536,D004,A001,2024-04-15,2024-04-16,2024-04-16,18,None
S001537,T001537,D011,A002,2026-04-08,2026-04-09,2026-04-09,30,None
S001538,T001538,D026,A006,2024-11-18,2024-11-19,2024-11-20,48,Dealer Stockout
S001539,T001539,D008,A002,2024-12-28,2024-12-29,2024-12-31,23,None
S001540,T001540,D021,A005,2024-08-02,2024-08-03,2024-08-03,14,None
S001541,T001541,D027,A007,2025-06-13,2025-06-15,2025-06-15,30,None
S001542,T001542,D003,A001,2025-04-22,2025-04-23,2025-04-23,15,None
S001543,T001543,D020,A005,2024-04-05,2024-04-08,2024-04-08,17,None
S001544,T001544,D012,A003,2025-12-18,2025-12-21,2025-12-26,73,Dealer Stockout
S001545,T001545,D038,A013,2024-11-05,2024-11-08,2024-11-08,13,None
S001546,T001546,D016,A004,2026-04-29,2026-04-30,2026-05-02,18,None
S001547,T001547,D033,A009,2024-12-28,2024-12-30,2025-01-01,13,None
S001548,T001548,D024,A005,2025-07-09,2025-07-11,2025-07-13,8,None
S001549,T001549,D003,A001,2025-10-13,2025-10-15,2025-10-15,12,None
S001550,T001550,D023,A005,2024-06-24,2024-06-26,2024-06-26,15,None
S001551,T001551,D041,A013,2026-03-18,2026-03-19,2026-03-20,20,None
S001552,T001552,D024,A005,2025-08-21,2025-08-22,2025-08-22,18,None
S001553,T001553,D032,A009,2026-01-24,2026-01-25,2026-01-26,24,None
S001554,T001554,D036,A011,2024-07-06,2024-07-08,2024-07-08,15,None
S001555,T001555,D011,A002,2024-06-21,2024-06-23,2024-06-23,29,None
S001556,T001556,D010,A002,2026-06-20,2026-06-23,2026-06-23,17,Stock Delay
S001557,T001557,D021,A005,2024-03-30,2024-04-02,2024-04-02,13,None
S001558,T001558,D017,A004,2025-12-20,2025-12-22,2025-12-22,17,None
S001559,T001559,D034,A010,2025-02-23,2025-02-24,2025-02-24,22,Stock Delay
S001560,T001560,D037,A012,2025-03-16,2025-03-17,2025-03-17,21,None
S001561,T001561,D018,A004,2024-08-25,2024-08-26,2024-08-26,16,None
S001562,T001562,D009,A002,2025-01-14,2025-01-15,2025-01-16,17,None
S001563,T001563,D033,A009,2024-04-05,2024-04-08,2024-04-08,12,None
S001564,T001564,D012,A003,2026-08-12,2026-08-13,2026-08-16,78,Dealer Stockout
S001565,T001565,D032,A009,2025-02-13,2025-02-16,2025-02-17,13,None
S001566,T001566,D014,A004,2025-02-04,2025-02-05,2025-02-05,15,Minor Transport Delay
S001567,T001567,D026,A006,2025-08-09,2025-08-10,2025-08-13,48,Dealer Stockout
S001568,T001568,D004,A001,2026-04-25,2026-04-28,2026-04-28,7,None
S001569,T001569,D025,A005,2026-06-26,2026-06-28,2026-06-28,14,Minor Transport Delay
S001570,T001570,D015,A004,2024-10-16,2024-10-17,2024-10-19,8,None
S001571,T001571,D024,A005,2024-04-11,2024-04-13,2024-04-13,17,None
S001572,T001572,D009,A002,2025-04-15,2025-04-17,2025-04-17,24,None
S001573,T001573,D028,A007,2026-07-04,2026-07-05,2026-07-05,34,None
S001574,T001574,D035,A010,2024-07-03,2024-07-04,2024-07-06,25,Stock Delay
S001575,T001575,D010,A002,2026-05-28,2026-05-29,2026-05-30,26,None
S001576,T001576,D007,A001,2026-05-16,2026-05-19,2026-05-19,7,None
S001577,T001577,D002,A001,2024-02-12,2024-02-13,2024-02-13,7,None
S001578,T001578,D025,A005,2024-09-30,2024-10-02,2024-10-02,8,None
S001579,T001579,D021,A005,2026-03-26,2026-03-29,2026-03-30,13,None
S001580,T001580,D025,A005,2024-01-12,2024-01-14,2024-01-15,16,None
S001581,T001581,D009,A002,2025-01-22,2025-01-23,2025-01-23,30,None
S001582,T001582,D016,A004,2024-06-26,2024-06-29,2024-06-29,15,None
S001583,T001583,D019,A005,2024-01-04,2024-01-06,2024-01-06,17,None
S001584,T001584,D021,A005,2025-05-08,2025-05-10,2025-05-10,10,None
S001585,T001585,D040,A013,2026-03-09,2026-03-12,2026-03-12,13,None
S001586,T001586,D004,A001,2025-06-30,2025-07-02,2025-07-02,4,None
S001587,T001587,D028,A007,2026-01-24,2026-01-26,2026-01-26,28,Transport Delay
S001588,T001588,D015,A004,2024-10-09,2024-10-11,2024-10-11,15,None
S001589,T001589,D016,A004,2026-05-13,2026-05-15,2026-05-16,8,None
S001590,T001590,D028,A007,2024-05-14,2024-05-16,2024-05-17,24,None
S001591,T001591,D027,A007,2025-01-11,2025-01-13,2025-01-15,14,None
S001592,T001592,D038,A013,2026-08-18,2026-08-19,2026-08-19,34,None
S001593,T001593,D001,A001,2024-01-12,2024-01-15,2024-01-15,4,None
S001594,T001594,D007,A001,2026-05-07,2026-05-09,2026-05-09,7,None
S001595,T001595,D028,A007,2024-02-04,2024-02-05,2024-02-05,19,None
S001596,T001596,D022,A005,2025-08-29,2025-08-30,2025-08-30,10,None
S001597,T001597,D012,A003,2024-01-23,2024-01-25,2024-01-28,86,Parts Damage
S001598,T001598,D005,A001,2026-08-13,2026-08-14,2026-08-14,10,None
S001599,T001599,D004,A001,2026-07-22,2026-07-25,2026-07-25,5,None
S001600,T001600,D036,A011,2025-06-04,2025-06-07,2025-06-07,18,None
S001601,T001601,D008,A002,2025-01-31,2025-02-01,2025-02-02,18,None
S001602,T001602,D014,A004,2025-12-14,2025-12-17,2025-12-17,17,None
S001603,T001603,D011,A002,2024-01-25,2024-01-27,2024-01-28,32,None
S001604,T001604,D018,A004,2025-10-14,2025-10-17,2025-10-17,17,None
S001605,T001605,D001,A001,2024-09-25,2024-09-28,2024-09-28,15,None
S001606,T001606,D025,A005,2025-02-15,2025-02-18,2025-02-18,10,None
S001607,T001607,D007,A001,2024-03-03,2024-03-04,2024-03-04,6,None
S001608,T001608,D030,A009,2025-04-30,2025-05-03,2025-05-04,36,Stock Delay
S001609,T001609,D008,A002,2025-11-20,2025-11-23,2025-11-25,27,None
S001610,T001610,D022,A005,2025-12-20,2025-12-21,2025-12-21,7,None
S001611,T001611,D036,A011,2025-06-30,2025-07-02,2025-07-03,17,None
S001612,T001612,D020,A005,2024-01-31,2024-02-03,2024-02-03,12,None
S001613,T001613,D020,A005,2026-06-24,2026-06-27,2026-06-27,9,None
S001614,T001614,D017,A004,2025-12-09,2025-12-10,2025-12-10,16,None
S001615,T001615,D016,A004,2024-01-28,2024-01-31,2024-01-31,13,None
S001616,T001616,D026,A006,2024-07-13,2024-07-15,2024-07-16,74,Transport Routing Delay
S001617,T001617,D039,A013,2025-07-28,2025-07-31,2025-08-01,20,None
S001618,T001618,D026,A006,2025-12-15,2025-12-18,2025-12-23,83,Dealer Stockout
S001619,T001619,D023,A005,2024-04-24,2024-04-26,2024-04-26,18,None
S001620,T001620,D028,A007,2025-10-18,2025-10-21,2025-10-21,15,None
S001621,T001621,D017,A004,2025-08-16,2025-08-17,2025-08-17,14,None
S001622,T001622,D007,A001,2025-08-17,2025-08-20,2025-08-20,18,None
S001623,T001623,D019,A005,2024-12-02,2024-12-03,2024-12-04,16,None
S001624,T001624,D038,A013,2026-08-17,2026-08-18,2026-08-18,21,None
S001625,T001625,D008,A002,2024-07-27,2024-07-30,2024-07-31,13,None
S001626,T001626,D027,A007,2025-04-10,2025-04-12,2025-04-12,17,None
S001627,T001627,D009,A002,2025-10-28,2025-10-30,2025-11-01,28,None
S001628,T001628,D024,A005,2026-05-21,2026-05-23,2026-05-23,12,None
S001629,T001629,D005,A001,2024-07-07,2024-07-10,2024-07-10,8,None
S001630,T001630,D017,A004,2024-01-03,2024-01-06,2024-01-06,15,None
S001631,T001631,D029,A008,2026-05-29,2026-05-30,2026-05-31,24,None
S001632,T001632,D017,A004,2024-02-03,2024-02-04,2024-02-05,7,None
S001633,T001633,D026,A006,2025-10-12,2025-10-13,2025-10-21,62,Dealer Stockout
S001634,T001634,D032,A009,2024-10-14,2024-10-15,2024-10-15,31,None
S001635,T001635,D039,A013,2025-10-19,2025-10-21,2025-10-25,33,Stock Delay
S001636,T001636,D008,A002,2024-03-24,2024-03-25,2024-03-26,21,Stock Delay
S001637,T001637,D018,A004,2024-05-26,2024-05-27,2024-05-27,9,None
S001638,T001638,D001,A001,2025-08-22,2025-08-23,2025-08-25,11,None
S001639,T001639,D039,A013,2025-07-18,2025-07-20,2025-07-21,24,Stock Delay
S001640,T001640,D038,A013,2024-09-12,2024-09-14,2024-09-15,26,None
S001641,T001641,D025,A005,2024-10-27,2024-10-29,2024-10-29,17,None
S001642,T001642,D035,A010,2024-02-13,2024-02-15,2024-02-15,36,None
S001643,T001643,D025,A005,2024-03-22,2024-03-25,2024-03-26,16,None
S001644,T001644,D024,A005,2024-01-17,2024-01-19,2024-01-20,8,None
S001645,T001645,D005,A001,2025-07-13,2025-07-14,2025-07-14,15,None
S001646,T001646,D029,A008,2025-06-14,2025-06-16,2025-06-18,24,None
S001647,T001647,D002,A001,2024-08-24,2024-08-25,2024-08-25,16,None
S001648,T001648,D035,A010,2024-10-17,2024-10-18,2024-10-18,30,None
S001649,T001649,D033,A009,2026-07-22,2026-07-25,2026-07-27,16,None
S001650,T001650,D027,A007,2025-09-11,2025-09-13,2025-09-13,25,None
S001651,T001651,D001,A001,2025-01-28,2025-01-30,2025-01-30,11,Minor Transport Delay
S001652,T001652,D017,A004,2025-02-21,2025-02-22,2025-02-23,10,None
S001653,T001653,D012,A003,2025-08-25,2025-08-28,2025-09-02,96,Warehouse Delay
S001654,T001654,D014,A004,2024-11-24,2024-11-27,2024-11-27,17,Minor Transport Delay
S001655,T001655,D005,A001,2025-04-20,2025-04-22,2025-04-22,6,None
S001656,T001656,D041,A013,2024-01-13,2024-01-14,2024-01-14,28,None
S001657,T001657,D025,A005,2026-04-06,2026-04-09,2026-04-10,5,None
S001658,T001658,D017,A004,2026-02-02,2026-02-05,2026-02-05,6,None
S001659,T001659,D013,A004,2026-07-07,2026-07-09,2026-07-09,14,Minor Transport Delay
S001660,T001660,D016,A004,2026-08-10,2026-08-11,2026-08-12,15,None
S001661,T001661,D025,A005,2024-11-08,2024-11-11,2024-11-11,17,None
S001662,T001662,D024,A005,2026-08-16,2026-08-17,2026-08-17,5,None
S001663,T001663,D037,A012,2024-11-25,2024-11-28,2024-11-30,27,None
S001664,T001664,D023,A005,2025-07-07,2025-07-10,2025-07-10,14,None
S001665,T001665,D039,A013,2024-10-30,2024-10-31,2024-10-31,34,None
S001666,T001666,D034,A010,2024-08-27,2024-08-28,2024-08-28,27,Transport Delay
S001667,T001667,D008,A002,2025-09-29,2025-10-02,2025-10-04,24,None
S001668,T001668,D038,A013,2025-10-26,2025-10-28,2025-10-28,16,Stock Delay
S001669,T001669,D004,A001,2025-11-05,2025-11-06,2025-11-06,4,None
S001670,T001670,D033,A009,2024-04-12,2024-04-15,2024-04-15,22,Transport Delay
S001671,T001671,D018,A004,2026-07-26,2026-07-29,2026-07-31,8,None
S001672,T001672,D036,A011,2024-09-10,2024-09-12,2024-09-12,15,None
S001673,T001673,D036,A011,2024-03-15,2024-03-16,2024-03-16,31,None
S001674,T001674,D030,A009,2024-01-14,2024-01-16,2024-01-16,18,None
S001675,T001675,D033,A009,2024-12-24,2024-12-25,2024-12-25,36,None
S001676,T001676,D014,A004,2024-02-16,2024-02-19,2024-02-19,13,None
S001677,T001677,D005,A001,2026-01-09,2026-01-12,2026-01-12,11,None
S001678,T001678,D013,A004,2024-07-13,2024-07-16,2024-07-16,8,None
S001679,T001679,D010,A002,2026-05-16,2026-05-18,2026-05-19,12,Stock Delay
S001680,T001680,D028,A007,2024-01-27,2024-01-30,2024-02-03,25,Stock Delay
S001681,T001681,D014,A004,2024-11-18,2024-11-19,2024-11-19,11,None
S001682,T001682,D038,A013,2026-03-16,2026-03-19,2026-03-19,34,None
S001683,T001683,D021,A005,2024-04-01,2024-04-04,2024-04-04,14,None
S001684,T001684,D032,A009,2024-03-21,2024-03-23,2024-03-23,20,None
S001685,T001685,D001,A001,2025-07-25,2025-07-27,2025-07-27,9,None
S001686,T001686,D034,A010,2026-01-16,2026-01-17,2026-01-17,26,None
S001687,T001687,D041,A013,2025-11-16,2025-11-17,2025-11-18,15,Transport Delay
S001688,T001688,D018,A004,2025-05-18,2025-05-20,2025-05-20,8,None
S001689,T001689,D025,A005,2026-03-31,2026-04-03,2026-04-03,18,None
S001690,T001690,D032,A009,2024-01-19,2024-01-20,2024-01-21,34,None
S001691,T001691,D008,A002,2026-04-03,2026-04-04,2026-04-05,30,None
S001692,T001692,D020,A005,2026-02-24,2026-02-27,2026-02-27,12,None
S001693,T001693,D017,A004,2025-07-21,2025-07-24,2025-07-25,14,Minor Transport Delay
S001694,T001694,D001,A001,2025-11-06,2025-11-09,2025-11-09,6,None
S001695,T001695,D017,A004,2025-12-15,2025-12-16,2025-12-18,10,None
S001696,T001696,D006,A001,2025-09-06,2025-09-07,2025-09-07,9,None
S001697,T001697,D002,A001,2024-02-26,2024-02-27,2024-02-27,11,None
S001698,T001698,D001,A001,2025-05-30,2025-06-02,2025-06-03,16,None
S001699,T001699,D041,A013,2024-02-13,2024-02-16,2024-02-20,29,None
S001700,T001700,D023,A005,2024-06-21,2024-06-24,2024-06-24,13,None
S001701,T001701,D040,A013,2026-06-05,2026-06-06,2026-06-06,33,Stock Delay
S001702,T001702,D016,A004,2025-01-22,2025-01-23,2025-01-23,8,None
S001703,T001703,D013,A004,2024-12-17,2024-12-19,2024-12-19,14,None
S001704,T001704,D024,A005,2025-02-16,2025-02-18,2025-02-20,16,None
S001705,T001705,D014,A004,2024-01-19,2024-01-20,2024-01-20,11,None
S001706,T001706,D004,A001,2024-10-06,2024-10-09,2024-10-09,11,None
S001707,T001707,D019,A005,2026-06-03,2026-06-06,2026-06-07,16,None
S001708,T001708,D009,A002,2024-03-22,2024-03-23,2024-03-23,35,None
S001709,T001709,D023,A005,2024-12-13,2024-12-14,2024-12-14,10,None
S001710,T001710,D025,A005,2025-01-31,2025-02-01,2025-02-02,6,None
S001711,T001711,D007,A001,2025-08-13,2025-08-14,2025-08-14,4,None
S001712,T001712,D001,A001,2026-01-27,2026-01-29,2026-01-29,9,None
S001713,T001713,D033,A009,2024-01-07,2024-01-09,2024-01-10,13,None
S001714,T001714,D013,A004,2025-02-06,2025-02-07,2025-02-07,7,None
S001715,T001715,D003,A001,2024-02-15,2024-02-18,2024-02-18,14,None
S001716,T001716,D041,A013,2024-09-29,2024-09-30,2024-10-01,30,None
S001717,T001717,D002,A001,2025-08-23,2025-08-26,2025-08-26,6,None
S001718,T001718,D027,A007,2025-10-16,2025-10-17,2025-10-17,12,None
S001719,T001719,D039,A013,2025-12-06,2025-12-08,2025-12-09,30,None
S001720,T001720,D012,A003,2024-08-24,2024-08-25,2024-08-28,88,Dealer Stockout
S001721,T001721,D001,A001,2024-02-20,2024-02-23,2024-02-23,4,None
S001722,T001722,D003,A001,2026-07-28,2026-07-30,2026-07-31,14,None
S001723,T001723,D015,A004,2025-10-07,2025-10-08,2025-10-08,8,None
S001724,T001724,D003,A001,2025-12-11,2025-12-13,2025-12-13,5,None
S001725,T001725,D027,A007,2026-01-05,2026-01-08,2026-01-08,32,None
S001726,T001726,D003,A001,2026-06-26,2026-06-28,2026-06-28,10,Minor Transport Delay
S001727,T001727,D025,A005,2024-06-20,2024-06-23,2024-06-23,5,None
S001728,T001728,D038,A013,2024-11-18,2024-11-20,2024-11-20,19,Transport Delay
S001729,T001729,D030,A009,2026-04-10,2026-04-11,2026-04-11,25,None
S001730,T001730,D021,A005,2025-04-04,2025-04-07,2025-04-07,10,None
S001731,T001731,D013,A004,2024-05-14,2024-05-16,2024-05-16,5,None
S001732,T001732,D019,A005,2024-03-13,2024-03-14,2024-03-14,5,None
S001733,T001733,D024,A005,2025-10-12,2025-10-14,2025-10-14,5,None
S001734,T001734,D015,A004,2025-06-23,2025-06-26,2025-06-26,6,None
S001735,T001735,D001,A001,2024-08-02,2024-08-05,2024-08-05,11,None
S001736,T001736,D036,A011,2024-09-27,2024-09-30,2024-09-30,15,None
S001737,T001737,D018,A004,2026-08-19,2026-08-21,2026-08-21,9,None
S001738,T001738,D008,A002,2026-02-15,2026-02-18,2026-02-19,29,None
S001739,T001739,D015,A004,2026-05-17,2026-05-19,2026-05-19,10,None
S001740,T001740,D013,A004,2025-07-21,2025-07-22,2025-07-23,15,None
S001741,T001741,D035,A010,2025-02-09,2025-02-10,2025-02-10,26,None
S001742,T001742,D027,A007,2026-02-02,2026-02-04,2026-02-06,35,None
S001743,T001743,D031,A009,2026-05-26,2026-05-29,2026-05-29,17,None
S001744,T001744,D003,A001,2025-03-18,2025-03-19,2025-03-19,17,None
S001745,T001745,D018,A004,2025-09-10,2025-09-12,2025-09-12,14,None
S001746,T001746,D016,A004,2024-10-23,2024-10-24,2024-10-24,12,Minor Transport Delay
S001747,T001747,D002,A001,2026-02-20,2026-02-22,2026-02-23,18,Minor Transport Delay
S001748,T001748,D012,A003,2024-09-21,2024-09-23,2024-09-26,51,Transport Routing Delay
S001749,T001749,D029,A008,2024-08-17,2024-08-20,2024-08-22,32,None
S001750,T001750,D002,A001,2025-12-03,2025-12-04,2025-12-04,8,None
S001751,T001751,D019,A005,2025-03-09,2025-03-10,2025-03-10,16,None
S001752,T001752,D010,A002,2024-05-21,2024-05-23,2024-05-23,14,None
S001753,T001753,D002,A001,2026-06-29,2026-06-30,2026-06-30,11,None
S001754,T001754,D012,A003,2024-12-02,2024-12-04,2024-12-09,44,Parts Damage
S001755,T001755,D041,A013,2024-11-27,2024-11-30,2024-12-01,31,None
S001756,T001756,D031,A009,2024-05-07,2024-05-08,2024-05-09,24,Stock Delay
S001757,T001757,D039,A013,2025-11-20,2025-11-21,2025-11-22,25,Transport Delay
S001758,T001758,D014,A004,2026-07-24,2026-07-26,2026-07-26,11,None
S001759,T001759,D004,A001,2026-06-26,2026-06-29,2026-06-29,4,Minor Transport Delay
S001760,T001760,D021,A005,2026-01-17,2026-01-18,2026-01-19,11,None
S001761,T001761,D015,A004,2024-02-23,2024-02-25,2024-02-25,9,None
S001762,T001762,D035,A010,2024-05-18,2024-05-20,2024-05-20,13,None
S001763,T001763,D006,A001,2024-10-31,2024-11-01,2024-11-01,11,None
S001764,T001764,D018,A004,2026-06-08,2026-06-10,2026-06-10,9,None
S001765,T001765,D004,A001,2025-03-06,2025-03-08,2025-03-08,4,None
S001766,T001766,D014,A004,2024-01-15,2024-01-16,2024-01-16,10,None
S001767,T001767,D029,A008,2025-10-11,2025-10-13,2025-10-15,20,Transport Delay
S001768,T001768,D013,A004,2024-10-16,2024-10-18,2024-10-18,13,None
S001769,T001769,D014,A004,2024-04-16,2024-04-17,2024-04-19,15,None
S001770,T001770,D016,A004,2026-02-05,2026-02-08,2026-02-08,17,Minor Transport Delay
S001771,T001771,D013,A004,2024-09-20,2024-09-23,2024-09-23,4,None
S001772,T001772,D032,A009,2026-04-13,2026-04-14,2026-04-16,31,None
S001773,T001773,D036,A011,2024-05-26,2024-05-28,2024-05-29,25,None
S001774,T001774,D039,A013,2026-02-02,2026-02-05,2026-02-05,24,None
S001775,T001775,D031,A009,2026-01-05,2026-01-08,2026-01-09,29,Stock Delay
S001776,T001776,D018,A004,2026-06-06,2026-06-07,2026-06-07,8,None
S001777,T001777,D027,A007,2024-09-14,2024-09-15,2024-09-16,17,None
S001778,T001778,D018,A004,2025-12-16,2025-12-17,2025-12-17,7,None
S001779,T001779,D012,A003,2026-08-19,2026-08-21,2026-08-22,92,None
S001780,T001780,D035,A010,2025-02-11,2025-02-13,2025-02-14,34,None
S001781,T001781,D005,A001,2026-03-03,2026-03-06,2026-03-06,6,None
S001782,T001782,D037,A012,2024-02-29,2024-03-03,2024-03-04,21,None
S001783,T001783,D013,A004,2025-01-28,2025-01-29,2025-01-31,7,None
S001784,T001784,D023,A005,2025-10-19,2025-10-21,2025-10-21,15,Minor Transport Delay
S001785,T001785,D026,A006,2025-02-04,2025-02-07,2025-02-10,63,Warehouse Delay
S001786,T001786,D036,A011,2025-08-03,2025-08-05,2025-08-05,33,None
S001787,T001787,D025,A005,2025-09-27,2025-09-29,2025-09-29,10,None
S001788,T001788,D025,A005,2025-07-10,2025-07-13,2025-07-14,10,None
S001789,T001789,D002,A001,2024-01-08,2024-01-10,2024-01-10,18,None
S001790,T001790,D024,A005,2025-06-02,2025-06-04,2025-06-04,14,Minor Transport Delay
S001791,T001791,D003,A001,2024-12-01,2024-12-03,2024-12-04,9,None
S001792,T001792,D029,A008,2025-04-26,2025-04-28,2025-04-28,13,None
S001793,T001793,D021,A005,2025-06-17,2025-06-19,2025-06-20,17,None
S001794,T001794,D026,A006,2024-12-31,2025-01-02,2025-01-05,52,Dealer Stockout
S001795,T001795,D002,A001,2026-07-02,2026-07-04,2026-07-04,16,None
S001796,T001796,D004,A001,2026-08-13,2026-08-14,2026-08-14,17,None
S001797,T001797,D028,A007,2026-07-23,2026-07-25,2026-07-25,36,None
S001798,T001798,D007,A001,2025-04-26,2025-04-27,2025-04-27,11,None
S001799,T001799,D004,A001,2024-07-17,2024-07-20,2024-07-20,18,None
S001800,T001800,D002,A001,2025-06-08,2025-06-10,2025-06-10,4,None
S001801,T001801,D038,A013,2025-07-07,2025-07-10,2025-07-11,12,Transport Delay
S001802,T001802,D029,A008,2026-02-03,2026-02-04,2026-02-04,30,None
S001803,T001803,D016,A004,2025-10-15,2025-10-18,2025-10-18,11,None
S001804,T001804,D017,A004,2026-06-17,2026-06-18,2026-06-19,9,Minor Transport Delay
S001805,T001805,D015,A004,2024-04-22,2024-04-24,2024-04-24,8,None
S001806,T001806,D032,A009,2026-07-25,2026-07-27,2026-07-27,36,Stock Delay
S001807,T001807,D026,A006,2024-11-02,2024-11-03,2024-11-06,67,Transport Routing Delay
S001808,T001808,D010,A002,2025-11-24,2025-11-26,2025-11-27,32,Stock Delay
S001809,T001809,D009,A002,2025-11-04,2025-11-05,2025-11-05,31,None
S001810,T001810,D006,A001,2026-06-11,2026-06-12,2026-06-13,5,None
S001811,T001811,D026,A006,2024-12-06,2024-12-08,2024-12-13,91,Dealer Stockout
S001812,T001812,D032,A009,2024-06-06,2024-06-07,2024-06-07,35,None
S001813,T001813,D012,A003,2024-10-19,2024-10-21,2024-10-24,75,Transport Routing Delay
S001814,T001814,D006,A001,2024-11-12,2024-11-15,2024-11-16,15,None
S001815,T001815,D006,A001,2025-06-19,2025-06-20,2025-06-20,12,None
S001816,T001816,D039,A013,2026-05-09,2026-05-11,2026-05-12,28,Stock Delay
S001817,T001817,D017,A004,2026-04-05,2026-04-06,2026-04-06,6,None
S001818,T001818,D031,A009,2024-06-21,2024-06-23,2024-06-23,32,None
S001819,T001819,D022,A005,2026-01-03,2026-01-05,2026-01-05,10,None
S001820,T001820,D017,A004,2024-08-02,2024-08-04,2024-08-04,4,None
S001821,T001821,D009,A002,2025-11-03,2025-11-06,2025-11-06,14,Transport Delay
S001822,T001822,D007,A001,2026-02-21,2026-02-23,2026-02-23,6,None
S001823,T001823,D022,A005,2026-04-23,2026-04-25,2026-04-25,10,None
S001824,T001824,D030,A009,2026-08-13,2026-08-14,2026-08-14,26,None
S001825,T001825,D024,A005,2025-04-30,2025-05-02,2025-05-02,13,None
S001826,T001826,D020,A005,2024-08-21,2024-08-24,2024-08-25,4,None
S001827,T001827,D007,A001,2026-02-20,2026-02-22,2026-02-23,17,None
S001828,T001828,D041,A013,2024-02-26,2024-02-29,2024-02-29,26,Transport Delay
S001829,T001829,D032,A009,2025-12-21,2025-12-22,2025-12-23,26,None
S001830,T001830,D015,A004,2024-07-26,2024-07-29,2024-07-29,17,None
S001831,T001831,D038,A013,2026-05-13,2026-05-16,2026-05-16,28,None
S001832,T001832,D019,A005,2024-11-24,2024-11-27,2024-11-27,13,None
S001833,T001833,D023,A005,2026-02-19,2026-02-22,2026-02-22,10,None
S001834,T001834,D029,A008,2025-07-17,2025-07-19,2025-07-19,28,None
S001835,T001835,D030,A009,2025-12-02,2025-12-04,2025-12-04,19,None
S001836,T001836,D026,A006,2024-07-03,2024-07-06,2024-07-11,74,Dealer Stockout
S001837,T001837,D003,A001,2026-01-25,2026-01-28,2026-01-29,12,None
S001838,T001838,D017,A004,2025-10-24,2025-10-27,2025-10-27,10,None
S001839,T001839,D038,A013,2025-06-07,2025-06-08,2025-06-10,12,None
S001840,T001840,D008,A002,2026-07-26,2026-07-28,2026-07-29,31,None
S001841,T001841,D013,A004,2025-04-10,2025-04-11,2025-04-11,16,None
S001842,T001842,D014,A004,2025-01-31,2025-02-03,2025-02-04,7,None
S001843,T001843,D017,A004,2025-11-09,2025-11-11,2025-11-11,13,None
S001844,T001844,D019,A005,2024-09-05,2024-09-07,2024-09-07,11,None
S001845,T001845,D041,A013,2026-06-01,2026-06-04,2026-06-06,18,None
S001846,T001846,D012,A003,2024-01-14,2024-01-16,2024-01-19,83,Dealer Stockout
S001847,T001847,D007,A001,2026-04-04,2026-04-05,2026-04-05,9,None
S001848,T001848,D010,A002,2025-03-26,2025-03-27,2025-03-27,32,None
S001849,T001849,D036,A011,2025-06-12,2025-06-15,2025-06-17,20,None
S001850,T001850,D023,A005,2025-07-04,2025-07-05,2025-07-07,8,None
S001851,T001851,D016,A004,2026-08-31,2026-09-03,2026-09-04,5,None
S001852,T001852,D031,A009,2025-10-25,2025-10-27,2025-10-29,18,None
S001853,T001853,D034,A010,2024-11-28,2024-11-30,2024-12-02,36,None
S001854,T001854,D034,A010,2025-08-19,2025-08-21,2025-08-23,26,None
S001855,T001855,D037,A012,2026-06-13,2026-06-14,2026-06-14,21,Stock Delay
S001856,T001856,D012,A003,2024-12-31,2025-01-03,2025-01-04,62,None
S001857,T001857,D029,A008,2024-01-26,2024-01-27,2024-01-29,25,None
S001858,T001858,D015,A004,2026-04-13,2026-04-14,2026-04-14,6,None
S001859,T001859,D034,A010,2026-02-15,2026-02-18,2026-02-19,15,None
S001860,T001860,D028,A007,2025-04-08,2025-04-09,2025-04-10,34,None
S001861,T001861,D033,A009,2024-08-27,2024-08-30,2024-08-30,29,Stock Delay
S001862,T001862,D026,A006,2024-05-19,2024-05-20,2024-05-23,59,None
S001863,T001863,D010,A002,2025-10-19,2025-10-20,2025-10-20,21,None
S001864,T001864,D024,A005,2025-01-16,2025-01-19,2025-01-19,15,None
S001865,T001865,D041,A013,2026-03-27,2026-03-28,2026-03-30,18,None
S001866,T001866,D041,A013,2026-05-16,2026-05-19,2026-05-19,17,None
S001867,T001867,D006,A001,2025-10-09,2025-10-11,2025-10-11,14,None
S001868,T001868,D011,A002,2024-10-01,2024-10-04,2024-10-04,14,None
S001869,T001869,D001,A001,2026-08-29,2026-08-30,2026-08-30,14,None
S001870,T001870,D027,A007,2025-10-23,2025-10-25,2025-10-27,15,None
S001871,T001871,D032,A009,2026-05-07,2026-05-10,2026-05-10,34,Stock Delay
S001872,T001872,D010,A002,2026-04-16,2026-04-17,2026-04-18,26,None
S001873,T001873,D020,A005,2025-08-28,2025-08-31,2025-09-01,12,None
S001874,T001874,D034,A010,2024-07-25,2024-07-26,2024-07-28,25,Transport Delay
S001875,T001875,D028,A007,2026-08-13,2026-08-14,2026-08-15,32,None
S001876,T001876,D025,A005,2024-07-10,2024-07-13,2024-07-14,10,None
S001877,T001877,D019,A005,2025-09-06,2025-09-08,2025-09-10,10,None
S001878,T001878,D019,A005,2024-05-22,2024-05-25,2024-05-25,7,None
S001879,T001879,D013,A004,2024-05-17,2024-05-18,2024-05-18,15,Minor Transport Delay
S001880,T001880,D023,A005,2025-08-25,2025-08-26,2025-08-26,7,None
S001881,T001881,D027,A007,2026-07-01,2026-07-03,2026-07-03,35,None
S001882,T001882,D036,A011,2025-09-21,2025-09-23,2025-09-23,21,None
S001883,T001883,D019,A005,2024-10-07,2024-10-08,2024-10-08,7,None
S001884,T001884,D029,A008,2024-03-05,2024-03-07,2024-03-09,23,None
S001885,T001885,D002,A001,2026-06-08,2026-06-10,2026-06-11,5,None
S001886,T001886,D016,A004,2026-02-08,2026-02-10,2026-02-10,13,None
S001887,T001887,D003,A001,2026-01-22,2026-01-25,2026-01-25,13,None
S001888,T001888,D012,A003,2025-10-16,2025-10-18,2025-10-23,60,Parts Damage
S001889,T001889,D027,A007,2024-11-01,2024-11-02,2024-11-02,29,None
S001890,T001890,D040,A013,2024-12-17,2024-12-20,2024-12-21,18,Stock Delay
S001891,T001891,D003,A001,2026-03-09,2026-03-12,2026-03-12,12,None
S001892,T001892,D014,A004,2025-06-30,2025-07-03,2025-07-03,4,None
S001893,T001893,D031,A009,2024-08-27,2024-08-29,2024-08-31,20,None
S001894,T001894,D008,A002,2025-01-17,2025-01-19,2025-01-19,18,None
S001895,T001895,D019,A005,2024-09-23,2024-09-26,2024-09-26,12,None
S001896,T001896,D028,A007,2024-08-06,2024-08-07,2024-08-09,12,None
S001897,T001897,D021,A005,2024-10-19,2024-10-21,2024-10-21,10,None
S001898,T001898,D009,A002,2024-02-23,2024-02-26,2024-02-28,28,None
S001899,T001899,D018,A004,2025-12-14,2025-12-16,2025-12-18,5,None
S001900,T001900,D030,A009,2024-11-28,2024-11-29,2024-11-29,25,None
S001901,T001901,D020,A005,2025-10-08,2025-10-09,2025-10-09,12,None
S001902,T001902,D001,A001,2024-02-16,2024-02-19,2024-02-19,12,None
S001903,T001903,D029,A008,2024-12-04,2024-12-06,2024-12-08,25,None
S001904,T001904,D007,A001,2024-01-03,2024-01-05,2024-01-06,14,None
S001905,T001905,D029,A008,2025-01-16,2025-01-17,2025-01-18,18,None
S001906,T001906,D008,A002,2024-07-08,2024-07-09,2024-07-09,28,None
S001907,T001907,D040,A013,2026-07-20,2026-07-21,2026-07-22,16,None
S001908,T001908,D013,A004,2024-04-08,2024-04-09,2024-04-09,10,None
S001909,T001909,D015,A004,2024-03-18,2024-03-20,2024-03-20,13,None
S001910,T001910,D007,A001,2025-02-15,2025-02-16,2025-02-16,15,None
S001911,T001911,D014,A004,2026-05-23,2026-05-25,2026-05-25,9,None
S001912,T001912,D036,A011,2024-07-07,2024-07-08,2024-07-08,24,None
S001913,T001913,D038,A013,2025-11-10,2025-11-13,2025-11-14,14,None
S001914,T001914,D015,A004,2025-07-01,2025-07-02,2025-07-02,5,None
S001915,T001915,D014,A004,2025-01-07,2025-01-10,2025-01-10,5,None
S001916,T001916,D027,A007,2026-01-20,2026-01-22,2026-01-22,25,None
S001917,T001917,D036,A011,2024-08-09,2024-08-10,2024-08-11,21,Stock Delay
S001918,T001918,D023,A005,2025-03-29,2025-03-30,2025-03-30,13,None
S001919,T001919,D014,A004,2024-10-01,2024-10-04,2024-10-04,16,None
S001920,T001920,D014,A004,2025-03-23,2025-03-25,2025-03-25,11,None
S001921,T001921,D027,A007,2024-10-10,2024-10-13,2024-10-14,32,None
S001922,T001922,D004,A001,2026-04-30,2026-05-02,2026-05-02,16,None
S001923,T001923,D020,A005,2025-01-27,2025-01-29,2025-01-30,13,None
S001924,T001924,D016,A004,2026-02-21,2026-02-23,2026-02-25,9,None
S001925,T001925,D030,A009,2025-09-26,2025-09-28,2025-09-28,15,None
S001926,T001926,D003,A001,2024-08-12,2024-08-14,2024-08-15,15,None
S001927,T001927,D022,A005,2026-03-07,2026-03-09,2026-03-09,9,None
S001928,T001928,D014,A004,2025-07-28,2025-07-31,2025-07-31,18,None
S001929,T001929,D024,A005,2026-06-20,2026-06-23,2026-06-23,9,None
S001930,T001930,D003,A001,2024-07-26,2024-07-29,2024-07-29,10,None
S001931,T001931,D020,A005,2024-10-31,2024-11-02,2024-11-02,6,None
S001932,T001932,D024,A005,2025-12-15,2025-12-17,2025-12-19,15,None
S001933,T001933,D020,A005,2024-11-27,2024-11-28,2024-11-29,8,None
S001934,T001934,D023,A005,2026-02-06,2026-02-07,2026-02-07,4,None
S001935,T001935,D026,A006,2026-01-18,2026-01-19,2026-01-20,66,Transport Routing Delay
S001936,T001936,D030,A009,2025-03-01,2025-03-03,2025-03-05,33,Transport Delay
S001937,T001937,D012,A003,2025-02-07,2025-02-10,2025-02-15,80,Transport Routing Delay
S001938,T001938,D031,A009,2024-01-24,2024-01-25,2024-01-25,24,None
S001939,T001939,D020,A005,2026-03-04,2026-03-05,2026-03-06,8,None
S001940,T001940,D007,A001,2025-05-08,2025-05-11,2025-05-11,18,None
S001941,T001941,D003,A001,2025-08-10,2025-08-11,2025-08-11,5,Minor Transport Delay
S001942,T001942,D014,A004,2025-08-29,2025-08-31,2025-08-31,11,None
S001943,T001943,D032,A009,2026-05-08,2026-05-11,2026-05-12,32,None
S001944,T001944,D028,A007,2024-12-18,2024-12-20,2024-12-20,18,None
S001945,T001945,D031,A009,2026-02-05,2026-02-08,2026-02-10,30,None
S001946,T001946,D019,A005,2024-08-08,2024-08-11,2024-08-11,17,None
S001947,T001947,D013,A004,2024-07-04,2024-07-06,2024-07-06,10,None
S001948,T001948,D004,A001,2024-03-31,2024-04-02,2024-04-02,14,None
S001949,T001949,D017,A004,2024-08-17,2024-08-19,2024-08-19,5,None
S001950,T001950,D013,A004,2024-06-22,2024-06-25,2024-06-25,10,None
S001951,T001951,D005,A001,2025-09-08,2025-09-11,2025-09-11,16,None
S001952,T001952,D009,A002,2024-08-25,2024-08-27,2024-08-27,33,None
S001953,T001953,D024,A005,2026-03-30,2026-04-02,2026-04-02,16,None
S001954,T001954,D028,A007,2024-03-31,2024-04-01,2024-04-05,25,None
S001955,T001955,D038,A013,2024-03-16,2024-03-19,2024-03-19,24,None
S001956,T001956,D038,A013,2026-03-01,2026-03-02,2026-03-04,32,Stock Delay
S001957,T001957,D019,A005,2024-06-03,2024-06-06,2024-06-07,10,None
S001958,T001958,D013,A004,2025-02-17,2025-02-20,2025-02-22,15,Minor Transport Delay
S001959,T001959,D023,A005,2025-09-08,2025-09-09,2025-09-09,5,Minor Transport Delay
S001960,T001960,D031,A009,2024-09-21,2024-09-24,2024-09-26,21,None
S001961,T001961,D002,A001,2024-03-02,2024-03-04,2024-03-04,10,None
S001962,T001962,D017,A004,2025-11-18,2025-11-20,2025-11-21,18,None
S001963,T001963,D035,A010,2024-03-01,2024-03-03,2024-03-04,15,Stock Delay
S001964,T001964,D013,A004,2026-03-20,2026-03-21,2026-03-21,6,None
S001965,T001965,D023,A005,2025-11-29,2025-11-30,2025-12-02,8,None
S001966,T001966,D025,A005,2024-01-05,2024-01-08,2024-01-08,14,None
S001967,T001967,D008,A002,2024-05-15,2024-05-18,2024-05-18,32,None
S001968,T001968,D016,A004,2026-08-14,2026-08-15,2026-08-15,13,None
S001969,T001969,D016,A004,2026-05-19,2026-05-21,2026-05-21,8,None
S001970,T001970,D005,A001,2024-03-14,2024-03-17,2024-03-17,5,None
S001971,T001971,D004,A001,2024-11-04,2024-11-05,2024-11-05,10,None
S001972,T001972,D035,A010,2024-06-22,2024-06-25,2024-06-25,23,None
S001973,T001973,D012,A003,2025-12-28,2025-12-29,2026-01-06,49,Dealer Stockout
S001974,T001974,D023,A005,2025-11-10,2025-11-13,2025-11-13,5,None
S001975,T001975,D015,A004,2024-12-11,2024-12-13,2024-12-13,14,None
S001976,T001976,D038,A013,2024-01-03,2024-01-06,2024-01-06,27,None
S001977,T001977,D012,A003,2025-08-20,2025-08-23,2025-08-28,53,Transport Routing Delay
S001978,T001978,D015,A004,2025-03-12,2025-03-15,2025-03-15,13,Minor Transport Delay
S001979,T001979,D036,A011,2024-02-29,2024-03-02,2024-03-02,32,None
S001980,T001980,D035,A010,2025-04-07,2025-04-10,2025-04-12,18,None
S001981,T001981,D010,A002,2026-06-26,2026-06-27,2026-06-27,35,None
S001982,T001982,D033,A009,2025-02-17,2025-02-20,2025-02-20,23,None
S001983,T001983,D013,A004,2025-05-02,2025-05-05,2025-05-05,8,None
S001984,T001984,D015,A004,2024-04-23,2024-04-24,2024-04-24,17,None
S001985,T001985,D004,A001,2026-05-31,2026-06-02,2026-06-02,15,None
S001986,T001986,D007,A001,2024-04-15,2024-04-16,2024-04-16,14,Minor Transport Delay
S001987,T001987,D028,A007,2025-07-08,2025-07-09,2025-07-10,36,None
S001988,T001988,D023,A005,2024-05-24,2024-05-26,2024-05-26,7,None
S001989,T001989,D013,A004,2024-12-25,2024-12-28,2024-12-28,7,None
S001990,T001990,D027,A007,2024-06-28,2024-06-29,2024-06-29,29,None
S001991,T001991,D031,A009,2025-06-22,2025-06-24,2025-06-28,30,None
S001992,T001992,D001,A001,2024-10-06,2024-10-07,2024-10-07,12,None
S001993,T001993,D025,A005,2024-04-28,2024-04-30,2024-05-01,5,None
S001994,T001994,D002,A001,2024-12-21,2024-12-22,2024-12-23,16,None
S001995,T001995,D029,A008,2026-08-07,2026-08-08,2026-08-09,28,None
S001996,T001996,D026,A006,2026-03-21,2026-03-23,2026-03-24,76,Warehouse Delay
S001997,T001997,D040,A013,2025-05-16,2025-05-17,2025-05-18,26,None
S001998,T001998,D002,A001,2026-08-06,2026-08-07,2026-08-08,4,None
S001999,T001999,D005,A001,2024-10-21,2024-10-24,2024-10-25,7,None
S002000,T002000,D015,A004,2026-06-11,2026-06-12,2026-06-12,12,None
S002001,T002001,D012,A003,2024-10-21,2024-10-24,2024-10-27,65,Dealer Stockout
S002002,T002002,D012,A003,2025-07-17,2025-07-18,2025-07-18,68,Warehouse Delay
S002003,T002003,D037,A012,2024-01-24,2024-01-25,2024-01-26,27,Transport Delay
S002004,T002004,D012,A003,2025-11-20,2025-11-22,2025-11-25,85,Dealer Stockout
S002005,T002005,D012,A003,2024-08-15,2024-08-18,2024-08-23,93,Warehouse Delay
S002006,T002006,D029,A008,2026-04-21,2026-04-23,2026-04-24,12,None
S002007,T002007,D017,A004,2024-11-26,2024-11-28,2024-11-28,13,None
S002008,T002008,D030,A009,2025-07-11,2025-07-13,2025-07-13,35,None
S002009,T002009,D005,A001,2025-03-16,2025-03-19,2025-03-19,8,None
S002010,T002010,D017,A004,2025-09-14,2025-09-17,2025-09-17,10,None
S002011,T002011,D004,A001,2024-12-05,2024-12-07,2024-12-07,11,None
S002012,T002012,D004,A001,2026-07-04,2026-07-05,2026-07-05,6,None
S002013,T002013,D037,A012,2025-03-04,2025-03-07,2025-03-07,30,Stock Delay
S002014,T002014,D002,A001,2025-01-01,2025-01-04,2025-01-04,8,None
S002015,T002015,D022,A005,2025-09-22,2025-09-23,2025-09-23,17,None
S002016,T002016,D015,A004,2025-04-15,2025-04-17,2025-04-18,6,None
S002017,T002017,D013,A004,2025-06-28,2025-07-01,2025-07-01,15,None
S002018,T002018,D037,A012,2024-08-05,2024-08-08,2024-08-08,13,None
S002019,T002019,D006,A001,2024-05-09,2024-05-10,2024-05-10,9,None
S002020,T002020,D026,A006,2025-09-06,2025-09-08,2025-09-11,56,Transport Routing Delay
S002021,T002021,D038,A013,2025-01-28,2025-01-30,2025-01-31,24,None
S002022,T002022,D020,A005,2025-01-12,2025-01-13,2025-01-13,16,None
S002023,T002023,D039,A013,2025-09-27,2025-09-29,2025-09-30,21,None
S002024,T002024,D002,A001,2026-05-18,2026-05-20,2026-05-20,18,None
S002025,T002025,D016,A004,2024-08-19,2024-08-21,2024-08-21,17,None
S002026,T002026,D012,A003,2024-07-07,2024-07-10,2024-07-15,41,Transport Routing Delay
S002027,T002027,D028,A007,2024-10-29,2024-11-01,2024-11-01,16,None
S002028,T002028,D041,A013,2025-04-20,2025-04-21,2025-04-23,23,None
S002029,T002029,D012,A003,2026-07-10,2026-07-12,2026-07-17,66,Parts Damage
S002030,T002030,D026,A006,2025-02-09,2025-02-10,2025-02-15,84,Dealer Stockout
S002031,T002031,D008,A002,2026-05-09,2026-05-12,2026-05-12,13,None
S002032,T002032,D025,A005,2025-01-01,2025-01-02,2025-01-02,10,None
S002033,T002033,D013,A004,2024-04-18,2024-04-19,2024-04-19,7,None
S002034,T002034,D041,A013,2025-09-10,2025-09-11,2025-09-12,12,None
S002035,T002035,D020,A005,2025-12-26,2025-12-29,2025-12-29,5,None
S002036,T002036,D015,A004,2025-01-20,2025-01-23,2025-01-23,15,None
S002037,T002037,D006,A001,2025-01-12,2025-01-15,2025-01-15,15,None
S002038,T002038,D007,A001,2026-07-09,2026-07-10,2026-07-10,16,None
S002039,T002039,D009,A002,2024-05-19,2024-05-20,2024-05-20,24,None
S002040,T002040,D012,A003,2026-07-27,2026-07-30,2026-08-04,54,Dealer Stockout
S002041,T002041,D035,A010,2026-01-21,2026-01-22,2026-01-22,35,None
S002042,T002042,D025,A005,2024-12-27,2024-12-30,2024-12-30,18,None
S002043,T002043,D024,A005,2025-04-07,2025-04-09,2025-04-11,15,None
S002044,T002044,D003,A001,2024-06-30,2024-07-02,2024-07-02,16,None
S002045,T002045,D034,A010,2026-03-13,2026-03-14,2026-03-15,34,None
S002046,T002046,D027,A007,2025-02-20,2025-02-21,2025-02-22,31,None
S002047,T002047,D002,A001,2024-03-11,2024-03-12,2024-03-12,14,None
S002048,T002048,D028,A007,2024-01-25,2024-01-28,2024-01-30,32,None
S002049,T002049,D020,A005,2024-05-18,2024-05-19,2024-05-19,5,None
S002050,T002050,D002,A001,2024-03-14,2024-03-15,2024-03-15,14,None
S002051,T002051,D018,A004,2025-06-08,2025-06-10,2025-06-10,11,None
S002052,T002052,D014,A004,2025-09-12,2025-09-13,2025-09-13,4,Minor Transport Delay
S002053,T002053,D011,A002,2026-04-30,2026-05-01,2026-05-02,29,None
S002054,T002054,D039,A013,2026-06-13,2026-06-16,2026-06-17,18,None
S002055,T002055,D035,A010,2025-09-05,2025-09-08,2025-09-09,24,None
S002056,T002056,D026,A006,2025-05-05,2025-05-08,2025-05-13,42,Transport Routing Delay
S002057,T002057,D014,A004,2026-03-31,2026-04-02,2026-04-02,13,None
S002058,T002058,D014,A004,2026-07-30,2026-07-31,2026-07-31,5,None
S002059,T002059,D025,A005,2024-02-01,2024-02-03,2024-02-04,6,None
S002060,T002060,D021,A005,2024-07-07,2024-07-09,2024-07-10,18,None
S002061,T002061,D003,A001,2024-03-06,2024-03-07,2024-03-07,8,None
S002062,T002062,D020,A005,2026-04-07,2026-04-08,2026-04-08,17,None
S002063,T002063,D032,A009,2026-08-10,2026-08-12,2026-08-13,25,None
S002064,T002064,D017,A004,2024-10-27,2024-10-29,2024-10-29,8,None
S002065,T002065,D003,A001,2025-12-26,2025-12-27,2025-12-27,10,None
S002066,T002066,D030,A009,2025-02-27,2025-02-28,2025-03-04,25,None
S002067,T002067,D010,A002,2026-05-29,2026-05-30,2026-06-01,13,Stock Delay
S002068,T002068,D012,A003,2026-02-07,2026-02-09,2026-02-14,47,Transport Routing Delay
S002069,T002069,D010,A002,2025-12-20,2025-12-23,2025-12-23,36,None
S002070,T002070,D015,A004,2026-06-06,2026-06-07,2026-06-07,5,None
S002071,T002071,D029,A008,2026-07-11,2026-07-12,2026-07-12,18,None
S002072,T002072,D022,A005,2025-07-17,2025-07-20,2025-07-21,15,None
S002073,T002073,D008,A002,2024-10-20,2024-10-22,2024-10-26,35,None
S002074,T002074,D036,A011,2025-01-17,2025-01-20,2025-01-20,32,None
S002075,T002075,D036,A011,2024-08-23,2024-08-26,2024-08-27,14,None
S002076,T002076,D036,A011,2026-03-03,2026-03-04,2026-03-04,35,Stock Delay
S002077,T002077,D012,A003,2026-08-06,2026-08-09,2026-08-14,56,Dealer Stockout
S002078,T002078,D016,A004,2025-05-14,2025-05-17,2025-05-17,10,None
S002079,T002079,D039,A013,2025-11-18,2025-11-21,2025-11-21,12,None
S002080,T002080,D031,A009,2024-01-28,2024-01-29,2024-01-31,35,None
S002081,T002081,D005,A001,2026-07-29,2026-07-30,2026-07-30,8,None
S002082,T002082,D005,A001,2024-07-27,2024-07-28,2024-07-28,11,None
S002083,T002083,D013,A004,2026-08-27,2026-08-30,2026-08-30,15,None
S002084,T002084,D037,A012,2026-01-11,2026-01-14,2026-01-14,18,None
S002085,T002085,D021,A005,2025-10-17,2025-10-19,2025-10-19,8,None
S002086,T002086,D023,A005,2024-05-16,2024-05-19,2024-05-21,18,None
S002087,T002087,D006,A001,2026-05-03,2026-05-04,2026-05-05,6,None
S002088,T002088,D026,A006,2026-07-18,2026-07-19,2026-07-22,88,Warehouse Delay
S002089,T002089,D030,A009,2024-03-20,2024-03-22,2024-03-22,15,None
S002090,T002090,D017,A004,2026-01-02,2026-01-05,2026-01-05,12,None
S002091,T002091,D030,A009,2024-10-19,2024-10-22,2024-10-22,21,None
S002092,T002092,D038,A013,2024-12-22,2024-12-24,2024-12-26,22,None
S002093,T002093,D010,A002,2024-07-14,2024-07-17,2024-07-18,20,None
S002094,T002094,D022,A005,2024-11-13,2024-11-15,2024-11-15,4,None
S002095,T002095,D018,A004,2024-01-13,2024-01-15,2024-01-15,9,None
S002096,T002096,D030,A009,2025-05-13,2025-05-15,2025-05-16,13,None
S002097,T002097,D023,A005,2024-02-08,2024-02-10,2024-02-10,14,None
S002098,T002098,D023,A005,2025-06-23,2025-06-26,2025-06-26,7,None
S002099,T002099,D033,A009,2024-04-05,2024-04-07,2024-04-08,24,None
S002100,T002100,D017,A004,2025-03-08,2025-03-09,2025-03-09,11,None
S002101,T002101,D037,A012,2024-12-30,2025-01-02,2025-01-03,18,None
S002102,T002102,D022,A005,2024-03-08,2024-03-09,2024-03-09,17,None
S002103,T002103,D002,A001,2025-01-18,2025-01-20,2025-01-20,12,None
S002104,T002104,D028,A007,2024-12-01,2024-12-04,2024-12-04,23,None
S002105,T002105,D031,A009,2025-08-15,2025-08-18,2025-08-19,28,None
S002106,T002106,D016,A004,2025-02-13,2025-02-14,2025-02-14,18,None
S002107,T002107,D035,A010,2025-07-26,2025-07-27,2025-07-28,29,Stock Delay
S002108,T002108,D037,A012,2025-03-14,2025-03-16,2025-03-17,18,None
S002109,T002109,D012,A003,2024-01-07,2024-01-10,2024-01-13,46,None
S002110,T002110,D039,A013,2025-05-05,2025-05-07,2025-05-07,29,Stock Delay
S002111,T002111,D003,A001,2024-11-20,2024-11-23,2024-11-23,15,None
S002112,T002112,D010,A002,2024-05-08,2024-05-11,2024-05-11,21,None
S002113,T002113,D008,A002,2026-04-03,2026-04-05,2026-04-07,12,None
S002114,T002114,D036,A011,2024-05-08,2024-05-11,2024-05-13,32,None
S002115,T002115,D026,A006,2025-07-22,2025-07-25,2025-07-30,96,Transport Routing Delay
S002116,T002116,D004,A001,2025-04-11,2025-04-14,2025-04-16,5,None
S002117,T002117,D017,A004,2024-10-26,2024-10-28,2024-10-28,15,None
S002118,T002118,D022,A005,2024-07-22,2024-07-25,2024-07-25,11,None
S002119,T002119,D001,A001,2024-02-19,2024-02-20,2024-02-20,8,None
S002120,T002120,D036,A011,2025-05-15,2025-05-18,2025-05-22,23,None
S002121,T002121,D033,A009,2025-04-25,2025-04-28,2025-04-30,34,Transport Delay
S002122,T002122,D019,A005,2025-11-25,2025-11-28,2025-11-28,5,None
S002123,T002123,D041,A013,2024-12-24,2024-12-26,2024-12-26,26,None
S002124,T002124,D017,A004,2025-09-16,2025-09-19,2025-09-19,17,None
S002125,T002125,D040,A013,2024-01-17,2024-01-20,2024-01-21,16,None
S002126,T002126,D026,A006,2026-08-25,2026-08-28,2026-08-31,81,Transport Routing Delay
S002127,T002127,D022,A005,2025-10-01,2025-10-04,2025-10-04,17,None
S002128,T002128,D010,A002,2024-09-06,2024-09-09,2024-09-09,12,None
S002129,T002129,D036,A011,2025-11-18,2025-11-20,2025-11-20,15,None
S002130,T002130,D018,A004,2025-08-23,2025-08-24,2025-08-25,9,None
S002131,T002131,D008,A002,2024-02-14,2024-02-16,2024-02-17,16,None
S002132,T002132,D005,A001,2024-02-03,2024-02-05,2024-02-05,13,None
S002133,T002133,D021,A005,2026-05-14,2026-05-16,2026-05-16,17,None
S002134,T002134,D020,A005,2024-08-13,2024-08-15,2024-08-15,15,None
S002135,T002135,D027,A007,2025-09-06,2025-09-07,2025-09-07,24,None
S002136,T002136,D036,A011,2025-01-28,2025-01-31,2025-02-01,25,Transport Delay
S002137,T002137,D007,A001,2024-10-17,2024-10-18,2024-10-19,4,None
S002138,T002138,D028,A007,2025-12-10,2025-12-13,2025-12-13,23,None
S002139,T002139,D009,A002,2024-11-13,2024-11-16,2024-11-16,30,Transport Delay
S002140,T002140,D035,A010,2025-11-16,2025-11-18,2025-11-18,13,None
S002141,T002141,D031,A009,2024-01-22,2024-01-24,2024-01-25,14,None
S002142,T002142,D022,A005,2026-03-19,2026-03-21,2026-03-21,4,None
S002143,T002143,D028,A007,2024-08-01,2024-08-02,2024-08-02,15,None
S002144,T002144,D014,A004,2026-01-17,2026-01-20,2026-01-20,7,Minor Transport Delay
S002145,T002145,D016,A004,2026-05-15,2026-05-16,2026-05-16,15,None
S002146,T002146,D031,A009,2026-04-11,2026-04-12,2026-04-14,13,None
S002147,T002147,D013,A004,2025-06-22,2025-06-25,2025-06-25,5,None
S002148,T002148,D013,A004,2026-01-14,2026-01-16,2026-01-17,12,Minor Transport Delay
S002149,T002149,D017,A004,2025-10-21,2025-10-23,2025-10-23,8,None
S002150,T002150,D034,A010,2025-10-01,2025-10-02,2025-10-03,19,None
S002151,T002151,D018,A004,2024-08-13,2024-08-15,2024-08-15,5,None
S002152,T002152,D011,A002,2024-06-23,2024-06-26,2024-06-26,14,None
S002153,T002153,D028,A007,2025-06-16,2025-06-18,2025-06-20,36,None
S002154,T002154,D035,A010,2026-07-04,2026-07-06,2026-07-07,12,Stock Delay
S002155,T002155,D006,A001,2024-08-13,2024-08-14,2024-08-14,9,None
S002156,T002156,D012,A003,2024-01-09,2024-01-12,2024-01-15,95,Dealer Stockout
S002157,T002157,D005,A001,2025-05-30,2025-05-31,2025-05-31,13,Minor Transport Delay
S002158,T002158,D015,A004,2024-05-23,2024-05-25,2024-05-25,11,Minor Transport Delay
S002159,T002159,D015,A004,2025-10-25,2025-10-28,2025-10-28,16,None
S002160,T002160,D029,A008,2025-06-05,2025-06-07,2025-06-07,16,None
S002161,T002161,D025,A005,2024-08-09,2024-08-10,2024-08-10,12,None
S002162,T002162,D021,A005,2024-01-26,2024-01-29,2024-01-29,18,None
S002163,T002163,D014,A004,2025-04-15,2025-04-17,2025-04-17,6,None
S002164,T002164,D035,A010,2025-03-30,2025-04-02,2025-04-03,30,None
S002165,T002165,D016,A004,2025-10-21,2025-10-22,2025-10-23,17,None
S002166,T002166,D038,A013,2025-04-19,2025-04-22,2025-04-23,22,None
S002167,T002167,D020,A005,2024-11-27,2024-11-30,2024-11-30,11,None
S002168,T002168,D005,A001,2026-05-06,2026-05-08,2026-05-08,12,None
S002169,T002169,D026,A006,2026-01-29,2026-01-30,2026-02-02,95,Dealer Stockout
S002170,T002170,D015,A004,2024-05-07,2024-05-09,2024-05-09,16,None
S002171,T002171,D027,A007,2025-08-08,2025-08-09,2025-08-10,23,Stock Delay
S002172,T002172,D007,A001,2024-04-05,2024-04-08,2024-04-08,14,None
S002173,T002173,D011,A002,2024-02-10,2024-02-13,2024-02-13,13,None
S002174,T002174,D034,A010,2024-09-25,2024-09-28,2024-09-29,17,None
S002175,T002175,D011,A002,2024-12-23,2024-12-25,2024-12-29,32,None
S002176,T002176,D034,A010,2025-08-26,2025-08-27,2025-08-27,35,Stock Delay
S002177,T002177,D012,A003,2024-03-06,2024-03-09,2024-03-12,76,Dealer Stockout
S002178,T002178,D020,A005,2025-08-08,2025-08-09,2025-08-09,14,None
S002179,T002179,D027,A007,2024-06-14,2024-06-15,2024-06-15,18,Stock Delay
S002180,T002180,D023,A005,2024-01-17,2024-01-18,2024-01-19,4,None
S002181,T002181,D018,A004,2024-07-19,2024-07-20,2024-07-21,16,None
S002182,T002182,D011,A002,2024-05-22,2024-05-25,2024-05-27,26,None
S002183,T002183,D007,A001,2026-01-22,2026-01-24,2026-01-26,15,None
S002184,T002184,D018,A004,2024-04-04,2024-04-07,2024-04-07,8,None
S002185,T002185,D023,A005,2025-01-11,2025-01-13,2025-01-13,18,None
S002186,T002186,D041,A013,2025-07-09,2025-07-11,2025-07-12,23,None
S002187,T002187,D036,A011,2024-08-12,2024-08-14,2024-08-15,20,None
S002188,T002188,D033,A009,2024-12-28,2024-12-31,2024-12-31,35,Stock Delay
S002189,T002189,D031,A009,2026-03-16,2026-03-19,2026-03-20,19,None
S002190,T002190,D026,A006,2025-11-01,2025-11-03,2025-11-08,90,Transport Routing Delay
S002191,T002191,D012,A003,2025-03-20,2025-03-22,2025-03-25,51,Dealer Stockout
S002192,T002192,D037,A012,2025-04-29,2025-05-02,2025-05-02,28,Transport Delay
S002193,T002193,D026,A006,2024-06-11,2024-06-14,2024-06-17,87,Transport Routing Delay
S002194,T002194,D024,A005,2026-04-29,2026-05-01,2026-05-01,17,Minor Transport Delay
S002195,T002195,D005,A001,2025-12-08,2025-12-11,2025-12-11,4,None
S002196,T002196,D015,A004,2024-11-22,2024-11-23,2024-11-23,15,None
S002197,T002197,D017,A004,2024-10-02,2024-10-04,2024-10-04,17,None
S002198,T002198,D034,A010,2024-10-14,2024-10-17,2024-10-18,30,None
S002199,T002199,D022,A005,2024-08-20,2024-08-23,2024-08-23,6,None
S002200,T002200,D015,A004,2024-10-03,2024-10-05,2024-10-05,14,None
S002201,T002201,D038,A013,2024-03-05,2024-03-06,2024-03-06,23,None
S002202,T002202,D006,A001,2024-05-15,2024-05-18,2024-05-18,8,Minor Transport Delay
S002203,T002203,D018,A004,2024-07-08,2024-07-09,2024-07-09,9,None
S002204,T002204,D002,A001,2026-07-19,2026-07-22,2026-07-22,14,None
S002205,T002205,D029,A008,2026-04-24,2026-04-26,2026-04-27,36,None
S002206,T002206,D037,A012,2024-04-24,2024-04-25,2024-04-26,30,None
S002207,T002207,D012,A003,2025-02-14,2025-02-15,2025-02-23,88,Dealer Stockout
S002208,T002208,D035,A010,2026-05-10,2026-05-12,2026-05-14,33,None
S002209,T002209,D013,A004,2025-06-20,2025-06-22,2025-06-22,7,None
S002210,T002210,D037,A012,2024-12-22,2024-12-24,2024-12-28,20,None
S002211,T002211,D029,A008,2026-03-28,2026-03-31,2026-03-31,19,None
S002212,T002212,D033,A009,2025-11-12,2025-11-14,2025-11-14,23,None
S002213,T002213,D002,A001,2025-12-06,2025-12-09,2025-12-09,16,None
S002214,T002214,D039,A013,2025-07-10,2025-07-11,2025-07-11,18,None
S002215,T002215,D028,A007,2024-04-07,2024-04-08,2024-04-10,33,None
S002216,T002216,D015,A004,2025-03-09,2025-03-12,2025-03-12,15,None
S002217,T002217,D035,A010,2026-06-23,2026-06-24,2026-06-25,12,None
S002218,T002218,D012,A003,2025-06-07,2025-06-10,2025-06-13,46,Dealer Stockout
S002219,T002219,D036,A011,2025-03-10,2025-03-11,2025-03-11,25,None
S002220,T002220,D007,A001,2024-08-28,2024-08-31,2024-08-31,5,None
S002221,T002221,D027,A007,2024-11-14,2024-11-15,2024-11-16,35,None
S002222,T002222,D023,A005,2024-05-26,2024-05-27,2024-05-28,15,None
S002223,T002223,D002,A001,2025-11-23,2025-11-24,2025-11-25,16,None
S002224,T002224,D012,A003,2026-04-27,2026-04-30,2026-05-08,69,None
S002225,T002225,D005,A001,2024-12-18,2024-12-19,2024-12-19,14,None
S002226,T002226,D015,A004,2025-09-14,2025-09-15,2025-09-15,9,None
S002227,T002227,D014,A004,2025-07-20,2025-07-23,2025-07-23,7,None
S002228,T002228,D021,A005,2026-02-24,2026-02-26,2026-02-26,6,None
S002229,T002229,D013,A004,2026-01-05,2026-01-07,2026-01-07,15,None
S002230,T002230,D014,A004,2026-07-05,2026-07-08,2026-07-09,7,None
S002231,T002231,D029,A008,2026-06-23,2026-06-25,2026-06-25,14,Stock Delay
S002232,T002232,D006,A001,2026-05-26,2026-05-29,2026-05-31,11,None
S002233,T002233,D037,A012,2024-11-24,2024-11-26,2024-11-26,30,None
S002234,T002234,D035,A010,2025-09-11,2025-09-13,2025-09-15,22,Stock Delay
S002235,T002235,D026,A006,2024-08-06,2024-08-07,2024-08-10,89,Transport Routing Delay
S002236,T002236,D023,A005,2024-03-26,2024-03-27,2024-03-27,11,None
S002237,T002237,D036,A011,2024-06-09,2024-06-12,2024-06-13,24,None
S002238,T002238,D010,A002,2025-03-29,2025-04-01,2025-04-01,36,None
S002239,T002239,D001,A001,2025-01-02,2025-01-05,2025-01-05,11,None
S002240,T002240,D012,A003,2024-12-20,2024-12-23,2024-12-28,89,Warehouse Delay
S002241,T002241,D031,A009,2024-02-27,2024-02-29,2024-02-29,12,Stock Delay
S002242,T002242,D001,A001,2024-05-14,2024-05-17,2024-05-17,16,None
S002243,T002243,D022,A005,2025-07-22,2025-07-23,2025-07-24,15,Minor Transport Delay
S002244,T002244,D040,A013,2026-06-20,2026-06-21,2026-06-22,28,None
S002245,T002245,D035,A010,2024-02-18,2024-02-21,2024-02-22,20,None
S002246,T002246,D024,A005,2026-03-18,2026-03-20,2026-03-20,15,None
S002247,T002247,D003,A001,2025-10-02,2025-10-05,2025-10-05,6,None
S002248,T002248,D034,A010,2024-02-15,2024-02-16,2024-02-18,33,None
S002249,T002249,D019,A005,2024-02-19,2024-02-21,2024-02-21,7,None
S002250,T002250,D001,A001,2025-07-12,2025-07-13,2025-07-13,5,None
S002251,T002251,D005,A001,2024-06-22,2024-06-23,2024-06-23,16,None
S002252,T002252,D037,A012,2026-06-21,2026-06-24,2026-06-24,15,None
S002253,T002253,D026,A006,2024-08-15,2024-08-16,2024-08-17,72,Warehouse Delay
S002254,T002254,D034,A010,2025-10-26,2025-10-28,2025-11-01,35,None
S002255,T002255,D036,A011,2026-02-06,2026-02-09,2026-02-10,32,None
S002256,T002256,D020,A005,2024-02-17,2024-02-18,2024-02-18,5,None
S002257,T002257,D019,A005,2026-03-10,2026-03-12,2026-03-13,11,None
S002258,T002258,D015,A004,2025-07-28,2025-07-29,2025-07-29,14,None
S002259,T002259,D015,A004,2024-04-16,2024-04-17,2024-04-17,12,None
S002260,T002260,D013,A004,2026-06-22,2026-06-25,2026-06-25,13,None
S002261,T002261,D032,A009,2025-01-05,2025-01-07,2025-01-07,27,None
S002262,T002262,D021,A005,2024-12-12,2024-12-13,2024-12-13,11,None
S002263,T002263,D036,A011,2025-03-25,2025-03-28,2025-03-29,15,None
S002264,T002264,D017,A004,2025-05-27,2025-05-28,2025-05-29,7,None
S002265,T002265,D019,A005,2024-05-17,2024-05-19,2024-05-19,10,Minor Transport Delay
S002266,T002266,D023,A005,2024-08-12,2024-08-14,2024-08-14,7,None
S002267,T002267,D023,A005,2026-05-16,2026-05-19,2026-05-19,8,None
S002268,T002268,D027,A007,2026-01-16,2026-01-17,2026-01-18,34,Stock Delay
S002269,T002269,D011,A002,2024-03-11,2024-03-13,2024-03-14,24,None
S002270,T002270,D020,A005,2026-01-14,2026-01-15,2026-01-15,14,None
S002271,T002271,D004,A001,2025-03-02,2025-03-03,2025-03-03,6,None
S002272,T002272,D015,A004,2024-07-09,2024-07-12,2024-07-12,13,None
S002273,T002273,D018,A004,2025-03-07,2025-03-09,2025-03-09,4,None
S002274,T002274,D021,A005,2025-01-21,2025-01-24,2025-01-24,12,None
S002275,T002275,D038,A013,2024-08-09,2024-08-12,2024-08-13,19,None
S002276,T002276,D023,A005,2024-08-13,2024-08-16,2024-08-16,14,None
S002277,T002277,D029,A008,2025-12-07,2025-12-08,2025-12-09,30,Transport Delay
S002278,T002278,D020,A005,2026-03-09,2026-03-12,2026-03-12,14,None
S002279,T002279,D019,A005,2025-01-27,2025-01-30,2025-01-30,5,None
S002280,T002280,D001,A001,2025-01-21,2025-01-24,2025-01-24,5,None
S002281,T002281,D012,A003,2024-05-11,2024-05-12,2024-05-13,43,Transport Routing Delay
S002282,T002282,D013,A004,2025-07-03,2025-07-05,2025-07-05,16,Minor Transport Delay
S002283,T002283,D018,A004,2024-02-24,2024-02-26,2024-02-26,11,None
S002284,T002284,D007,A001,2026-05-06,2026-05-09,2026-05-09,17,None
S002285,T002285,D003,A001,2025-08-18,2025-08-20,2025-08-20,4,None
S002286,T002286,D012,A003,2024-04-19,2024-04-20,2024-04-21,70,Parts Damage
S002287,T002287,D040,A013,2025-03-03,2025-03-06,2025-03-07,29,None
S002288,T002288,D013,A004,2026-08-21,2026-08-22,2026-08-22,11,None
S002289,T002289,D018,A004,2026-05-24,2026-05-27,2026-05-27,17,None
S002290,T002290,D009,A002,2026-04-28,2026-04-29,2026-04-30,23,Stock Delay
S002291,T002291,D025,A005,2024-07-01,2024-07-03,2024-07-03,13,None
S002292,T002292,D012,A003,2025-05-14,2025-05-17,2025-05-20,41,Transport Routing Delay
S002293,T002293,D009,A002,2025-06-22,2025-06-25,2025-06-26,32,None
S002294,T002294,D019,A005,2025-02-05,2025-02-06,2025-02-06,5,None
S002295,T002295,D007,A001,2024-01-14,2024-01-15,2024-01-15,11,None
S002296,T002296,D006,A001,2025-12-13,2025-12-14,2025-12-14,16,Minor Transport Delay
S002297,T002297,D011,A002,2026-08-01,2026-08-02,2026-08-02,31,Stock Delay
S002298,T002298,D003,A001,2025-08-15,2025-08-16,2025-08-16,13,None
S002299,T002299,D004,A001,2025-11-19,2025-11-22,2025-11-22,8,None
S002300,T002300,D015,A004,2025-05-30,2025-06-01,2025-06-01,18,Minor Transport Delay
S002301,T002301,D031,A009,2025-11-27,2025-11-30,2025-12-01,15,None
S002302,T002302,D021,A005,2026-01-20,2026-01-23,2026-01-23,6,None
S002303,T002303,D021,A005,2024-04-18,2024-04-20,2024-04-20,13,None
S002304,T002304,D015,A004,2025-07-25,2025-07-26,2025-07-26,17,Minor Transport Delay
S002305,T002305,D040,A013,2026-05-02,2026-05-04,2026-05-06,15,Stock Delay
S002306,T002306,D018,A004,2024-07-11,2024-07-12,2024-07-12,12,None
S002307,T002307,D005,A001,2024-09-24,2024-09-26,2024-09-26,7,None
S002308,T002308,D021,A005,2024-11-21,2024-11-22,2024-11-22,7,None
S002309,T002309,D002,A001,2024-01-09,2024-01-11,2024-01-11,12,None
S002310,T002310,D017,A004,2024-02-17,2024-02-20,2024-02-20,14,None
S002311,T002311,D025,A005,2025-08-16,2025-08-18,2025-08-18,8,None
S002312,T002312,D036,A011,2025-12-20,2025-12-22,2025-12-22,36,Stock Delay
S002313,T002313,D018,A004,2026-08-26,2026-08-27,2026-08-27,12,None
S002314,T002314,D027,A007,2024-08-08,2024-08-10,2024-08-10,25,None
S002315,T002315,D039,A013,2024-05-03,2024-05-06,2024-05-06,21,Transport Delay
S002316,T002316,D002,A001,2024-11-08,2024-11-11,2024-11-11,6,None
S002317,T002317,D012,A003,2025-12-05,2025-12-08,2025-12-16,89,Warehouse Delay
S002318,T002318,D013,A004,2025-02-25,2025-02-26,2025-02-26,7,None
S002319,T002319,D013,A004,2024-04-06,2024-04-09,2024-04-09,16,None
S002320,T002320,D014,A004,2024-10-30,2024-11-02,2024-11-03,8,None
S002321,T002321,D037,A012,2024-06-10,2024-06-12,2024-06-12,36,None
S002322,T002322,D028,A007,2025-03-25,2025-03-27,2025-03-28,14,None
S002323,T002323,D023,A005,2025-03-12,2025-03-13,2025-03-15,10,Minor Transport Delay
S002324,T002324,D017,A004,2026-04-01,2026-04-03,2026-04-03,11,None
S002325,T002325,D030,A009,2026-07-07,2026-07-09,2026-07-09,21,Stock Delay
S002326,T002326,D040,A013,2026-05-08,2026-05-09,2026-05-10,31,None
S002327,T002327,D031,A009,2025-01-29,2025-01-30,2025-01-31,36,None
S002328,T002328,D002,A001,2024-11-21,2024-11-23,2024-11-23,6,None
S002329,T002329,D020,A005,2024-02-06,2024-02-07,2024-02-07,10,None
S002330,T002330,D005,A001,2025-11-10,2025-11-12,2025-11-12,16,None
S002331,T002331,D012,A003,2024-08-25,2024-08-27,2024-08-27,52,Dealer Stockout
S002332,T002332,D006,A001,2026-04-22,2026-04-23,2026-04-23,4,None
S002333,T002333,D020,A005,2026-03-13,2026-03-15,2026-03-15,14,None
S002334,T002334,D028,A007,2024-01-03,2024-01-05,2024-01-06,28,None
S002335,T002335,D004,A001,2024-07-14,2024-07-16,2024-07-16,12,None
S002336,T002336,D015,A004,2024-08-01,2024-08-03,2024-08-03,15,None
S002337,T002337,D017,A004,2024-09-17,2024-09-18,2024-09-18,16,None
S002338,T002338,D015,A004,2024-06-28,2024-06-29,2024-06-29,6,None
S002339,T002339,D002,A001,2025-07-21,2025-07-23,2025-07-23,8,None
S002340,T002340,D013,A004,2025-08-14,2025-08-16,2025-08-16,16,None
S002341,T002341,D029,A008,2025-09-15,2025-09-17,2025-09-19,12,None
S002342,T002342,D007,A001,2026-07-15,2026-07-17,2026-07-17,7,None
S002343,T002343,D007,A001,2026-06-01,2026-06-03,2026-06-03,8,None
S002344,T002344,D017,A004,2025-06-19,2025-06-20,2025-06-20,13,None
S002345,T002345,D040,A013,2024-05-19,2024-05-22,2024-05-24,18,Transport Delay
S002346,T002346,D026,A006,2025-11-13,2025-11-16,2025-11-24,63,Transport Routing Delay
S002347,T002347,D026,A006,2025-04-12,2025-04-14,2025-04-19,65,Warehouse Delay
S002348,T002348,D018,A004,2024-01-23,2024-01-25,2024-01-25,5,None
S002349,T002349,D022,A005,2026-07-18,2026-07-19,2026-07-19,16,None
S002350,T002350,D003,A001,2026-03-26,2026-03-28,2026-03-28,10,None
S002351,T002351,D022,A005,2025-03-18,2025-03-20,2025-03-20,9,None
S002352,T002352,D037,A012,2026-08-24,2026-08-27,2026-08-27,27,None
S002353,T002353,D023,A005,2026-06-27,2026-06-30,2026-06-30,8,None
S002354,T002354,D036,A011,2025-08-12,2025-08-14,2025-08-14,20,None
S002355,T002355,D027,A007,2025-10-23,2025-10-25,2025-10-25,34,None
S002356,T002356,D004,A001,2024-12-17,2024-12-18,2024-12-18,15,None
S002357,T002357,D037,A012,2026-03-25,2026-03-27,2026-03-27,34,None
S002358,T002358,D003,A001,2026-03-31,2026-04-01,2026-04-01,4,None
S002359,T002359,D019,A005,2026-06-01,2026-06-02,2026-06-02,17,None
S002360,T002360,D004,A001,2026-02-01,2026-02-03,2026-02-04,8,None
S002361,T002361,D001,A001,2025-10-06,2025-10-07,2025-10-07,8,None
S002362,T002362,D018,A004,2025-02-20,2025-02-23,2025-02-24,14,None
S002363,T002363,D017,A004,2024-12-25,2024-12-26,2024-12-26,5,None
S002364,T002364,D014,A004,2025-03-25,2025-03-28,2025-03-28,9,None
S002365,T002365,D023,A005,2025-10-26,2025-10-27,2025-10-27,14,Minor Transport Delay
S002366,T002366,D003,A001,2024-05-30,2024-06-02,2024-06-02,9,None
S002367,T002367,D004,A001,2024-02-19,2024-02-20,2024-02-20,10,None
S002368,T002368,D024,A005,2025-03-08,2025-03-10,2025-03-10,8,None
S002369,T002369,D015,A004,2025-02-16,2025-02-19,2025-02-19,15,None
S002370,T002370,D027,A007,2025-07-04,2025-07-07,2025-07-11,18,None
S002371,T002371,D024,A005,2025-03-07,2025-03-09,2025-03-09,15,None
S002372,T002372,D034,A010,2026-05-08,2026-05-10,2026-05-10,23,None
S002373,T002373,D028,A007,2024-06-26,2024-06-28,2024-06-30,24,None
S002374,T002374,D016,A004,2025-07-05,2025-07-08,2025-07-08,13,None
S002375,T002375,D026,A006,2026-04-13,2026-04-15,2026-04-20,85,Parts Damage
S002376,T002376,D012,A003,2025-12-01,2025-12-04,2025-12-05,54,Warehouse Delay
S002377,T002377,D015,A004,2024-05-21,2024-05-23,2024-05-24,11,None
S002378,T002378,D032,A009,2026-06-18,2026-06-19,2026-06-23,19,None
S002379,T002379,D016,A004,2025-07-24,2025-07-26,2025-07-26,17,None
S002380,T002380,D033,A009,2025-03-07,2025-03-09,2025-03-09,31,None
S002381,T002381,D032,A009,2024-03-31,2024-04-02,2024-04-03,36,None
S002382,T002382,D034,A010,2024-03-01,2024-03-04,2024-03-04,13,None
S002383,T002383,D037,A012,2026-01-26,2026-01-28,2026-01-28,23,None
S002384,T002384,D014,A004,2026-02-01,2026-02-04,2026-02-04,7,None
S002385,T002385,D015,A004,2025-11-01,2025-11-03,2025-11-03,9,Minor Transport Delay
S002386,T002386,D020,A005,2026-06-04,2026-06-05,2026-06-06,10,Minor Transport Delay
S002387,T002387,D018,A004,2026-07-26,2026-07-29,2026-07-29,17,Minor Transport Delay
S002388,T002388,D022,A005,2024-01-30,2024-02-02,2024-02-02,5,None
S002389,T002389,D028,A007,2025-08-21,2025-08-24,2025-08-24,25,None
S002390,T002390,D028,A007,2026-05-03,2026-05-04,2026-05-04,15,None
S002391,T002391,D017,A004,2024-08-08,2024-08-10,2024-08-10,8,None
S002392,T002392,D010,A002,2026-01-17,2026-01-19,2026-01-19,14,None
S002393,T002393,D018,A004,2025-02-22,2025-02-24,2025-02-24,8,None
S002394,T002394,D005,A001,2025-02-25,2025-02-28,2025-02-28,16,None
S002395,T002395,D036,A011,2025-12-26,2025-12-27,2025-12-28,34,None
S002396,T002396,D015,A004,2025-09-06,2025-09-08,2025-09-08,14,None
S002397,T002397,D006,A001,2024-06-17,2024-06-18,2024-06-18,4,None
S002398,T002398,D006,A001,2024-07-09,2024-07-11,2024-07-12,17,None
S002399,T002399,D025,A005,2025-05-07,2025-05-08,2025-05-08,10,None
S002400,T002400,D019,A005,2024-09-16,2024-09-18,2024-09-18,18,None
S002401,T002401,D016,A004,2024-02-03,2024-02-05,2024-02-05,17,None
S002402,T002402,D005,A001,2026-05-08,2026-05-10,2026-05-10,15,None
S002403,T002403,D015,A004,2025-04-11,2025-04-13,2025-04-14,4,None
S002404,T002404,D015,A004,2024-10-15,2024-10-16,2024-10-17,15,None
S002405,T002405,D026,A006,2026-03-12,2026-03-14,2026-03-19,89,Transport Routing Delay
S002406,T002406,D023,A005,2026-07-26,2026-07-29,2026-07-29,17,None
S002407,T002407,D016,A004,2025-05-05,2025-05-06,2025-05-06,7,None
S002408,T002408,D009,A002,2024-01-09,2024-01-11,2024-01-12,18,None
S002409,T002409,D040,A013,2025-07-01,2025-07-02,2025-07-02,31,Transport Delay
S002410,T002410,D017,A004,2025-01-08,2025-01-09,2025-01-09,11,None
S002411,T002411,D028,A007,2026-06-16,2026-06-19,2026-06-19,30,None
S002412,T002412,D006,A001,2026-03-23,2026-03-24,2026-03-26,12,Minor Transport Delay
S002413,T002413,D015,A004,2026-04-07,2026-04-08,2026-04-08,9,None
S002414,T002414,D002,A001,2025-07-04,2025-07-05,2025-07-05,8,None
S002415,T002415,D019,A005,2025-07-14,2025-07-17,2025-07-17,15,None
S002416,T002416,D038,A013,2026-04-18,2026-04-20,2026-04-20,16,None
S002417,T002417,D014,A004,2024-11-15,2024-11-16,2024-11-16,13,None
S002418,T002418,D004,A001,2026-02-01,2026-02-02,2026-02-04,17,None
S002419,T002419,D006,A001,2026-08-03,2026-08-04,2026-08-04,9,None
S002420,T002420,D014,A004,2024-10-29,2024-10-30,2024-10-30,10,None
S002421,T002421,D001,A001,2024-12-06,2024-12-09,2024-12-09,7,None
S002422,T002422,D003,A001,2024-08-16,2024-08-17,2024-08-17,8,None
S002423,T002423,D029,A008,2025-06-29,2025-07-02,2025-07-03,13,None
S002424,T002424,D018,A004,2025-02-21,2025-02-24,2025-02-24,14,None
S002425,T002425,D016,A004,2025-02-20,2025-02-23,2025-02-23,15,None
S002426,T002426,D037,A012,2024-05-02,2024-05-05,2024-05-06,17,None
S002427,T002427,D002,A001,2025-02-20,2025-02-23,2025-02-23,6,None
S002428,T002428,D038,A013,2026-08-15,2026-08-18,2026-08-20,12,None
S002429,T002429,D018,A004,2026-02-05,2026-02-08,2026-02-08,13,None
S002430,T002430,D036,A011,2024-06-12,2024-06-14,2024-06-14,35,None
S002431,T002431,D020,A005,2025-03-03,2025-03-06,2025-03-07,6,None
S002432,T002432,D035,A010,2024-12-30,2025-01-02,2025-01-02,32,Stock Delay
S002433,T002433,D041,A013,2024-05-29,2024-06-01,2024-06-01,20,None
S002434,T002434,D018,A004,2024-03-29,2024-03-30,2024-03-30,13,None
S002435,T002435,D040,A013,2025-05-19,2025-05-20,2025-05-21,26,None
S002436,T002436,D014,A004,2024-05-29,2024-05-30,2024-06-01,14,None
S002437,T002437,D015,A004,2025-07-26,2025-07-29,2025-07-29,6,None
S002438,T002438,D017,A004,2025-04-19,2025-04-20,2025-04-20,5,None
S002439,T002439,D024,A005,2026-04-10,2026-04-12,2026-04-12,12,None
S002440,T002440,D006,A001,2024-01-24,2024-01-25,2024-01-26,12,None
S002441,T002441,D022,A005,2024-02-14,2024-02-17,2024-02-17,16,Minor Transport Delay
S002442,T002442,D021,A005,2024-01-14,2024-01-16,2024-01-17,18,None
S002443,T002443,D029,A008,2025-12-10,2025-12-12,2025-12-12,30,None
S002444,T002444,D034,A010,2025-10-11,2025-10-14,2025-10-15,22,None
S002445,T002445,D015,A004,2024-07-28,2024-07-29,2024-07-30,9,None
S002446,T002446,D016,A004,2026-04-04,2026-04-05,2026-04-05,11,None
S002447,T002447,D012,A003,2026-01-15,2026-01-17,2026-01-20,80,None
S002448,T002448,D009,A002,2024-03-16,2024-03-18,2024-03-19,13,None
S002449,T002449,D002,A001,2026-05-13,2026-05-14,2026-05-15,5,None
S002450,T002450,D014,A004,2025-07-23,2025-07-24,2025-07-25,11,None
S002451,T002451,D012,A003,2026-07-13,2026-07-14,2026-07-19,75,Dealer Stockout
S002452,T002452,D038,A013,2024-07-31,2024-08-01,2024-08-02,35,None
S002453,T002453,D023,A005,2026-03-27,2026-03-29,2026-03-29,12,None
S002454,T002454,D017,A004,2024-10-23,2024-10-24,2024-10-24,16,None
S002455,T002455,D025,A005,2025-07-30,2025-07-31,2025-08-02,7,None
S002456,T002456,D005,A001,2024-09-02,2024-09-04,2024-09-05,15,None
S002457,T002457,D018,A004,2024-02-27,2024-03-01,2024-03-01,7,None
S002458,T002458,D022,A005,2025-05-20,2025-05-23,2025-05-23,12,None
S002459,T002459,D018,A004,2025-06-25,2025-06-27,2025-06-28,9,None
S002460,T002460,D014,A004,2025-08-30,2025-08-31,2025-08-31,14,Minor Transport Delay
S002461,T002461,D039,A013,2026-06-12,2026-06-13,2026-06-14,17,None
S002462,T002462,D036,A011,2026-02-17,2026-02-18,2026-02-19,16,None
S002463,T002463,D019,A005,2025-03-23,2025-03-26,2025-03-26,10,None
S002464,T002464,D024,A005,2026-08-22,2026-08-24,2026-08-24,10,None
S002465,T002465,D019,A005,2025-09-17,2025-09-19,2025-09-19,12,None
S002466,T002466,D010,A002,2025-08-11,2025-08-14,2025-08-14,16,None
S002467,T002467,D018,A004,2024-07-24,2024-07-26,2024-07-26,9,None
S002468,T002468,D003,A001,2025-09-06,2025-09-07,2025-09-08,15,None
S002469,T002469,D017,A004,2025-12-26,2025-12-28,2025-12-28,14,None
S002470,T002470,D021,A005,2025-06-23,2025-06-26,2025-06-27,18,None
S002471,T002471,D010,A002,2026-02-17,2026-02-20,2026-02-21,31,None
S002472,T002472,D040,A013,2024-12-08,2024-12-10,2024-12-11,23,Stock Delay
S002473,T002473,D037,A012,2026-03-08,2026-03-10,2026-03-10,15,None
S002474,T002474,D028,A007,2024-08-31,2024-09-03,2024-09-03,13,None
S002475,T002475,D021,A005,2026-01-24,2026-01-25,2026-01-25,5,None
S002476,T002476,D036,A011,2024-03-28,2024-03-31,2024-03-31,27,None
S002477,T002477,D002,A001,2026-08-02,2026-08-03,2026-08-03,8,None
S002478,T002478,D031,A009,2024-11-08,2024-11-11,2024-11-12,27,None
S002479,T002479,D001,A001,2025-08-04,2025-08-07,2025-08-07,10,None
S002480,T002480,D030,A009,2026-04-03,2026-04-06,2026-04-10,20,None
S002481,T002481,D012,A003,2026-07-20,2026-07-23,2026-07-23,89,Parts Damage
S002482,T002482,D036,A011,2025-03-25,2025-03-26,2025-03-26,28,None
S002483,T002483,D041,A013,2024-04-16,2024-04-18,2024-04-18,20,None
S002484,T002484,D003,A001,2024-09-07,2024-09-08,2024-09-09,4,None
S002485,T002485,D016,A004,2026-05-26,2026-05-29,2026-05-30,10,None
S002486,T002486,D041,A013,2024-05-19,2024-05-22,2024-05-22,18,None
S002487,T002487,D015,A004,2025-10-01,2025-10-02,2025-10-02,15,None
S002488,T002488,D035,A010,2025-02-22,2025-02-25,2025-02-26,33,None
S002489,T002489,D021,A005,2026-01-25,2026-01-26,2026-01-28,18,None
S002490,T002490,D015,A004,2026-01-09,2026-01-12,2026-01-13,7,None
S002491,T002491,D013,A004,2025-11-20,2025-11-22,2025-11-22,9,None
S002492,T002492,D009,A002,2025-01-30,2025-02-01,2025-02-01,31,None
S002493,T002493,D029,A008,2024-10-22,2024-10-24,2024-10-24,29,None
S002494,T002494,D013,A004,2026-05-01,2026-05-03,2026-05-03,16,None
S002495,T002495,D023,A005,2026-08-18,2026-08-21,2026-08-21,11,None
S002496,T002496,D013,A004,2024-06-05,2024-06-08,2024-06-08,8,None
S002497,T002497,D023,A005,2026-03-10,2026-03-12,2026-03-12,5,None
S002498,T002498,D034,A010,2025-06-16,2025-06-19,2025-06-20,28,Stock Delay
S002499,T002499,D041,A013,2024-10-05,2024-10-07,2024-10-07,24,Stock Delay
S002500,T002500,D013,A004,2025-05-07,2025-05-09,2025-05-09,15,None
S002501,T002501,D034,A010,2025-10-15,2025-10-17,2025-10-17,36,None
S002502,T002502,D033,A009,2024-04-14,2024-04-16,2024-04-18,17,Transport Delay
S002503,T002503,D019,A005,2026-04-29,2026-05-01,2026-05-01,17,None
S002504,T002504,D041,A013,2026-08-27,2026-08-28,2026-08-28,15,None
S002505,T002505,D011,A002,2025-04-22,2025-04-23,2025-04-24,15,None
S002506,T002506,D006,A001,2024-09-15,2024-09-17,2024-09-18,16,None
S002507,T002507,D034,A010,2025-11-10,2025-11-13,2025-11-13,29,None
S002508,T002508,D015,A004,2026-08-23,2026-08-25,2026-08-27,9,None
S002509,T002509,D034,A010,2024-12-16,2024-12-19,2024-12-23,32,None
S002510,T002510,D036,A011,2025-06-30,2025-07-03,2025-07-03,18,None
S002511,T002511,D002,A001,2024-08-31,2024-09-01,2024-09-01,9,None
S002512,T002512,D036,A011,2025-05-12,2025-05-15,2025-05-15,27,None
S002513,T002513,D013,A004,2025-10-31,2025-11-02,2025-11-02,16,None
S002514,T002514,D025,A005,2026-07-19,2026-07-22,2026-07-22,16,None
S002515,T002515,D020,A005,2024-08-06,2024-08-09,2024-08-09,14,None
S002516,T002516,D040,A013,2024-01-19,2024-01-20,2024-01-20,30,Transport Delay
S002517,T002517,D006,A001,2026-01-03,2026-01-05,2026-01-05,11,None
S002518,T002518,D018,A004,2026-04-08,2026-04-11,2026-04-11,8,None
S002519,T002519,D028,A007,2025-08-08,2025-08-09,2025-08-10,18,None
S002520,T002520,D028,A007,2026-01-01,2026-01-03,2026-01-03,26,None
S002521,T002521,D028,A007,2024-04-13,2024-04-14,2024-04-14,31,None
S002522,T002522,D007,A001,2024-02-10,2024-02-11,2024-02-11,4,Minor Transport Delay
S002523,T002523,D017,A004,2026-03-20,2026-03-22,2026-03-22,11,None
S002524,T002524,D017,A004,2024-07-01,2024-07-03,2024-07-03,5,None
S002525,T002525,D031,A009,2024-04-22,2024-04-24,2024-04-25,36,None
S002526,T002526,D012,A003,2025-03-31,2025-04-03,2025-04-04,48,Warehouse Delay
S002527,T002527,D009,A002,2025-01-11,2025-01-14,2025-01-15,34,None
S002528,T002528,D038,A013,2025-05-15,2025-05-17,2025-05-17,29,None
S002529,T002529,D007,A001,2024-03-28,2024-03-29,2024-03-30,17,None
S002530,T002530,D038,A013,2024-03-17,2024-03-18,2024-03-18,26,Transport Delay
S002531,T002531,D026,A006,2025-05-19,2025-05-21,2025-05-29,50,Transport Routing Delay
S002532,T002532,D034,A010,2024-11-17,2024-11-20,2024-11-21,30,None
S002533,T002533,D013,A004,2026-08-31,2026-09-02,2026-09-02,4,None
S002534,T002534,D007,A001,2026-07-01,2026-07-02,2026-07-02,18,None
S002535,T002535,D029,A008,2026-04-03,2026-04-06,2026-04-06,23,None
S002536,T002536,D035,A010,2026-04-24,2026-04-27,2026-04-27,22,None
S002537,T002537,D029,A008,2024-08-30,2024-09-02,2024-09-02,30,Transport Delay
S002538,T002538,D007,A001,2026-03-30,2026-03-31,2026-04-01,17,None
S002539,T002539,D029,A008,2026-08-19,2026-08-20,2026-08-20,16,None
S002540,T002540,D031,A009,2024-03-18,2024-03-21,2024-03-22,22,Stock Delay
S002541,T002541,D026,A006,2024-03-25,2024-03-26,2024-03-29,86,Transport Routing Delay
S002542,T002542,D031,A009,2026-05-13,2026-05-16,2026-05-18,24,Transport Delay
S002543,T002543,D035,A010,2025-04-07,2025-04-10,2025-04-11,24,Transport Delay
S002544,T002544,D020,A005,2024-07-04,2024-07-07,2024-07-08,8,None
S002545,T002545,D001,A001,2025-06-17,2025-06-20,2025-06-20,17,None
S002546,T002546,D015,A004,2024-03-28,2024-03-30,2024-03-31,7,None
S002547,T002547,D006,A001,2024-12-12,2024-12-13,2024-12-13,17,None
S002548,T002548,D013,A004,2025-12-07,2025-12-08,2025-12-08,15,None
S002549,T002549,D013,A004,2025-07-03,2025-07-05,2025-07-06,5,None
S002550,T002550,D002,A001,2024-06-18,2024-06-19,2024-06-19,12,None
S002551,T002551,D015,A004,2024-09-30,2024-10-01,2024-10-01,11,None
S002552,T002552,D004,A001,2024-01-12,2024-01-13,2024-01-13,18,None
S002553,T002553,D032,A009,2025-04-24,2025-04-26,2025-04-26,30,None
S002554,T002554,D041,A013,2025-03-21,2025-03-24,2025-03-24,26,None
S002555,T002555,D005,A001,2025-01-17,2025-01-19,2025-01-19,11,None
S002556,T002556,D041,A013,2024-07-08,2024-07-10,2024-07-10,21,None
S002557,T002557,D023,A005,2025-02-08,2025-02-09,2025-02-09,5,None
S002558,T002558,D017,A004,2024-08-15,2024-08-16,2024-08-17,14,None
S002559,T002559,D003,A001,2025-11-01,2025-11-03,2025-11-03,10,None
S002560,T002560,D023,A005,2025-09-19,2025-09-21,2025-09-21,15,None
S002561,T002561,D031,A009,2025-09-15,2025-09-16,2025-09-16,20,Stock Delay
S002562,T002562,D027,A007,2025-08-01,2025-08-04,2025-08-05,32,None
S002563,T002563,D002,A001,2024-12-10,2024-12-13,2024-12-15,15,Minor Transport Delay
S002564,T002564,D006,A001,2024-02-24,2024-02-27,2024-02-27,17,None
S002565,T002565,D013,A004,2024-07-11,2024-07-14,2024-07-14,10,None
S002566,T002566,D016,A004,2024-10-10,2024-10-11,2024-10-13,18,None
S002567,T002567,D009,A002,2025-10-14,2025-10-16,2025-10-17,36,Stock Delay
S002568,T002568,D012,A003,2026-03-25,2026-03-26,2026-03-27,63,Transport Routing Delay
S002569,T002569,D030,A009,2025-07-17,2025-07-20,2025-07-20,20,None
S002570,T002570,D039,A013,2024-07-22,2024-07-24,2024-07-25,36,None
S002571,T002571,D014,A004,2025-11-29,2025-12-02,2025-12-02,4,None
S002572,T002572,D037,A012,2026-06-25,2026-06-27,2026-06-29,27,None
S002573,T002573,D015,A004,2025-01-21,2025-01-22,2025-01-22,15,None
S002574,T002574,D014,A004,2026-01-22,2026-01-24,2026-01-24,16,None
S002575,T002575,D009,A002,2024-07-12,2024-07-15,2024-07-15,28,Transport Delay
S002576,T002576,D024,A005,2025-05-08,2025-05-11,2025-05-11,7,None
S002577,T002577,D041,A013,2024-04-12,2024-04-14,2024-04-14,27,None
S002578,T002578,D019,A005,2024-12-19,2024-12-22,2024-12-22,4,None
S002579,T002579,D013,A004,2024-05-12,2024-05-15,2024-05-15,9,None
S002580,T002580,D021,A005,2025-07-07,2025-07-08,2025-07-08,14,None
S002581,T002581,D002,A001,2024-09-01,2024-09-03,2024-09-03,5,None
S002582,T002582,D036,A011,2025-04-13,2025-04-16,2025-04-16,13,None
S002583,T002583,D020,A005,2024-11-13,2024-11-16,2024-11-17,18,None
S002584,T002584,D016,A004,2025-11-23,2025-11-26,2025-11-27,17,None
S002585,T002585,D022,A005,2026-02-17,2026-02-18,2026-02-18,6,None
S002586,T002586,D022,A005,2026-02-05,2026-02-08,2026-02-08,9,None
S002587,T002587,D003,A001,2026-06-08,2026-06-09,2026-06-09,8,None
S002588,T002588,D026,A006,2025-08-23,2025-08-26,2025-09-03,64,Warehouse Delay
S002589,T002589,D012,A003,2025-07-08,2025-07-10,2025-07-13,90,Dealer Stockout
S002590,T002590,D027,A007,2025-05-10,2025-05-12,2025-05-13,30,Stock Delay
S002591,T002591,D032,A009,2026-04-02,2026-04-04,2026-04-06,15,None
S002592,T002592,D033,A009,2025-02-05,2025-02-07,2025-02-07,33,None
S002593,T002593,D021,A005,2025-04-17,2025-04-20,2025-04-20,11,None
S002594,T002594,D024,A005,2025-08-13,2025-08-15,2025-08-15,8,Minor Transport Delay
S002595,T002595,D001,A001,2026-02-15,2026-02-18,2026-02-18,12,None
S002596,T002596,D033,A009,2025-06-25,2025-06-27,2025-06-28,12,Stock Delay
S002597,T002597,D012,A003,2026-08-02,2026-08-05,2026-08-10,62,Dealer Stockout
S002598,T002598,D020,A005,2026-08-11,2026-08-14,2026-08-14,13,None
S002599,T002599,D016,A004,2026-06-30,2026-07-02,2026-07-02,11,None
S002600,T002600,D002,A001,2025-08-06,2025-08-08,2025-08-08,7,None
S002601,T002601,D020,A005,2026-06-19,2026-06-21,2026-06-21,16,None
S002602,T002602,D007,A001,2024-09-01,2024-09-02,2024-09-02,13,None
S002603,T002603,D029,A008,2025-02-20,2025-02-23,2025-02-25,21,None
S002604,T002604,D014,A004,2025-12-01,2025-12-02,2025-12-02,6,None
S002605,T002605,D002,A001,2024-09-15,2024-09-17,2024-09-17,10,None
S002606,T002606,D019,A005,2026-05-04,2026-05-06,2026-05-06,8,None
S002607,T002607,D001,A001,2025-02-12,2025-02-14,2025-02-14,7,None
S002608,T002608,D012,A003,2024-11-26,2024-11-27,2024-11-30,41,Dealer Stockout
S002609,T002609,D027,A007,2025-05-08,2025-05-09,2025-05-09,24,Stock Delay
S002610,T002610,D003,A001,2025-06-27,2025-06-30,2025-06-30,12,None
S002611,T002611,D034,A010,2024-04-19,2024-04-22,2024-04-23,36,Stock Delay
S002612,T002612,D001,A001,2024-09-19,2024-09-21,2024-09-21,8,None
S002613,T002613,D012,A003,2024-11-27,2024-11-29,2024-12-02,55,None
S002614,T002614,D029,A008,2026-03-30,2026-04-01,2026-04-02,25,None
S002615,T002615,D016,A004,2025-07-11,2025-07-12,2025-07-12,4,None
S002616,T002616,D002,A001,2024-06-21,2024-06-22,2024-06-23,18,None
S002617,T002617,D013,A004,2025-09-28,2025-09-30,2025-09-30,10,Minor Transport Delay
S002618,T002618,D012,A003,2025-07-06,2025-07-08,2025-07-11,85,Transport Routing Delay
S002619,T002619,D035,A010,2024-07-26,2024-07-29,2024-07-29,17,Stock Delay
S002620,T002620,D015,A004,2026-03-27,2026-03-28,2026-03-28,5,None
S002621,T002621,D033,A009,2024-11-13,2024-11-14,2024-11-14,19,None
S002622,T002622,D036,A011,2025-04-27,2025-04-28,2025-04-28,34,None
S002623,T002623,D016,A004,2024-11-15,2024-11-18,2024-11-18,4,None
S002624,T002624,D037,A012,2024-03-25,2024-03-27,2024-03-27,23,Transport Delay
S002625,T002625,D016,A004,2024-10-09,2024-10-11,2024-10-11,14,None
S002626,T002626,D038,A013,2026-06-08,2026-06-10,2026-06-10,16,Stock Delay
S002627,T002627,D006,A001,2026-01-27,2026-01-28,2026-01-28,10,None
S002628,T002628,D028,A007,2024-09-15,2024-09-16,2024-09-18,19,Stock Delay
S002629,T002629,D013,A004,2025-05-07,2025-05-09,2025-05-09,12,Minor Transport Delay
S002630,T002630,D014,A004,2024-07-25,2024-07-28,2024-07-30,12,Minor Transport Delay
S002631,T002631,D020,A005,2025-12-06,2025-12-07,2025-12-07,15,None
S002632,T002632,D027,A007,2026-03-25,2026-03-27,2026-03-27,31,None
S002633,T002633,D004,A001,2025-05-12,2025-05-14,2025-05-14,12,None
S002634,T002634,D008,A002,2025-09-27,2025-09-29,2025-09-29,23,None
S002635,T002635,D028,A007,2025-05-23,2025-05-25,2025-05-26,12,None
S002636,T002636,D026,A006,2025-08-08,2025-08-09,2025-08-10,71,Dealer Stockout
S002637,T002637,D040,A013,2024-05-09,2024-05-10,2024-05-11,30,None
S002638,T002638,D029,A008,2025-08-12,2025-08-13,2025-08-14,30,None
S002639,T002639,D038,A013,2024-12-17,2024-12-20,2024-12-22,22,Stock Delay
S002640,T002640,D028,A007,2026-05-12,2026-05-15,2026-05-16,14,None
S002641,T002641,D013,A004,2026-07-14,2026-07-16,2026-07-16,18,None
S002642,T002642,D007,A001,2024-04-23,2024-04-25,2024-04-26,8,None
S002643,T002643,D031,A009,2025-08-19,2025-08-20,2025-08-20,23,None
S002644,T002644,D023,A005,2024-08-31,2024-09-01,2024-09-01,14,None
S002645,T002645,D004,A001,2026-01-15,2026-01-16,2026-01-16,14,None
S002646,T002646,D016,A004,2025-05-06,2025-05-08,2025-05-08,14,None
S002647,T002647,D040,A013,2026-05-30,2026-06-02,2026-06-04,28,None
S002648,T002648,D025,A005,2025-01-20,2025-01-22,2025-01-22,18,None
S002649,T002649,D015,A004,2024-08-16,2024-08-19,2024-08-20,14,None
S002650,T002650,D017,A004,2026-07-26,2026-07-27,2026-07-27,7,None
S002651,T002651,D008,A002,2025-10-18,2025-10-19,2025-10-19,30,Stock Delay
S002652,T002652,D018,A004,2024-02-01,2024-02-02,2024-02-02,4,None
S002653,T002653,D018,A004,2024-12-28,2024-12-29,2024-12-29,6,None
S002654,T002654,D004,A001,2025-01-26,2025-01-29,2025-01-30,6,None
S002655,T002655,D031,A009,2026-08-02,2026-08-03,2026-08-03,31,None
S002656,T002656,D013,A004,2026-01-05,2026-01-08,2026-01-10,18,None
S002657,T002657,D031,A009,2025-04-22,2025-04-23,2025-04-25,15,Stock Delay
S002658,T002658,D034,A010,2025-02-09,2025-02-10,2025-02-10,22,None
S002659,T002659,D008,A002,2026-06-18,2026-06-21,2026-06-21,20,None
S002660,T002660,D026,A006,2024-08-10,2024-08-13,2024-08-16,83,Dealer Stockout
S002661,T002661,D015,A004,2024-06-16,2024-06-19,2024-06-19,7,None
S002662,T002662,D036,A011,2025-09-23,2025-09-26,2025-09-26,34,None
S002663,T002663,D008,A002,2024-12-27,2024-12-30,2024-12-30,17,None
S002664,T002664,D026,A006,2026-01-29,2026-01-31,2026-02-05,51,Transport Routing Delay
S002665,T002665,D019,A005,2026-01-06,2026-01-07,2026-01-07,4,None
S002666,T002666,D018,A004,2024-02-26,2024-02-28,2024-02-29,10,None
S002667,T002667,D006,A001,2024-11-15,2024-11-16,2024-11-16,11,None
S002668,T002668,D024,A005,2024-11-28,2024-11-30,2024-11-30,4,None
S002669,T002669,D029,A008,2025-10-18,2025-10-19,2025-10-19,27,None
S002670,T002670,D018,A004,2026-02-06,2026-02-09,2026-02-09,9,None
S002671,T002671,D023,A005,2024-08-18,2024-08-19,2024-08-19,7,None
S002672,T002672,D017,A004,2024-01-20,2024-01-22,2024-01-23,15,None
S002673,T002673,D027,A007,2026-03-21,2026-03-23,2026-03-23,27,None
S002674,T002674,D010,A002,2025-04-12,2025-04-13,2025-04-15,28,None
S002675,T002675,D036,A011,2024-01-21,2024-01-23,2024-01-23,22,None
S002676,T002676,D018,A004,2024-08-01,2024-08-02,2024-08-04,10,None
S002677,T002677,D014,A004,2024-06-05,2024-06-07,2024-06-08,4,None
S002678,T002678,D003,A001,2024-07-14,2024-07-16,2024-07-16,7,None
S002679,T002679,D003,A001,2026-07-26,2026-07-28,2026-07-28,7,None
S002680,T002680,D019,A005,2026-04-18,2026-04-20,2026-04-20,9,Minor Transport Delay
S002681,T002681,D012,A003,2024-02-25,2024-02-28,2024-03-07,53,Transport Routing Delay
S002682,T002682,D034,A010,2024-10-06,2024-10-07,2024-10-09,33,None
S002683,T002683,D004,A001,2024-11-08,2024-11-09,2024-11-09,6,None
S002684,T002684,D013,A004,2024-05-14,2024-05-15,2024-05-15,17,None
S002685,T002685,D017,A004,2024-03-18,2024-03-19,2024-03-20,17,Minor Transport Delay
S002686,T002686,D003,A001,2026-07-14,2026-07-16,2026-07-16,7,None
S002687,T002687,D005,A001,2024-09-17,2024-09-18,2024-09-18,17,None
S002688,T002688,D018,A004,2025-05-24,2025-05-26,2025-05-26,5,None
S002689,T002689,D016,A004,2026-03-27,2026-03-28,2026-03-30,14,None
S002690,T002690,D016,A004,2024-09-08,2024-09-10,2024-09-10,10,None
S002691,T002691,D019,A005,2025-11-18,2025-11-21,2025-11-21,18,Minor Transport Delay
S002692,T002692,D020,A005,2024-11-19,2024-11-20,2024-11-21,4,None
S002693,T002693,D003,A001,2024-02-12,2024-02-13,2024-02-13,13,None
S002694,T002694,D017,A004,2026-04-08,2026-04-11,2026-04-11,13,None
S002695,T002695,D038,A013,2024-11-09,2024-11-12,2024-11-12,25,None
S002696,T002696,D023,A005,2024-02-13,2024-02-16,2024-02-16,4,None
S002697,T002697,D026,A006,2026-01-20,2026-01-21,2026-01-26,74,Dealer Stockout
S002698,T002698,D017,A004,2025-06-21,2025-06-24,2025-06-24,13,None
S002699,T002699,D033,A009,2025-11-03,2025-11-05,2025-11-07,29,None
S002700,T002700,D033,A009,2025-12-25,2025-12-28,2025-12-28,28,Stock Delay
S002701,T002701,D022,A005,2026-08-11,2026-08-12,2026-08-14,14,None
S002702,T002702,D041,A013,2024-12-08,2024-12-11,2024-12-12,17,None
S002703,T002703,D005,A001,2024-02-05,2024-02-07,2024-02-08,15,None
S002704,T002704,D001,A001,2026-01-11,2026-01-14,2026-01-14,14,Minor Transport Delay
S002705,T002705,D033,A009,2024-06-07,2024-06-08,2024-06-08,23,None
S002706,T002706,D033,A009,2025-06-12,2025-06-15,2025-06-16,36,None
S002707,T002707,D002,A001,2024-02-20,2024-02-22,2024-02-22,18,None
S002708,T002708,D012,A003,2024-04-15,2024-04-17,2024-04-20,54,Transport Routing Delay
S002709,T002709,D004,A001,2025-04-17,2025-04-18,2025-04-18,11,None
S002710,T002710,D016,A004,2025-01-23,2025-01-26,2025-01-26,11,None
S002711,T002711,D032,A009,2026-02-20,2026-02-21,2026-02-21,21,None
S002712,T002712,D021,A005,2025-11-15,2025-11-17,2025-11-18,7,Minor Transport Delay
S002713,T002713,D013,A004,2025-05-30,2025-06-02,2025-06-02,7,None
S002714,T002714,D013,A004,2026-01-07,2026-01-08,2026-01-08,17,Minor Transport Delay
S002715,T002715,D003,A001,2026-02-15,2026-02-16,2026-02-16,11,None
S002716,T002716,D014,A004,2024-01-19,2024-01-20,2024-01-20,11,None
S002717,T002717,D019,A005,2025-08-29,2025-08-30,2025-08-31,5,None
S002718,T002718,D041,A013,2025-11-20,2025-11-21,2025-11-23,16,None
S002719,T002719,D034,A010,2025-01-18,2025-01-20,2025-01-20,12,None
S002720,T002720,D003,A001,2025-08-27,2025-08-30,2025-09-01,15,None
S002721,T002721,D037,A012,2025-08-04,2025-08-06,2025-08-06,26,None
S002722,T002722,D033,A009,2024-05-18,2024-05-20,2024-05-20,18,None
S002723,T002723,D032,A009,2024-09-11,2024-09-12,2024-09-13,13,None
S002724,T002724,D013,A004,2024-10-25,2024-10-27,2024-10-27,8,None
S002725,T002725,D013,A004,2025-05-18,2025-05-21,2025-05-21,11,Minor Transport Delay
S002726,T002726,D018,A004,2025-02-26,2025-02-28,2025-02-28,10,None
S002727,T002727,D004,A001,2025-12-10,2025-12-12,2025-12-12,13,None
S002728,T002728,D009,A002,2024-12-10,2024-12-12,2024-12-13,32,None
S002729,T002729,D012,A003,2024-05-10,2024-05-11,2024-05-12,93,None
S002730,T002730,D015,A004,2025-01-26,2025-01-28,2025-01-28,17,Minor Transport Delay
S002731,T002731,D029,A008,2025-01-03,2025-01-06,2025-01-06,30,None
S002732,T002732,D015,A004,2024-04-14,2024-04-17,2024-04-18,6,None
S002733,T002733,D001,A001,2024-12-10,2024-12-12,2024-12-12,4,None
S002734,T002734,D038,A013,2026-05-20,2026-05-21,2026-05-22,27,None
S002735,T002735,D040,A013,2025-05-12,2025-05-15,2025-05-15,29,None
S002736,T002736,D033,A009,2024-03-25,2024-03-26,2024-03-26,31,None
S002737,T002737,D040,A013,2024-11-06,2024-11-07,2024-11-07,17,Stock Delay
S002738,T002738,D024,A005,2025-07-22,2025-07-24,2025-07-24,17,None
S002739,T002739,D038,A013,2024-09-07,2024-09-09,2024-09-09,14,None
S002740,T002740,D002,A001,2026-08-23,2026-08-24,2026-08-25,4,None
S002741,T002741,D018,A004,2025-01-24,2025-01-27,2025-01-28,18,None
S002742,T002742,D009,A002,2025-11-16,2025-11-18,2025-11-18,14,None
S002743,T002743,D008,A002,2026-06-13,2026-06-16,2026-06-18,15,Stock Delay
S002744,T002744,D005,A001,2026-04-03,2026-04-06,2026-04-06,9,None
S002745,T002745,D024,A005,2025-11-23,2025-11-24,2025-11-25,15,None
S002746,T002746,D031,A009,2024-10-23,2024-10-24,2024-10-24,14,None
S002747,T002747,D025,A005,2024-03-12,2024-03-13,2024-03-13,17,Minor Transport Delay
S002748,T002748,D006,A001,2024-04-16,2024-04-17,2024-04-18,9,Minor Transport Delay
S002749,T002749,D031,A009,2024-06-09,2024-06-12,2024-06-12,30,None
S002750,T002750,D021,A005,2025-04-06,2025-04-09,2025-04-09,4,None
S002751,T002751,D013,A004,2026-04-06,2026-04-08,2026-04-08,8,None
S002752,T002752,D026,A006,2025-06-23,2025-06-24,2025-06-24,42,Dealer Stockout
S002753,T002753,D012,A003,2026-02-20,2026-02-22,2026-02-23,66,Dealer Stockout
S002754,T002754,D014,A004,2025-04-13,2025-04-16,2025-04-18,13,None
S002755,T002755,D037,A012,2026-01-13,2026-01-14,2026-01-14,26,None
S002756,T002756,D018,A004,2025-08-17,2025-08-20,2025-08-20,13,Minor Transport Delay
S002757,T002757,D017,A004,2024-04-19,2024-04-20,2024-04-20,13,None
S002758,T002758,D036,A011,2024-11-03,2024-11-04,2024-11-06,12,None
S002759,T002759,D028,A007,2024-12-25,2024-12-26,2024-12-27,29,None
S002760,T002760,D004,A001,2024-09-04,2024-09-07,2024-09-08,5,None
S002761,T002761,D005,A001,2025-02-19,2025-02-21,2025-02-21,16,None
S002762,T002762,D002,A001,2025-02-09,2025-02-11,2025-02-12,4,None
S002763,T002763,D021,A005,2026-08-31,2026-09-02,2026-09-02,8,None
S002764,T002764,D018,A004,2025-10-13,2025-10-16,2025-10-16,12,None
S002765,T002765,D004,A001,2024-01-13,2024-01-16,2024-01-16,16,None
S002766,T002766,D041,A013,2026-03-28,2026-03-29,2026-03-30,26,None
S002767,T002767,D025,A005,2024-08-15,2024-08-17,2024-08-17,18,None
S002768,T002768,D012,A003,2026-04-15,2026-04-16,2026-04-19,42,Dealer Stockout
S002769,T002769,D019,A005,2025-03-28,2025-03-31,2025-03-31,10,None
S002770,T002770,D026,A006,2025-09-22,2025-09-23,2025-10-01,53,Dealer Stockout
S002771,T002771,D007,A001,2024-12-31,2025-01-03,2025-01-03,8,None
S002772,T002772,D012,A003,2025-11-10,2025-11-13,2025-11-16,80,None
S002773,T002773,D031,A009,2024-08-22,2024-08-23,2024-08-23,33,None
S002774,T002774,D018,A004,2024-08-27,2024-08-28,2024-08-29,18,Minor Transport Delay
S002775,T002775,D021,A005,2025-09-24,2025-09-27,2025-09-27,10,None
S002776,T002776,D014,A004,2026-01-06,2026-01-09,2026-01-09,15,None
S002777,T002777,D007,A001,2025-04-12,2025-04-13,2025-04-15,7,Minor Transport Delay
S002778,T002778,D010,A002,2026-02-20,2026-02-23,2026-02-25,20,None
S002779,T002779,D018,A004,2024-06-04,2024-06-05,2024-06-05,16,None
S002780,T002780,D011,A002,2026-05-28,2026-05-31,2026-05-31,31,None
S002781,T002781,D006,A001,2026-04-11,2026-04-14,2026-04-14,5,None
S002782,T002782,D034,A010,2024-10-07,2024-10-08,2024-10-09,36,None
S002783,T002783,D041,A013,2025-03-26,2025-03-27,2025-03-27,23,None
S002784,T002784,D030,A009,2025-05-04,2025-05-05,2025-05-07,26,None
S002785,T002785,D034,A010,2025-02-01,2025-02-03,2025-02-03,34,Stock Delay
S002786,T002786,D012,A003,2026-08-14,2026-08-16,2026-08-21,61,Dealer Stockout
S002787,T002787,D041,A013,2024-01-16,2024-01-18,2024-01-19,32,None
S002788,T002788,D011,A002,2024-01-06,2024-01-07,2024-01-08,19,None
S002789,T002789,D041,A013,2025-12-13,2025-12-14,2025-12-15,24,None
S002790,T002790,D039,A013,2025-01-05,2025-01-06,2025-01-07,32,None
S002791,T002791,D027,A007,2025-02-02,2025-02-03,2025-02-03,14,Stock Delay
S002792,T002792,D038,A013,2025-11-14,2025-11-17,2025-11-17,22,None
S002793,T002793,D019,A005,2026-05-16,2026-05-18,2026-05-18,8,None
S002794,T002794,D012,A003,2024-05-22,2024-05-23,2024-05-23,79,Warehouse Delay
S002795,T002795,D014,A004,2025-11-01,2025-11-02,2025-11-02,8,None
S002796,T002796,D025,A005,2025-08-09,2025-08-10,2025-08-10,14,Minor Transport Delay
S002797,T002797,D006,A001,2026-04-19,2026-04-21,2026-04-21,7,None
S002798,T002798,D019,A005,2024-03-03,2024-03-06,2024-03-06,5,None
S002799,T002799,D041,A013,2026-08-29,2026-08-30,2026-08-31,25,Stock Delay
S002800,T002800,D010,A002,2026-01-12,2026-01-13,2026-01-14,16,Transport Delay
S002801,T002801,D031,A009,2026-06-18,2026-06-19,2026-06-19,36,None
S002802,T002802,D037,A012,2026-04-21,2026-04-22,2026-04-22,14,None
S002803,T002803,D039,A013,2026-04-28,2026-04-29,2026-04-29,20,Stock Delay
S002804,T002804,D041,A013,2025-09-14,2025-09-16,2025-09-17,22,Transport Delay
S002805,T002805,D023,A005,2024-03-08,2024-03-10,2024-03-10,4,None
S002806,T002806,D039,A013,2026-03-11,2026-03-14,2026-03-14,30,None
S002807,T002807,D029,A008,2024-12-17,2024-12-20,2024-12-20,32,Stock Delay
S002808,T002808,D004,A001,2026-07-22,2026-07-23,2026-07-23,13,None
S002809,T002809,D015,A004,2025-09-11,2025-09-14,2025-09-14,17,None
S002810,T002810,D027,A007,2024-11-16,2024-11-19,2024-11-19,20,None
S002811,T002811,D012,A003,2026-02-17,2026-02-20,2026-02-25,85,Warehouse Delay
S002812,T002812,D022,A005,2025-06-03,2025-06-04,2025-06-04,16,Minor Transport Delay
S002813,T002813,D026,A006,2025-03-12,2025-03-13,2025-03-18,69,Dealer Stockout
S002814,T002814,D011,A002,2025-05-05,2025-05-07,2025-05-07,23,None
S002815,T002815,D025,A005,2025-12-11,2025-12-14,2025-12-15,15,None
S002816,T002816,D033,A009,2025-06-27,2025-06-30,2025-06-30,23,None
S002817,T002817,D020,A005,2024-01-17,2024-01-20,2024-01-20,10,Minor Transport Delay
S002818,T002818,D002,A001,2024-04-29,2024-04-30,2024-05-01,10,None
S002819,T002819,D002,A001,2024-05-29,2024-05-31,2024-05-31,5,None
S002820,T002820,D014,A004,2025-09-29,2025-10-01,2025-10-01,13,None
S002821,T002821,D041,A013,2026-02-27,2026-03-02,2026-03-02,30,None
S002822,T002822,D010,A002,2025-05-15,2025-05-18,2025-05-18,23,None
S002823,T002823,D025,A005,2024-05-29,2024-06-01,2024-06-01,14,None
S002824,T002824,D011,A002,2025-11-22,2025-11-24,2025-11-28,26,None
S002825,T002825,D017,A004,2025-03-11,2025-03-13,2025-03-13,14,None
S002826,T002826,D034,A010,2024-04-15,2024-04-17,2024-04-19,21,None
S002827,T002827,D027,A007,2024-07-31,2024-08-01,2024-08-02,23,None
S002828,T002828,D001,A001,2026-01-30,2026-02-02,2026-02-02,6,None
S002829,T002829,D017,A004,2024-05-22,2024-05-24,2024-05-24,18,None
S002830,T002830,D007,A001,2024-04-23,2024-04-25,2024-04-25,12,None
S002831,T002831,D014,A004,2025-10-13,2025-10-14,2025-10-14,9,None
S002832,T002832,D026,A006,2024-06-01,2024-06-02,2024-06-05,36,Dealer Stockout
S002833,T002833,D007,A001,2024-01-24,2024-01-26,2024-01-26,11,None
S002834,T002834,D013,A004,2025-03-23,2025-03-26,2025-03-26,13,None
S002835,T002835,D014,A004,2025-10-06,2025-10-08,2025-10-08,13,None
S002836,T002836,D037,A012,2024-12-05,2024-12-08,2024-12-09,12,Transport Delay
S002837,T002837,D038,A013,2024-02-03,2024-02-04,2024-02-05,34,None
S002838,T002838,D006,A001,2024-05-11,2024-05-13,2024-05-14,7,None
S002839,T002839,D029,A008,2025-03-04,2025-03-06,2025-03-06,19,None
S002840,T002840,D018,A004,2025-10-31,2025-11-01,2025-11-01,18,None
S002841,T002841,D018,A004,2024-05-25,2024-05-28,2024-05-28,11,None
S002842,T002842,D029,A008,2025-03-21,2025-03-24,2025-03-24,29,None
S002843,T002843,D037,A012,2026-06-11,2026-06-14,2026-06-14,15,None
S002844,T002844,D041,A013,2025-09-18,2025-09-21,2025-09-21,33,None
S002845,T002845,D020,A005,2026-05-28,2026-05-30,2026-05-30,18,None
S002846,T002846,D016,A004,2024-04-11,2024-04-13,2024-04-13,11,None
S002847,T002847,D032,A009,2024-10-24,2024-10-27,2024-10-27,12,None
S002848,T002848,D012,A003,2025-05-16,2025-05-18,2025-05-19,96,Transport Routing Delay
S002849,T002849,D020,A005,2025-06-12,2025-06-15,2025-06-15,5,None
S002850,T002850,D015,A004,2026-04-17,2026-04-20,2026-04-20,16,None
S002851,T002851,D026,A006,2024-04-11,2024-04-14,2024-04-19,43,Dealer Stockout
S002852,T002852,D012,A003,2025-01-16,2025-01-19,2025-01-20,46,Dealer Stockout
S002853,T002853,D008,A002,2024-11-28,2024-12-01,2024-12-01,26,None
S002854,T002854,D037,A012,2024-08-28,2024-08-30,2024-08-31,34,Stock Delay
S002855,T002855,D004,A001,2025-02-18,2025-02-20,2025-02-20,14,None
S002856,T002856,D019,A005,2026-03-01,2026-03-02,2026-03-02,9,None
S002857,T002857,D010,A002,2024-11-23,2024-11-26,2024-11-26,17,None
S002858,T002858,D005,A001,2025-07-19,2025-07-20,2025-07-20,7,None
S002859,T002859,D003,A001,2025-06-28,2025-06-29,2025-07-01,4,None
S002860,T002860,D008,A002,2025-12-24,2025-12-27,2025-12-27,29,None
S002861,T002861,D035,A010,2026-04-26,2026-04-27,2026-04-27,19,None
S002862,T002862,D015,A004,2025-12-09,2025-12-11,2025-12-11,9,None
S002863,T002863,D038,A013,2024-11-29,2024-12-01,2024-12-02,26,None
S002864,T002864,D023,A005,2025-09-13,2025-09-14,2025-09-14,7,None
S002865,T002865,D017,A004,2024-08-16,2024-08-19,2024-08-19,9,None
S002866,T002866,D022,A005,2026-06-14,2026-06-16,2026-06-16,14,None
S002867,T002867,D019,A005,2025-07-16,2025-07-18,2025-07-20,13,None
S002868,T002868,D029,A008,2026-06-18,2026-06-21,2026-06-23,17,None
S002869,T002869,D014,A004,2024-07-25,2024-07-28,2024-07-28,16,None
S002870,T002870,D017,A004,2024-07-19,2024-07-21,2024-07-21,15,None
S002871,T002871,D036,A011,2024-01-08,2024-01-10,2024-01-10,15,None
S002872,T002872,D039,A013,2026-01-18,2026-01-21,2026-01-22,32,None
S002873,T002873,D036,A011,2025-04-22,2025-04-25,2025-04-27,22,None
S002874,T002874,D013,A004,2026-07-23,2026-07-24,2026-07-24,14,None
S002875,T002875,D032,A009,2026-06-22,2026-06-23,2026-06-24,35,None
S002876,T002876,D017,A004,2025-06-08,2025-06-11,2025-06-11,12,None
S002877,T002877,D025,A005,2024-08-28,2024-08-30,2024-08-30,7,None
S002878,T002878,D008,A002,2025-10-22,2025-10-24,2025-10-24,30,None
S002879,T002879,D023,A005,2026-05-20,2026-05-23,2026-05-23,8,None
S002880,T002880,D011,A002,2025-12-01,2025-12-04,2025-12-05,21,None
S002881,T002881,D013,A004,2025-04-07,2025-04-10,2025-04-11,6,None
S002882,T002882,D035,A010,2025-10-17,2025-10-19,2025-10-19,19,None
S002883,T002883,D010,A002,2025-08-04,2025-08-07,2025-08-07,35,None
S002884,T002884,D005,A001,2025-10-29,2025-11-01,2025-11-01,13,None
S002885,T002885,D006,A001,2025-12-28,2025-12-31,2025-12-31,11,None
S002886,T002886,D041,A013,2025-01-07,2025-01-09,2025-01-09,36,None
S002887,T002887,D022,A005,2024-12-03,2024-12-06,2024-12-08,12,None
S002888,T002888,D017,A004,2024-11-12,2024-11-13,2024-11-15,14,None
S002889,T002889,D031,A009,2024-02-28,2024-03-02,2024-03-03,33,Stock Delay
S002890,T002890,D035,A010,2024-04-06,2024-04-09,2024-04-10,18,None
S002891,T002891,D018,A004,2025-10-03,2025-10-05,2025-10-05,7,None
S002892,T002892,D027,A007,2024-07-14,2024-07-17,2024-07-18,22,None
S002893,T002893,D031,A009,2025-02-22,2025-02-25,2025-02-26,16,Transport Delay
S002894,T002894,D026,A006,2026-01-15,2026-01-16,2026-01-16,44,None
S002895,T002895,D007,A001,2025-02-06,2025-02-07,2025-02-07,7,None
S002896,T002896,D036,A011,2026-04-08,2026-04-10,2026-04-11,16,None
S002897,T002897,D019,A005,2024-07-11,2024-07-12,2024-07-12,11,None
S002898,T002898,D016,A004,2026-03-22,2026-03-24,2026-03-25,13,None
S002899,T002899,D015,A004,2025-01-11,2025-01-14,2025-01-14,4,None
S002900,T002900,D001,A001,2024-02-11,2024-02-12,2024-02-12,5,None
S002901,T002901,D003,A001,2026-08-17,2026-08-19,2026-08-19,16,None
S002902,T002902,D030,A009,2026-02-23,2026-02-24,2026-02-25,19,Transport Delay
S002903,T002903,D001,A001,2025-10-12,2025-10-14,2025-10-14,16,None
S002904,T002904,D016,A004,2024-11-28,2024-11-30,2024-11-30,5,None
S002905,T002905,D025,A005,2024-06-02,2024-06-05,2024-06-05,14,None
S002906,T002906,D003,A001,2025-01-30,2025-02-01,2025-02-01,15,None
S002907,T002907,D038,A013,2026-08-17,2026-08-19,2026-08-19,22,None
S002908,T002908,D009,A002,2025-02-21,2025-02-24,2025-02-24,12,None
S002909,T002909,D017,A004,2025-09-12,2025-09-15,2025-09-15,16,None
S002910,T002910,D014,A004,2025-05-14,2025-05-15,2025-05-15,13,None
S002911,T002911,D011,A002,2024-02-06,2024-02-09,2024-02-09,35,Stock Delay
S002912,T002912,D005,A001,2025-01-21,2025-01-24,2025-01-26,17,None
S002913,T002913,D027,A007,2024-07-07,2024-07-08,2024-07-08,30,None
S002914,T002914,D038,A013,2025-02-14,2025-02-16,2025-02-17,13,None
S002915,T002915,D011,A002,2024-01-25,2024-01-28,2024-01-28,22,None
S002916,T002916,D026,A006,2024-02-27,2024-03-01,2024-03-06,52,Dealer Stockout
S002917,T002917,D029,A008,2025-03-22,2025-03-24,2025-03-26,15,None
S002918,T002918,D034,A010,2025-07-18,2025-07-19,2025-07-20,36,None
S002919,T002919,D017,A004,2026-01-22,2026-01-23,2026-01-23,6,None
S002920,T002920,D018,A004,2025-09-16,2025-09-17,2025-09-17,9,None
S002921,T002921,D013,A004,2024-06-12,2024-06-14,2024-06-14,4,None
S002922,T002922,D027,A007,2025-06-07,2025-06-10,2025-06-10,35,None
S002923,T002923,D030,A009,2024-11-19,2024-11-22,2024-11-23,27,None
S002924,T002924,D011,A002,2026-03-19,2026-03-22,2026-03-24,13,None
S002925,T002925,D014,A004,2025-12-10,2025-12-13,2025-12-14,15,None
S002926,T002926,D037,A012,2025-03-07,2025-03-10,2025-03-10,21,None
S002927,T002927,D033,A009,2025-01-09,2025-01-12,2025-01-12,35,Stock Delay
S002928,T002928,D041,A013,2024-01-14,2024-01-17,2024-01-17,34,Stock Delay
S002929,T002929,D029,A008,2026-06-26,2026-06-28,2026-06-28,34,None
S002930,T002930,D015,A004,2024-06-30,2024-07-02,2024-07-02,12,None
S002931,T002931,D022,A005,2025-05-21,2025-05-24,2025-05-24,11,None
S002932,T002932,D026,A006,2025-03-02,2025-03-04,2025-03-07,85,Parts Damage
S002933,T002933,D001,A001,2024-05-25,2024-05-28,2024-05-28,13,None
S002934,T002934,D020,A005,2025-07-12,2025-07-13,2025-07-13,4,None
S002935,T002935,D027,A007,2026-07-04,2026-07-07,2026-07-08,34,None
S002936,T002936,D010,A002,2024-05-02,2024-05-03,2024-05-03,18,Stock Delay
S002937,T002937,D033,A009,2024-02-04,2024-02-06,2024-02-07,24,None
S002938,T002938,D025,A005,2024-07-25,2024-07-28,2024-07-29,14,None
S002939,T002939,D041,A013,2026-06-09,2026-06-11,2026-06-12,16,None
S002940,T002940,D002,A001,2026-07-08,2026-07-09,2026-07-09,8,None
S002941,T002941,D012,A003,2024-08-31,2024-09-03,2024-09-08,41,Warehouse Delay
S002942,T002942,D019,A005,2024-03-27,2024-03-30,2024-03-30,13,None
S002943,T002943,D017,A004,2024-01-21,2024-01-23,2024-01-23,15,None
S002944,T002944,D028,A007,2025-05-12,2025-05-13,2025-05-13,13,None
S002945,T002945,D029,A008,2026-01-11,2026-01-13,2026-01-15,13,None
S002946,T002946,D004,A001,2025-07-15,2025-07-17,2025-07-17,13,None
S002947,T002947,D020,A005,2025-10-25,2025-10-27,2025-10-27,14,None
S002948,T002948,D019,A005,2024-02-05,2024-02-08,2024-02-09,4,None
S002949,T002949,D013,A004,2025-05-23,2025-05-26,2025-05-26,15,None
S002950,T002950,D038,A013,2024-06-01,2024-06-04,2024-06-04,27,None
S002951,T002951,D034,A010,2025-12-21,2025-12-24,2025-12-24,14,None
S002952,T002952,D027,A007,2025-09-26,2025-09-28,2025-09-28,31,Stock Delay
S002953,T002953,D028,A007,2025-10-25,2025-10-28,2025-10-29,33,Stock Delay
S002954,T002954,D018,A004,2024-08-23,2024-08-26,2024-08-26,13,None
S002955,T002955,D037,A012,2024-09-17,2024-09-18,2024-09-18,24,None
S002956,T002956,D028,A007,2025-11-16,2025-11-17,2025-11-17,14,None
S002957,T002957,D028,A007,2026-03-08,2026-03-09,2026-03-09,13,Transport Delay
S002958,T002958,D035,A010,2024-04-05,2024-04-06,2024-04-06,36,Transport Delay
S002959,T002959,D012,A003,2026-06-08,2026-06-10,2026-06-15,61,Warehouse Delay
S002960,T002960,D033,A009,2025-01-23,2025-01-24,2025-01-25,24,Stock Delay
S002961,T002961,D010,A002,2024-12-17,2024-12-18,2024-12-20,26,None
S002962,T002962,D013,A004,2026-03-30,2026-04-02,2026-04-02,15,None
S002963,T002963,D013,A004,2024-10-08,2024-10-11,2024-10-11,12,None
S002964,T002964,D040,A013,2025-05-30,2025-05-31,2025-05-31,13,None
S002965,T002965,D035,A010,2024-09-28,2024-09-29,2024-09-30,30,None
S002966,T002966,D027,A007,2024-09-21,2024-09-22,2024-09-22,26,None
S002967,T002967,D027,A007,2026-07-11,2026-07-12,2026-07-13,13,Transport Delay
S002968,T002968,D021,A005,2026-03-30,2026-03-31,2026-04-02,8,None
S002969,T002969,D040,A013,2025-09-02,2025-09-03,2025-09-03,23,Stock Delay
S002970,T002970,D019,A005,2025-05-27,2025-05-28,2025-05-28,14,None
S002971,T002971,D014,A004,2025-10-28,2025-10-31,2025-11-01,12,None
S002972,T002972,D008,A002,2026-06-24,2026-06-25,2026-06-26,25,None
S002973,T002973,D033,A009,2025-11-09,2025-11-10,2025-11-10,22,None
S002974,T002974,D027,A007,2026-04-22,2026-04-25,2026-04-27,27,Transport Delay
S002975,T002975,D013,A004,2026-01-05,2026-01-06,2026-01-08,17,None
S002976,T002976,D004,A001,2025-11-30,2025-12-03,2025-12-03,8,None
S002977,T002977,D034,A010,2024-10-28,2024-10-31,2024-10-31,26,Transport Delay
S002978,T002978,D006,A001,2025-07-14,2025-07-16,2025-07-16,16,None
S002979,T002979,D028,A007,2025-03-16,2025-03-18,2025-03-18,22,None
S002980,T002980,D040,A013,2024-12-18,2024-12-19,2024-12-20,17,None
S002981,T002981,D016,A004,2025-09-26,2025-09-29,2025-09-29,13,None
S002982,T002982,D011,A002,2026-08-21,2026-08-23,2026-08-23,22,None
S002983,T002983,D028,A007,2026-02-15,2026-02-16,2026-02-16,12,None
S002984,T002984,D031,A009,2026-01-09,2026-01-12,2026-01-16,18,None
S002985,T002985,D019,A005,2025-12-08,2025-12-11,2025-12-11,15,None
S002986,T002986,D038,A013,2025-12-16,2025-12-17,2025-12-17,19,None
S002987,T002987,D001,A001,2024-06-05,2024-06-07,2024-06-08,12,None
S002988,T002988,D022,A005,2025-09-10,2025-09-12,2025-09-12,14,None
S002989,T002989,D027,A007,2025-01-03,2025-01-06,2025-01-08,16,None
S002990,T002990,D034,A010,2026-06-07,2026-06-08,2026-06-12,26,None
S002991,T002991,D010,A002,2025-09-20,2025-09-23,2025-09-23,22,Transport Delay
S002992,T002992,D033,A009,2024-02-05,2024-02-08,2024-02-08,32,Transport Delay
S002993,T002993,D020,A005,2024-02-24,2024-02-26,2024-02-28,6,None
S002994,T002994,D018,A004,2026-01-02,2026-01-04,2026-01-04,10,None
S002995,T002995,D003,A001,2024-11-01,2024-11-03,2024-11-03,17,None
S002996,T002996,D034,A010,2024-05-13,2024-05-14,2024-05-14,34,None
S002997,T002997,D007,A001,2024-07-09,2024-07-11,2024-07-11,16,None
S002998,T002998,D016,A004,2024-03-20,2024-03-23,2024-03-24,9,None
S002999,T002999,D015,A004,2025-06-09,2025-06-11,2025-06-11,10,None
S003000,T003000,D036,A011,2024-03-22,2024-03-23,2024-03-23,29,None
S003001,T003001,D026,A006,2024-05-22,2024-05-23,2024-05-31,69,Warehouse Delay
S003002,T003002,D033,A009,2025-08-21,2025-08-23,2025-08-25,31,None
S003003,T003003,D012,A003,2024-06-28,2024-07-01,2024-07-09,80,Warehouse Delay
S003004,T003004,D022,A005,2026-06-23,2026-06-25,2026-06-25,7,None
S003005,T003005,D025,A005,2025-11-21,2025-11-24,2025-11-24,17,None
S003006,T003006,D034,A010,2024-08-02,2024-08-03,2024-08-05,18,Stock Delay
S003007,T003007,D037,A012,2024-10-27,2024-10-29,2024-10-31,35,None
S003008,T003008,D002,A001,2025-03-13,2025-03-16,2025-03-16,9,None
S003009,T003009,D026,A006,2026-01-26,2026-01-27,2026-02-01,45,Dealer Stockout
S003010,T003010,D004,A001,2025-04-04,2025-04-05,2025-04-06,11,Minor Transport Delay
S003011,T003011,D019,A005,2025-02-20,2025-02-23,2025-02-23,17,None
S003012,T003012,D018,A004,2024-12-21,2024-12-24,2024-12-24,11,None
S003013,T003013,D016,A004,2024-06-26,2024-06-29,2024-06-29,16,None
S003014,T003014,D016,A004,2025-10-21,2025-10-22,2025-10-22,9,None
S003015,T003015,D021,A005,2025-12-23,2025-12-25,2025-12-25,6,None
S003016,T003016,D018,A004,2025-10-13,2025-10-14,2025-10-14,9,None
S003017,T003017,D028,A007,2026-08-02,2026-08-03,2026-08-03,17,Stock Delay
S003018,T003018,D018,A004,2024-06-05,2024-06-07,2024-06-07,18,None
S003019,T003019,D006,A001,2026-03-19,2026-03-22,2026-03-22,13,None
S003020,T003020,D033,A009,2025-10-26,2025-10-28,2025-10-28,25,None
S003021,T003021,D017,A004,2026-05-24,2026-05-26,2026-05-26,10,None
S003022,T003022,D015,A004,2025-02-13,2025-02-16,2025-02-16,12,None
S003023,T003023,D028,A007,2025-01-24,2025-01-25,2025-01-25,20,None
S003024,T003024,D015,A004,2026-02-03,2026-02-05,2026-02-05,7,None
S003025,T003025,D002,A001,2025-09-30,2025-10-01,2025-10-03,6,None
S003026,T003026,D015,A004,2024-12-26,2024-12-28,2024-12-29,11,None
S003027,T003027,D041,A013,2026-07-01,2026-07-02,2026-07-03,20,Transport Delay
S003028,T003028,D025,A005,2025-08-30,2025-09-01,2025-09-03,10,None
S003029,T003029,D026,A006,2024-01-25,2024-01-28,2024-01-31,49,Dealer Stockout
S003030,T003030,D024,A005,2024-02-18,2024-02-19,2024-02-19,4,None
S003031,T003031,D011,A002,2024-04-03,2024-04-05,2024-04-05,19,None
S003032,T003032,D017,A004,2025-10-01,2025-10-03,2025-10-04,12,None
S003033,T003033,D029,A008,2025-07-07,2025-07-08,2025-07-10,23,Stock Delay
S003034,T003034,D004,A001,2024-10-13,2024-10-14,2024-10-14,11,None
S003035,T003035,D012,A003,2025-05-17,2025-05-20,2025-05-25,40,None
S003036,T003036,D012,A003,2025-01-09,2025-01-11,2025-01-16,59,Transport Routing Delay
S003037,T003037,D017,A004,2025-11-14,2025-11-16,2025-11-16,11,None
S003038,T003038,D040,A013,2025-01-11,2025-01-13,2025-01-13,32,None
S003039,T003039,D004,A001,2024-05-17,2024-05-20,2024-05-20,11,None
S003040,T003040,D021,A005,2026-06-15,2026-06-17,2026-06-18,12,None
S003041,T003041,D009,A002,2025-12-07,2025-12-08,2025-12-09,33,Stock Delay
S003042,T003042,D038,A013,2026-08-23,2026-08-26,2026-08-27,32,Transport Delay
S003043,T003043,D007,A001,2026-02-16,2026-02-18,2026-02-18,5,None
S003044,T003044,D018,A004,2025-12-27,2025-12-28,2025-12-28,18,None
S003045,T003045,D029,A008,2024-11-23,2024-11-24,2024-11-26,13,Stock Delay
S003046,T003046,D027,A007,2025-04-29,2025-05-01,2025-05-02,20,None
S003047,T003047,D017,A004,2026-01-18,2026-01-21,2026-01-21,4,None
S003048,T003048,D015,A004,2025-11-30,2025-12-01,2025-12-01,18,None
S003049,T003049,D018,A004,2024-10-18,2024-10-20,2024-10-20,15,None
S003050,T003050,D012,A003,2024-08-27,2024-08-30,2024-09-04,86,Dealer Stockout
S003051,T003051,D008,A002,2024-06-29,2024-07-02,2024-07-02,29,Transport Delay
S003052,T003052,D018,A004,2026-04-30,2026-05-01,2026-05-01,13,None
S003053,T003053,D012,A003,2025-12-25,2025-12-27,2026-01-04,66,Transport Routing Delay
S003054,T003054,D013,A004,2024-05-19,2024-05-22,2024-05-22,6,None
S003055,T003055,D026,A006,2024-03-29,2024-04-01,2024-04-01,86,Dealer Stockout
S003056,T003056,D040,A013,2026-01-28,2026-01-29,2026-01-29,28,None
S003057,T003057,D019,A005,2024-07-25,2024-07-28,2024-07-28,13,None
S003058,T003058,D004,A001,2025-03-13,2025-03-15,2025-03-15,11,None
S003059,T003059,D002,A001,2024-04-28,2024-04-29,2024-04-29,16,None
S003060,T003060,D039,A013,2025-05-29,2025-05-30,2025-05-30,21,None
S003061,T003061,D017,A004,2024-02-05,2024-02-08,2024-02-08,13,None
S003062,T003062,D006,A001,2025-06-24,2025-06-25,2025-06-25,14,None
S003063,T003063,D021,A005,2024-06-10,2024-06-11,2024-06-12,5,None
S003064,T003064,D023,A005,2024-02-06,2024-02-07,2024-02-07,7,None
S003065,T003065,D023,A005,2026-01-14,2026-01-17,2026-01-17,11,Minor Transport Delay
S003066,T003066,D012,A003,2026-06-21,2026-06-24,2026-06-27,39,None
S003067,T003067,D006,A001,2026-06-20,2026-06-21,2026-06-22,5,None
S003068,T003068,D039,A013,2025-12-08,2025-12-11,2025-12-11,15,Stock Delay
S003069,T003069,D012,A003,2024-10-24,2024-10-26,2024-10-31,37,Dealer Stockout
S003070,T003070,D026,A006,2026-03-11,2026-03-12,2026-03-17,51,Dealer Stockout
S003071,T003071,D028,A007,2025-08-29,2025-08-31,2025-08-31,27,None
S003072,T003072,D023,A005,2025-05-01,2025-05-03,2025-05-03,17,None
S003073,T003073,D015,A004,2026-02-08,2026-02-09,2026-02-09,17,None
S003074,T003074,D012,A003,2024-03-18,2024-03-20,2024-03-25,49,Dealer Stockout
S003075,T003075,D025,A005,2024-07-19,2024-07-21,2024-07-23,12,None
S003076,T003076,D034,A010,2024-11-19,2024-11-22,2024-11-23,12,Transport Delay
S003077,T003077,D041,A013,2026-05-30,2026-05-31,2026-05-31,24,Stock Delay
S003078,T003078,D001,A001,2024-12-19,2024-12-22,2024-12-22,18,None
S003079,T003079,D004,A001,2025-02-10,2025-02-13,2025-02-13,15,None
S003080,T003080,D039,A013,2024-08-11,2024-08-13,2024-08-13,27,None
S003081,T003081,D028,A007,2025-06-19,2025-06-20,2025-06-21,30,None
S003082,T003082,D036,A011,2024-10-07,2024-10-08,2024-10-09,18,None
S003083,T003083,D010,A002,2024-08-08,2024-08-09,2024-08-10,24,None
S003084,T003084,D025,A005,2025-05-17,2025-05-19,2025-05-20,12,None
S003085,T003085,D027,A007,2025-09-30,2025-10-03,2025-10-03,26,None
S003086,T003086,D026,A006,2026-05-10,2026-05-12,2026-05-13,69,Parts Damage
S003087,T003087,D017,A004,2026-05-08,2026-05-09,2026-05-09,12,Minor Transport Delay
S003088,T003088,D003,A001,2024-12-30,2024-12-31,2024-12-31,16,None
S003089,T003089,D022,A005,2026-03-11,2026-03-12,2026-03-13,12,None
S003090,T003090,D012,A003,2025-03-14,2025-03-17,2025-03-20,49,Transport Routing Delay
S003091,T003091,D014,A004,2025-02-09,2025-02-12,2025-02-13,7,None
S003092,T003092,D038,A013,2024-02-03,2024-02-06,2024-02-06,20,None
S003093,T003093,D015,A004,2025-02-27,2025-03-01,2025-03-01,15,None
S003094,T003094,D035,A010,2024-04-10,2024-04-11,2024-04-11,14,None
S003095,T003095,D009,A002,2024-04-18,2024-04-20,2024-04-20,17,None
S003096,T003096,D026,A006,2024-02-08,2024-02-10,2024-02-13,55,Dealer Stockout
S003097,T003097,D038,A013,2026-02-06,2026-02-08,2026-02-08,14,None
S003098,T003098,D005,A001,2024-04-25,2024-04-27,2024-04-27,15,None
S003099,T003099,D001,A001,2025-02-28,2025-03-02,2025-03-02,8,None
S003100,T003100,D014,A004,2026-06-17,2026-06-18,2026-06-18,13,None
S003101,T003101,D006,A001,2024-01-23,2024-01-25,2024-01-25,15,None
S003102,T003102,D029,A008,2026-07-20,2026-07-21,2026-07-22,28,Transport Delay
S003103,T003103,D037,A012,2026-08-05,2026-08-06,2026-08-06,14,Transport Delay
S003104,T003104,D013,A004,2024-07-22,2024-07-25,2024-07-25,14,None
S003105,T003105,D012,A003,2025-11-21,2025-11-23,2025-11-23,50,None
S003106,T003106,D013,A004,2024-04-04,2024-04-06,2024-04-06,6,None
S003107,T003107,D027,A007,2024-08-13,2024-08-15,2024-08-16,27,Transport Delay
S003108,T003108,D002,A001,2025-12-08,2025-12-11,2025-12-12,16,None
S003109,T003109,D025,A005,2024-07-31,2024-08-03,2024-08-03,9,None
S003110,T003110,D019,A005,2026-08-22,2026-08-24,2026-08-25,14,None
S003111,T003111,D023,A005,2024-07-17,2024-07-18,2024-07-18,13,None
S003112,T003112,D012,A003,2024-02-03,2024-02-04,2024-02-04,62,Warehouse Delay
S003113,T003113,D028,A007,2026-05-26,2026-05-27,2026-05-27,28,None
S003114,T003114,D003,A001,2024-07-12,2024-07-15,2024-07-17,17,None
S003115,T003115,D011,A002,2024-06-25,2024-06-27,2024-06-29,22,None
S003116,T003116,D036,A011,2026-06-16,2026-06-17,2026-06-17,17,None
S003117,T003117,D029,A008,2024-10-18,2024-10-21,2024-10-21,30,None
S003118,T003118,D007,A001,2024-03-27,2024-03-30,2024-03-30,15,None
S003119,T003119,D012,A003,2024-05-13,2024-05-15,2024-05-16,36,None
S003120,T003120,D011,A002,2026-08-10,2026-08-13,2026-08-15,32,Transport Delay
S003121,T003121,D012,A003,2024-11-09,2024-11-12,2024-11-17,54,Warehouse Delay
S003122,T003122,D012,A003,2024-08-27,2024-08-30,2024-08-31,62,Warehouse Delay
S003123,T003123,D002,A001,2026-04-23,2026-04-25,2026-04-25,15,None
S003124,T003124,D018,A004,2024-04-03,2024-04-06,2024-04-07,4,None
S003125,T003125,D028,A007,2025-07-23,2025-07-24,2025-07-25,31,None
S003126,T003126,D021,A005,2025-04-04,2025-04-05,2025-04-05,7,None
S003127,T003127,D026,A006,2025-07-26,2025-07-27,2025-08-01,90,Dealer Stockout
S003128,T003128,D006,A001,2026-07-01,2026-07-02,2026-07-02,9,None
S003129,T003129,D039,A013,2025-10-17,2025-10-19,2025-10-19,29,Stock Delay
S003130,T003130,D035,A010,2026-05-30,2026-06-02,2026-06-02,29,None
S003131,T003131,D030,A009,2026-07-29,2026-07-31,2026-08-02,24,None
S003132,T003132,D033,A009,2024-04-08,2024-04-09,2024-04-09,29,None
S003133,T003133,D038,A013,2026-05-05,2026-05-07,2026-05-11,33,Stock Delay
S003134,T003134,D023,A005,2024-10-11,2024-10-14,2024-10-15,11,None
S003135,T003135,D008,A002,2025-03-02,2025-03-03,2025-03-03,24,None
S003136,T003136,D024,A005,2025-10-27,2025-10-28,2025-10-30,17,None
S003137,T003137,D029,A008,2025-01-06,2025-01-08,2025-01-08,36,None
S003138,T003138,D029,A008,2024-08-05,2024-08-08,2024-08-09,29,Stock Delay
S003139,T003139,D021,A005,2025-12-28,2025-12-29,2025-12-29,15,None
S003140,T003140,D005,A001,2025-11-21,2025-11-24,2025-11-24,4,None
S003141,T003141,D017,A004,2026-06-27,2026-06-30,2026-06-30,7,None
S003142,T003142,D037,A012,2024-06-09,2024-06-12,2024-06-13,29,Stock Delay
S003143,T003143,D020,A005,2026-02-12,2026-02-14,2026-02-14,13,None
S003144,T003144,D024,A005,2025-02-19,2025-02-22,2025-02-22,12,None
S003145,T003145,D012,A003,2025-07-16,2025-07-19,2025-07-24,59,Transport Routing Delay
S003146,T003146,D015,A004,2025-02-16,2025-02-19,2025-02-19,5,None
S003147,T003147,D036,A011,2024-07-12,2024-07-15,2024-07-15,36,None
S003148,T003148,D026,A006,2025-04-02,2025-04-03,2025-04-06,85,Dealer Stockout
S003149,T003149,D033,A009,2026-07-30,2026-08-02,2026-08-03,36,Stock Delay
S003150,T003150,D014,A004,2024-06-17,2024-06-19,2024-06-20,16,None
S003151,T003151,D023,A005,2026-06-29,2026-07-02,2026-07-02,12,None
S003152,T003152,D012,A003,2025-05-18,2025-05-20,2025-05-23,91,Transport Routing Delay
S003153,T003153,D027,A007,2025-09-22,2025-09-24,2025-09-24,27,Stock Delay
S003154,T003154,D015,A004,2026-04-11,2026-04-13,2026-04-13,6,None
S003155,T003155,D015,A004,2025-11-24,2025-11-25,2025-11-25,12,None
S003156,T003156,D022,A005,2025-08-23,2025-08-25,2025-08-25,9,None
S003157,T003157,D038,A013,2024-07-17,2024-07-19,2024-07-20,36,None
S003158,T003158,D004,A001,2024-07-02,2024-07-05,2024-07-07,7,None
S003159,T003159,D033,A009,2025-11-10,2025-11-12,2025-11-12,23,Transport Delay
S003160,T003160,D014,A004,2024-01-11,2024-01-14,2024-01-14,11,None
S003161,T003161,D015,A004,2026-03-05,2026-03-06,2026-03-06,7,None
S003162,T003162,D005,A001,2024-12-17,2024-12-20,2024-12-20,11,None
S003163,T003163,D015,A004,2024-05-05,2024-05-07,2024-05-07,7,None
S003164,T003164,D023,A005,2025-08-30,2025-08-31,2025-08-31,9,None
S003165,T003165,D002,A001,2025-02-13,2025-02-15,2025-02-15,7,None
S003166,T003166,D016,A004,2024-08-24,2024-08-26,2024-08-26,12,Minor Transport Delay
S003167,T003167,D041,A013,2024-06-12,2024-06-15,2024-06-15,16,Stock Delay
S003168,T003168,D007,A001,2026-04-13,2026-04-15,2026-04-15,6,None
S003169,T003169,D031,A009,2024-04-14,2024-04-15,2024-04-17,34,None
S003170,T003170,D018,A004,2025-12-16,2025-12-17,2025-12-17,15,None
S003171,T003171,D026,A006,2024-09-14,2024-09-15,2024-09-16,64,Dealer Stockout
S003172,T003172,D012,A003,2024-08-26,2024-08-27,2024-09-01,76,Transport Routing Delay
S003173,T003173,D007,A001,2025-06-10,2025-06-13,2025-06-13,10,None
S003174,T003174,D002,A001,2025-01-03,2025-01-05,2025-01-06,14,Minor Transport Delay
S003175,T003175,D004,A001,2024-08-12,2024-08-13,2024-08-13,16,None
S003176,T003176,D010,A002,2026-02-09,2026-02-12,2026-02-13,27,Transport Delay
S003177,T003177,D026,A006,2025-07-07,2025-07-10,2025-07-15,54,Transport Routing Delay
S003178,T003178,D036,A011,2024-11-10,2024-11-13,2024-11-15,16,None
S003179,T003179,D031,A009,2025-04-19,2025-04-22,2025-04-22,21,None
S003180,T003180,D027,A007,2025-10-06,2025-10-08,2025-10-08,31,None
S003181,T003181,D003,A001,2025-09-23,2025-09-25,2025-09-25,6,None
S003182,T003182,D014,A004,2025-10-12,2025-10-15,2025-10-15,13,None
S003183,T003183,D017,A004,2025-04-24,2025-04-27,2025-04-27,17,None
S003184,T003184,D012,A003,2025-12-11,2025-12-12,2025-12-13,42,Transport Routing Delay
S003185,T003185,D025,A005,2025-08-18,2025-08-21,2025-08-21,9,None
S003186,T003186,D019,A005,2025-11-28,2025-12-01,2025-12-01,9,None
S003187,T003187,D016,A004,2026-06-16,2026-06-19,2026-06-19,10,None
S003188,T003188,D013,A004,2025-02-16,2025-02-18,2025-02-18,8,None
S003189,T003189,D034,A010,2026-06-10,2026-06-13,2026-06-14,29,None
S003190,T003190,D032,A009,2026-01-11,2026-01-12,2026-01-14,12,None
S003191,T003191,D014,A004,2024-11-13,2024-11-15,2024-11-15,6,None
S003192,T003192,D037,A012,2024-09-04,2024-09-07,2024-09-07,18,None
S003193,T003193,D039,A013,2025-09-02,2025-09-04,2025-09-05,31,None
S003194,T003194,D017,A004,2025-07-30,2025-08-01,2025-08-01,8,None
S003195,T003195,D018,A004,2025-10-30,2025-10-31,2025-10-31,4,None
S003196,T003196,D019,A005,2024-02-24,2024-02-27,2024-02-28,4,None
S003197,T003197,D041,A013,2026-08-20,2026-08-22,2026-08-23,19,None
S003198,T003198,D036,A011,2026-01-23,2026-01-26,2026-01-27,18,None
S003199,T003199,D002,A001,2024-06-23,2024-06-24,2024-06-24,12,None
S003200,T003200,D014,A004,2025-09-04,2025-09-06,2025-09-06,4,None
S003201,T003201,D019,A005,2024-02-04,2024-02-05,2024-02-05,12,None
S003202,T003202,D024,A005,2024-01-24,2024-01-26,2024-01-26,17,None
S003203,T003203,D010,A002,2024-11-07,2024-11-09,2024-11-10,29,Stock Delay
S003204,T003204,D034,A010,2025-11-11,2025-11-14,2025-11-14,23,None
S003205,T003205,D026,A006,2025-05-10,2025-05-11,2025-05-16,75,Warehouse Delay
S003206,T003206,D034,A010,2025-05-22,2025-05-24,2025-05-24,36,None
S003207,T003207,D035,A010,2025-10-15,2025-10-16,2025-10-16,23,Stock Delay
S003208,T003208,D029,A008,2026-01-02,2026-01-04,2026-01-04,30,Stock Delay
S003209,T003209,D016,A004,2026-03-22,2026-03-25,2026-03-27,7,None
S003210,T003210,D023,A005,2026-06-22,2026-06-25,2026-06-25,18,Minor Transport Delay
S003211,T003211,D002,A001,2025-05-28,2025-05-29,2025-05-29,10,None
S003212,T003212,D026,A006,2025-07-20,2025-07-22,2025-07-25,93,Dealer Stockout
S003213,T003213,D011,A002,2024-04-02,2024-04-05,2024-04-07,29,None
S003214,T003214,D028,A007,2024-09-08,2024-09-10,2024-09-10,31,Stock Delay
S003215,T003215,D010,A002,2025-09-25,2025-09-28,2025-09-28,17,None
S003216,T003216,D002,A001,2024-09-02,2024-09-05,2024-09-06,14,None
S003217,T003217,D011,A002,2024-10-14,2024-10-17,2024-10-21,17,None
S003218,T003218,D003,A001,2026-03-04,2026-03-05,2026-03-05,12,None
S003219,T003219,D027,A007,2024-04-24,2024-04-25,2024-04-26,24,None
S003220,T003220,D028,A007,2024-03-06,2024-03-09,2024-03-10,18,None
S003221,T003221,D022,A005,2025-09-28,2025-09-30,2025-09-30,18,None
S003222,T003222,D001,A001,2024-08-05,2024-08-07,2024-08-07,8,None
S003223,T003223,D005,A001,2024-05-05,2024-05-08,2024-05-09,10,None
S003224,T003224,D001,A001,2026-04-11,2026-04-12,2026-04-14,7,None
S003225,T003225,D011,A002,2025-12-16,2025-12-18,2025-12-19,25,None
S003226,T003226,D036,A011,2025-10-15,2025-10-18,2025-10-18,21,None
S003227,T003227,D012,A003,2024-08-08,2024-08-10,2024-08-11,70,Transport Routing Delay
S003228,T003228,D018,A004,2025-02-14,2025-02-15,2025-02-16,12,None
S003229,T003229,D001,A001,2026-02-23,2026-02-24,2026-02-24,9,None
S003230,T003230,D009,A002,2026-03-19,2026-03-20,2026-03-20,12,None
S003231,T003231,D021,A005,2026-04-10,2026-04-12,2026-04-12,12,None
S003232,T003232,D023,A005,2024-02-26,2024-02-29,2024-03-01,16,None
S003233,T003233,D012,A003,2024-07-13,2024-07-15,2024-07-20,82,Transport Routing Delay
S003234,T003234,D003,A001,2024-12-10,2024-12-13,2024-12-13,17,None
S003235,T003235,D014,A004,2026-05-03,2026-05-06,2026-05-06,11,None
S003236,T003236,D011,A002,2024-03-19,2024-03-20,2024-03-21,32,None
S003237,T003237,D009,A002,2025-12-25,2025-12-28,2025-12-30,23,None
S003238,T003238,D038,A013,2025-09-06,2025-09-07,2025-09-07,30,None
S003239,T003239,D020,A005,2024-03-17,2024-03-18,2024-03-18,9,None
S003240,T003240,D019,A005,2025-07-30,2025-08-01,2025-08-01,4,Minor Transport Delay
S003241,T003241,D014,A004,2025-05-04,2025-05-07,2025-05-07,18,None
S003242,T003242,D017,A004,2025-07-23,2025-07-25,2025-07-25,11,None
S003243,T003243,D022,A005,2025-02-13,2025-02-14,2025-02-14,18,Minor Transport Delay
S003244,T003244,D028,A007,2026-03-18,2026-03-19,2026-03-20,32,None
S003245,T003245,D028,A007,2025-08-29,2025-08-31,2025-09-02,25,None
S003246,T003246,D008,A002,2024-06-21,2024-06-22,2024-06-23,13,Stock Delay
S003247,T003247,D023,A005,2024-03-24,2024-03-25,2024-03-25,6,None
S003248,T003248,D018,A004,2026-03-09,2026-03-12,2026-03-12,13,Minor Transport Delay
S003249,T003249,D036,A011,2024-07-05,2024-07-07,2024-07-08,35,None
S003250,T003250,D023,A005,2026-01-07,2026-01-08,2026-01-08,16,None
S003251,T003251,D025,A005,2024-10-18,2024-10-21,2024-10-21,10,None
S003252,T003252,D005,A001,2025-12-18,2025-12-19,2025-12-20,18,None
S003253,T003253,D024,A005,2024-04-20,2024-04-22,2024-04-23,4,Minor Transport Delay
S003254,T003254,D001,A001,2024-12-18,2024-12-19,2024-12-19,16,None
S003255,T003255,D016,A004,2024-01-07,2024-01-08,2024-01-08,8,None
S003256,T003256,D005,A001,2026-02-26,2026-02-28,2026-02-28,16,None
S003257,T003257,D027,A007,2026-06-16,2026-06-19,2026-06-19,31,None
S003258,T003258,D010,A002,2024-02-09,2024-02-12,2024-02-14,20,None
S003259,T003259,D015,A004,2024-10-14,2024-10-16,2024-10-16,10,None
S003260,T003260,D036,A011,2026-04-28,2026-05-01,2026-05-01,16,None
S003261,T003261,D010,A002,2024-12-14,2024-12-16,2024-12-17,19,None
S003262,T003262,D023,A005,2026-07-25,2026-07-27,2026-07-27,4,None
S003263,T003263,D017,A004,2024-10-07,2024-10-09,2024-10-09,13,None
S003264,T003264,D005,A001,2025-01-02,2025-01-05,2025-01-05,10,None
S003265,T003265,D031,A009,2025-11-21,2025-11-24,2025-11-25,26,None
S003266,T003266,D005,A001,2024-03-28,2024-03-31,2024-04-01,7,None
S003267,T003267,D015,A004,2025-05-22,2025-05-25,2025-05-27,10,None
S003268,T003268,D024,A005,2025-12-30,2026-01-02,2026-01-02,18,None
S003269,T003269,D024,A005,2025-01-31,2025-02-03,2025-02-04,10,None
S003270,T003270,D028,A007,2025-01-31,2025-02-03,2025-02-04,25,None
S003271,T003271,D012,A003,2025-09-03,2025-09-04,2025-09-05,96,Transport Routing Delay
S003272,T003272,D005,A001,2026-07-28,2026-07-31,2026-07-31,14,None
S003273,T003273,D028,A007,2025-01-22,2025-01-24,2025-01-25,33,None
S003274,T003274,D019,A005,2026-07-07,2026-07-09,2026-07-11,7,None
S003275,T003275,D035,A010,2024-05-31,2024-06-01,2024-06-05,22,None
S003276,T003276,D033,A009,2026-05-01,2026-05-02,2026-05-03,35,Stock Delay
S003277,T003277,D035,A010,2025-09-06,2025-09-07,2025-09-07,15,None
S003278,T003278,D013,A004,2024-12-13,2024-12-14,2024-12-14,9,None
S003279,T003279,D014,A004,2024-12-04,2024-12-05,2024-12-05,5,None
S003280,T003280,D033,A009,2024-01-18,2024-01-21,2024-01-25,31,None
S003281,T003281,D014,A004,2024-09-05,2024-09-06,2024-09-06,15,None
S003282,T003282,D008,A002,2026-06-23,2026-06-26,2026-06-26,20,Stock Delay
S003283,T003283,D034,A010,2026-03-22,2026-03-24,2026-03-26,32,Stock Delay
S003284,T003284,D036,A011,2026-04-06,2026-04-09,2026-04-11,27,None
S003285,T003285,D018,A004,2026-07-17,2026-07-18,2026-07-18,14,None
S003286,T003286,D004,A001,2025-08-28,2025-08-31,2025-08-31,17,None
S003287,T003287,D014,A004,2024-04-08,2024-04-09,2024-04-09,12,None
S003288,T003288,D031,A009,2025-05-18,2025-05-21,2025-05-23,35,None
S003289,T003289,D037,A012,2025-10-30,2025-10-31,2025-11-02,30,None
S003290,T003290,D010,A002,2024-06-15,2024-06-17,2024-06-21,28,Stock Delay
S003291,T003291,D007,A001,2025-03-21,2025-03-22,2025-03-22,9,None
S003292,T003292,D036,A011,2026-03-05,2026-03-07,2026-03-09,25,None
S003293,T003293,D015,A004,2025-05-29,2025-06-01,2025-06-01,15,None
S003294,T003294,D025,A005,2025-10-03,2025-10-05,2025-10-05,15,None
S003295,T003295,D040,A013,2024-07-26,2024-07-27,2024-07-27,26,Transport Delay
S003296,T003296,D005,A001,2026-02-14,2026-02-17,2026-02-17,4,Minor Transport Delay
S003297,T003297,D021,A005,2025-01-09,2025-01-12,2025-01-12,6,None
S003298,T003298,D002,A001,2024-01-08,2024-01-10,2024-01-10,10,None
S003299,T003299,D018,A004,2024-02-15,2024-02-16,2024-02-16,11,None
S003300,T003300,D033,A009,2024-03-21,2024-03-24,2024-03-24,32,None
S003301,T003301,D013,A004,2025-12-01,2025-12-02,2025-12-02,10,None
S003302,T003302,D039,A013,2024-04-15,2024-04-18,2024-04-18,16,None
S003303,T003303,D019,A005,2025-05-07,2025-05-09,2025-05-09,5,None
S003304,T003304,D014,A004,2024-01-04,2024-01-05,2024-01-05,10,None
S003305,T003305,D010,A002,2024-12-30,2025-01-02,2025-01-03,31,None
S003306,T003306,D015,A004,2025-12-25,2025-12-27,2025-12-27,7,None
S003307,T003307,D017,A004,2026-05-20,2026-05-21,2026-05-22,14,None
S003308,T003308,D002,A001,2026-04-18,2026-04-20,2026-04-20,18,None
S003309,T003309,D016,A004,2026-05-12,2026-05-14,2026-05-14,4,None
S003310,T003310,D014,A004,2026-03-21,2026-03-23,2026-03-23,8,None
S003311,T003311,D028,A007,2026-01-26,2026-01-29,2026-01-30,29,None
S003312,T003312,D026,A006,2026-01-21,2026-01-24,2026-01-27,89,None
S003313,T003313,D028,A007,2024-02-24,2024-02-25,2024-02-25,30,None
S003314,T003314,D005,A001,2024-09-18,2024-09-20,2024-09-20,18,None
S003315,T003315,D011,A002,2026-07-13,2026-07-16,2026-07-18,18,None
S003316,T003316,D026,A006,2024-07-09,2024-07-12,2024-07-15,71,Dealer Stockout
S003317,T003317,D016,A004,2024-01-15,2024-01-17,2024-01-17,5,Minor Transport Delay
S003318,T003318,D006,A001,2026-06-17,2026-06-20,2026-06-20,10,None
S003319,T003319,D033,A009,2025-04-27,2025-04-29,2025-04-29,26,None
S003320,T003320,D033,A009,2025-02-24,2025-02-26,2025-02-26,12,None
S003321,T003321,D022,A005,2026-01-04,2026-01-05,2026-01-06,12,None
S003322,T003322,D007,A001,2024-07-04,2024-07-07,2024-07-07,6,None
S003323,T003323,D031,A009,2026-05-29,2026-06-01,2026-06-01,29,None
S003324,T003324,D025,A005,2024-09-24,2024-09-26,2024-09-26,8,None
S003325,T003325,D031,A009,2024-07-21,2024-07-22,2024-07-24,35,Stock Delay
S003326,T003326,D029,A008,2025-08-06,2025-08-09,2025-08-10,24,None
S003327,T003327,D030,A009,2026-06-27,2026-06-30,2026-06-30,19,None
S003328,T003328,D021,A005,2025-10-31,2025-11-02,2025-11-02,9,None
S003329,T003329,D003,A001,2025-08-15,2025-08-18,2025-08-18,12,None
S003330,T003330,D026,A006,2024-12-25,2024-12-26,2025-01-03,47,Dealer Stockout
S003331,T003331,D022,A005,2026-02-06,2026-02-08,2026-02-08,5,None
S003332,T003332,D029,A008,2024-11-10,2024-11-13,2024-11-14,19,Stock Delay
S003333,T003333,D008,A002,2024-03-26,2024-03-28,2024-03-29,30,None
S003334,T003334,D010,A002,2025-08-09,2025-08-11,2025-08-11,31,None
S003335,T003335,D036,A011,2026-08-01,2026-08-02,2026-08-03,25,None
S003336,T003336,D029,A008,2024-12-10,2024-12-12,2024-12-12,24,None
S003337,T003337,D037,A012,2025-05-02,2025-05-04,2025-05-05,23,Stock Delay
S003338,T003338,D029,A008,2024-08-01,2024-08-03,2024-08-03,20,Transport Delay
S003339,T003339,D023,A005,2024-12-20,2024-12-23,2024-12-23,12,None
S003340,T003340,D026,A006,2024-07-02,2024-07-04,2024-07-12,48,Dealer Stockout
S003341,T003341,D036,A011,2025-11-26,2025-11-28,2025-11-30,15,None
S003342,T003342,D019,A005,2024-04-06,2024-04-07,2024-04-07,5,None
S003343,T003343,D019,A005,2024-11-11,2024-11-12,2024-11-12,10,Minor Transport Delay
S003344,T003344,D005,A001,2024-06-09,2024-06-10,2024-06-10,13,None
S003345,T003345,D013,A004,2026-06-03,2026-06-06,2026-06-08,5,None
S003346,T003346,D028,A007,2026-04-25,2026-04-28,2026-04-29,21,Stock Delay
S003347,T003347,D012,A003,2024-12-16,2024-12-18,2024-12-19,78,None
S003348,T003348,D011,A002,2025-09-19,2025-09-21,2025-09-21,19,None
S003349,T003349,D013,A004,2025-08-21,2025-08-23,2025-08-23,16,None
S003350,T003350,D012,A003,2024-07-04,2024-07-06,2024-07-07,47,Dealer Stockout
S003351,T003351,D011,A002,2025-08-04,2025-08-06,2025-08-10,20,Transport Delay
S003352,T003352,D016,A004,2024-04-16,2024-04-19,2024-04-19,18,None
S003353,T003353,D037,A012,2024-06-09,2024-06-11,2024-06-11,15,None
S003354,T003354,D021,A005,2025-11-25,2025-11-26,2025-11-27,11,None
S003355,T003355,D009,A002,2026-01-17,2026-01-19,2026-01-19,30,None
S003356,T003356,D004,A001,2025-06-04,2025-06-07,2025-06-07,14,None
S003357,T003357,D027,A007,2024-02-05,2024-02-08,2024-02-08,31,None
S003358,T003358,D017,A004,2025-01-22,2025-01-25,2025-01-25,7,Minor Transport Delay
S003359,T003359,D031,A009,2026-05-25,2026-05-27,2026-05-27,27,None
S003360,T003360,D026,A006,2024-06-02,2024-06-04,2024-06-09,78,Transport Routing Delay
S003361,T003361,D032,A009,2025-08-31,2025-09-02,2025-09-03,28,None
S003362,T003362,D012,A003,2025-01-29,2025-01-31,2025-02-05,76,Dealer Stockout
S003363,T003363,D027,A007,2024-12-23,2024-12-26,2024-12-28,19,None
S003364,T003364,D012,A003,2026-06-03,2026-06-06,2026-06-06,76,Dealer Stockout
S003365,T003365,D040,A013,2024-09-04,2024-09-06,2024-09-06,32,None
S003366,T003366,D021,A005,2025-11-26,2025-11-29,2025-11-29,10,None
S003367,T003367,D018,A004,2025-09-30,2025-10-02,2025-10-03,7,None
S003368,T003368,D012,A003,2024-10-13,2024-10-14,2024-10-19,66,Transport Routing Delay
S003369,T003369,D009,A002,2025-06-28,2025-06-29,2025-06-30,23,Transport Delay
S003370,T003370,D027,A007,2024-07-10,2024-07-13,2024-07-13,25,None
S003371,T003371,D008,A002,2025-12-14,2025-12-16,2025-12-18,12,None
S003372,T003372,D020,A005,2024-02-26,2024-02-28,2024-02-28,4,None
S003373,T003373,D012,A003,2024-06-29,2024-07-02,2024-07-03,37,Dealer Stockout
S003374,T003374,D026,A006,2025-02-21,2025-02-24,2025-02-25,70,Transport Routing Delay
S003375,T003375,D033,A009,2024-07-29,2024-07-31,2024-08-02,26,None
S003376,T003376,D032,A009,2025-12-09,2025-12-11,2025-12-13,35,None
S003377,T003377,D029,A008,2026-07-14,2026-07-15,2026-07-17,30,None
S003378,T003378,D008,A002,2024-12-09,2024-12-10,2024-12-11,34,Transport Delay
S003379,T003379,D003,A001,2026-04-17,2026-04-18,2026-04-18,5,None
S003380,T003380,D028,A007,2025-03-22,2025-03-24,2025-03-26,15,None
S003381,T003381,D015,A004,2024-04-27,2024-04-29,2024-05-01,8,None
S003382,T003382,D016,A004,2025-08-02,2025-08-04,2025-08-04,7,Minor Transport Delay
S003383,T003383,D007,A001,2024-01-23,2024-01-24,2024-01-24,7,None
S003384,T003384,D012,A003,2024-10-03,2024-10-05,2024-10-08,49,Parts Damage
S003385,T003385,D007,A001,2026-07-22,2026-07-25,2026-07-25,14,None
S003386,T003386,D036,A011,2024-07-09,2024-07-11,2024-07-11,24,Stock Delay
S003387,T003387,D012,A003,2025-03-19,2025-03-21,2025-03-21,41,Transport Routing Delay
S003388,T003388,D024,A005,2025-07-08,2025-07-09,2025-07-10,13,None
S003389,T003389,D006,A001,2025-02-12,2025-02-13,2025-02-14,13,None
S003390,T003390,D026,A006,2025-04-17,2025-04-19,2025-04-22,73,Transport Routing Delay
S003391,T003391,D018,A004,2024-04-14,2024-04-17,2024-04-19,18,None
S003392,T003392,D036,A011,2026-08-15,2026-08-17,2026-08-17,34,None
S003393,T003393,D036,A011,2025-08-15,2025-08-16,2025-08-17,36,None
S003394,T003394,D015,A004,2024-05-01,2024-05-02,2024-05-03,8,None
S003395,T003395,D037,A012,2025-06-24,2025-06-27,2025-06-28,21,None
S003396,T003396,D040,A013,2025-06-08,2025-06-09,2025-06-09,28,Stock Delay
S003397,T003397,D035,A010,2024-08-06,2024-08-08,2024-08-09,34,None
S003398,T003398,D035,A010,2026-06-17,2026-06-20,2026-06-20,17,None
S003399,T003399,D012,A003,2024-07-12,2024-07-14,2024-07-17,88,Transport Routing Delay
S003400,T003400,D024,A005,2026-03-15,2026-03-17,2026-03-17,5,None
S003401,T003401,D005,A001,2024-11-29,2024-12-02,2024-12-02,8,Minor Transport Delay
S003402,T003402,D001,A001,2025-07-18,2025-07-21,2025-07-21,9,Minor Transport Delay
S003403,T003403,D039,A013,2024-01-25,2024-01-26,2024-01-30,13,None
S003404,T003404,D015,A004,2025-03-22,2025-03-25,2025-03-26,6,None
S003405,T003405,D029,A008,2024-05-07,2024-05-09,2024-05-09,32,None
S003406,T003406,D033,A009,2025-01-25,2025-01-26,2025-01-26,31,Stock Delay
S003407,T003407,D034,A010,2025-01-01,2025-01-03,2025-01-03,12,Transport Delay
S003408,T003408,D041,A013,2025-09-03,2025-09-06,2025-09-06,23,None
S003409,T003409,D012,A003,2026-04-03,2026-04-06,2026-04-09,95,Dealer Stockout
S003410,T003410,D002,A001,2026-06-06,2026-06-09,2026-06-09,5,None
S003411,T003411,D015,A004,2024-01-05,2024-01-07,2024-01-07,5,None
S003412,T003412,D002,A001,2025-12-17,2025-12-20,2025-12-21,18,None
S003413,T003413,D001,A001,2024-11-04,2024-11-05,2024-11-05,4,None
S003414,T003414,D013,A004,2026-07-20,2026-07-22,2026-07-22,15,None
S003415,T003415,D032,A009,2025-03-30,2025-04-01,2025-04-02,18,None
S003416,T003416,D024,A005,2024-06-02,2024-06-05,2024-06-05,14,None
S003417,T003417,D013,A004,2025-01-18,2025-01-19,2025-01-19,11,None
S003418,T003418,D026,A006,2026-02-22,2026-02-23,2026-02-26,53,Parts Damage
S003419,T003419,D010,A002,2026-06-07,2026-06-10,2026-06-10,23,None
S003420,T003420,D006,A001,2025-03-04,2025-03-07,2025-03-07,14,None
S003421,T003421,D032,A009,2025-08-28,2025-08-29,2025-08-29,28,None
S003422,T003422,D024,A005,2026-01-14,2026-01-17,2026-01-17,8,None
S003423,T003423,D029,A008,2025-01-31,2025-02-03,2025-02-04,12,Stock Delay
S003424,T003424,D003,A001,2025-06-08,2025-06-10,2025-06-10,5,None
S003425,T003425,D035,A010,2026-01-24,2026-01-27,2026-01-28,32,None
S003426,T003426,D024,A005,2024-10-24,2024-10-25,2024-10-26,4,None
S003427,T003427,D022,A005,2025-09-01,2025-09-03,2025-09-03,9,None
S003428,T003428,D025,A005,2026-08-14,2026-08-16,2026-08-17,12,None
S003429,T003429,D034,A010,2025-06-03,2025-06-06,2025-06-06,16,None
S003430,T003430,D021,A005,2024-11-03,2024-11-05,2024-11-05,18,None
S003431,T003431,D023,A005,2026-06-13,2026-06-15,2026-06-15,15,None
S003432,T003432,D041,A013,2024-05-31,2024-06-02,2024-06-03,19,None
S003433,T003433,D029,A008,2024-01-18,2024-01-19,2024-01-20,22,Stock Delay
S003434,T003434,D015,A004,2025-07-14,2025-07-16,2025-07-16,15,None
S003435,T003435,D028,A007,2026-08-02,2026-08-03,2026-08-03,16,None
S003436,T003436,D015,A004,2026-03-18,2026-03-21,2026-03-22,5,None
S003437,T003437,D009,A002,2024-12-17,2024-12-18,2024-12-20,36,None
S003438,T003438,D021,A005,2025-10-01,2025-10-02,2025-10-02,5,None
S003439,T003439,D039,A013,2025-05-17,2025-05-20,2025-05-20,23,None
S003440,T003440,D040,A013,2026-04-16,2026-04-17,2026-04-18,18,None
S003441,T003441,D018,A004,2026-04-18,2026-04-19,2026-04-19,9,None
S003442,T003442,D025,A005,2024-10-23,2024-10-25,2024-10-25,9,None
S003443,T003443,D011,A002,2026-03-31,2026-04-01,2026-04-01,29,Transport Delay
S003444,T003444,D039,A013,2024-07-27,2024-07-30,2024-07-30,36,None
S003445,T003445,D038,A013,2025-07-27,2025-07-30,2025-07-30,12,None
S003446,T003446,D024,A005,2025-08-17,2025-08-18,2025-08-18,16,None
S003447,T003447,D031,A009,2024-03-22,2024-03-23,2024-03-23,22,None
S003448,T003448,D028,A007,2026-02-23,2026-02-24,2026-02-25,30,None
S003449,T003449,D020,A005,2025-02-04,2025-02-06,2025-02-07,16,Minor Transport Delay
S003450,T003450,D002,A001,2026-06-10,2026-06-13,2026-06-13,4,None
S003451,T003451,D017,A004,2025-06-02,2025-06-04,2025-06-04,4,Minor Transport Delay
S003452,T003452,D026,A006,2025-01-15,2025-01-18,2025-01-19,41,Dealer Stockout
S003453,T003453,D026,A006,2024-06-26,2024-06-27,2024-06-30,39,Dealer Stockout
S003454,T003454,D014,A004,2025-12-03,2025-12-06,2025-12-06,7,Minor Transport Delay
S003455,T003455,D039,A013,2025-05-26,2025-05-27,2025-05-27,12,None
S003456,T003456,D009,A002,2025-07-10,2025-07-13,2025-07-13,17,Transport Delay
S003457,T003457,D023,A005,2025-06-29,2025-06-30,2025-06-30,8,Minor Transport Delay
S003458,T003458,D027,A007,2026-02-09,2026-02-11,2026-02-12,25,None
S003459,T003459,D028,A007,2026-06-20,2026-06-21,2026-06-22,29,None
S003460,T003460,D024,A005,2024-04-04,2024-04-06,2024-04-06,16,None
S003461,T003461,D012,A003,2024-10-11,2024-10-14,2024-10-19,55,Dealer Stockout
S003462,T003462,D003,A001,2025-04-19,2025-04-22,2025-04-22,14,None
S003463,T003463,D022,A005,2025-09-05,2025-09-07,2025-09-07,11,None
S003464,T003464,D021,A005,2025-06-14,2025-06-17,2025-06-17,11,None
S003465,T003465,D010,A002,2024-10-06,2024-10-09,2024-10-09,24,None
S003466,T003466,D027,A007,2024-11-09,2024-11-11,2024-11-11,31,None
S003467,T003467,D017,A004,2025-09-23,2025-09-25,2025-09-25,16,None
S003468,T003468,D026,A006,2025-02-17,2025-02-20,2025-02-21,75,Dealer Stockout
S003469,T003469,D035,A010,2026-03-22,2026-03-25,2026-03-26,29,Transport Delay
S003470,T003470,D011,A002,2024-10-01,2024-10-04,2024-10-04,25,None
S003471,T003471,D005,A001,2024-03-06,2024-03-07,2024-03-07,12,None
S003472,T003472,D031,A009,2024-09-05,2024-09-08,2024-09-09,32,None
S003473,T003473,D023,A005,2025-05-17,2025-05-18,2025-05-19,7,None
S003474,T003474,D028,A007,2025-12-24,2025-12-26,2025-12-26,24,None
S003475,T003475,D034,A010,2025-06-11,2025-06-13,2025-06-15,34,Stock Delay
S003476,T003476,D032,A009,2025-05-22,2025-05-23,2025-05-23,20,Stock Delay
S003477,T003477,D041,A013,2025-12-03,2025-12-05,2025-12-06,26,None
S003478,T003478,D025,A005,2025-11-13,2025-11-15,2025-11-16,11,None
S003479,T003479,D018,A004,2024-01-03,2024-01-05,2024-01-05,17,None
S003480,T003480,D016,A004,2025-10-14,2025-10-16,2025-10-16,8,None
S003481,T003481,D003,A001,2024-08-07,2024-08-08,2024-08-08,4,None
S003482,T003482,D021,A005,2025-03-20,2025-03-21,2025-03-22,16,None
S003483,T003483,D012,A003,2024-10-25,2024-10-26,2024-11-03,68,Transport Routing Delay
S003484,T003484,D037,A012,2026-01-02,2026-01-04,2026-01-04,19,None
S003485,T003485,D023,A005,2024-04-04,2024-04-07,2024-04-07,14,None
S003486,T003486,D022,A005,2025-01-18,2025-01-19,2025-01-19,9,None
S003487,T003487,D015,A004,2024-02-20,2024-02-21,2024-02-21,7,None
S003488,T003488,D002,A001,2025-12-27,2025-12-30,2025-12-31,11,None
S003489,T003489,D006,A001,2024-07-28,2024-07-30,2024-07-30,15,None
S003490,T003490,D015,A004,2024-05-11,2024-05-12,2024-05-12,4,None
S003491,T003491,D006,A001,2026-03-30,2026-04-02,2026-04-04,15,None
S003492,T003492,D019,A005,2025-01-07,2025-01-08,2025-01-08,12,None
S003493,T003493,D036,A011,2025-08-17,2025-08-19,2025-08-19,31,None
S003494,T003494,D036,A011,2025-04-29,2025-05-02,2025-05-02,31,None
S003495,T003495,D026,A006,2026-04-01,2026-04-02,2026-04-05,68,Warehouse Delay
S003496,T003496,D010,A002,2026-08-22,2026-08-23,2026-08-24,27,None
S003497,T003497,D035,A010,2024-05-06,2024-05-07,2024-05-07,12,None
S003498,T003498,D036,A011,2024-04-21,2024-04-24,2024-04-25,21,None
S003499,T003499,D009,A002,2026-04-22,2026-04-23,2026-04-23,26,None
S003500,T003500,D029,A008,2024-02-14,2024-02-15,2024-02-15,16,None
S003501,T003501,D013,A004,2024-07-02,2024-07-04,2024-07-04,10,None
S003502,T003502,D031,A009,2024-07-25,2024-07-26,2024-07-28,23,None
S003503,T003503,D041,A013,2026-02-20,2026-02-22,2026-02-22,22,None
S003504,T003504,D004,A001,2026-08-20,2026-08-21,2026-08-21,10,None
S003505,T003505,D036,A011,2024-05-27,2024-05-30,2024-05-30,12,None
S003506,T003506,D024,A005,2026-05-15,2026-05-18,2026-05-19,12,None
S003507,T003507,D038,A013,2024-11-22,2024-11-23,2024-11-24,17,None
S003508,T003508,D013,A004,2026-05-19,2026-05-21,2026-05-22,13,None
S003509,T003509,D034,A010,2025-01-08,2025-01-09,2025-01-10,19,Stock Delay
S003510,T003510,D002,A001,2024-01-18,2024-01-20,2024-01-20,8,None
S003511,T003511,D015,A004,2024-03-24,2024-03-26,2024-03-26,17,None
S003512,T003512,D005,A001,2024-10-30,2024-10-31,2024-11-01,15,None
S003513,T003513,D039,A013,2024-10-04,2024-10-06,2024-10-07,25,None
S003514,T003514,D032,A009,2025-10-05,2025-10-08,2025-10-08,15,None
S003515,T003515,D034,A010,2024-11-07,2024-11-10,2024-11-12,22,None
S003516,T003516,D038,A013,2026-03-08,2026-03-09,2026-03-09,19,None
S003517,T003517,D007,A001,2025-01-08,2025-01-09,2025-01-09,10,None
S003518,T003518,D013,A004,2024-11-19,2024-11-22,2024-11-22,15,None
S003519,T003519,D006,A001,2026-06-10,2026-06-11,2026-06-11,12,None
S003520,T003520,D011,A002,2026-02-28,2026-03-01,2026-03-01,26,None
S003521,T003521,D009,A002,2024-04-08,2024-04-10,2024-04-10,35,None
S003522,T003522,D013,A004,2026-04-18,2026-04-20,2026-04-20,17,None
S003523,T003523,D012,A003,2026-06-02,2026-06-05,2026-06-10,83,Transport Routing Delay
S003524,T003524,D006,A001,2026-05-10,2026-05-13,2026-05-13,12,None
S003525,T003525,D011,A002,2025-01-18,2025-01-20,2025-01-21,27,Transport Delay
S003526,T003526,D006,A001,2026-03-03,2026-03-04,2026-03-04,15,None
S003527,T003527,D040,A013,2026-01-08,2026-01-11,2026-01-11,24,None
S003528,T003528,D029,A008,2024-09-10,2024-09-13,2024-09-13,30,None
S003529,T003529,D041,A013,2024-10-21,2024-10-23,2024-10-23,31,None
S003530,T003530,D018,A004,2024-11-03,2024-11-05,2024-11-05,15,None
S003531,T003531,D012,A003,2026-04-27,2026-04-30,2026-05-03,48,None
S003532,T003532,D033,A009,2024-01-22,2024-01-24,2024-01-26,24,Stock Delay
S003533,T003533,D017,A004,2024-09-24,2024-09-25,2024-09-26,11,None
S003534,T003534,D015,A004,2025-03-11,2025-03-14,2025-03-15,6,None
S003535,T003535,D009,A002,2025-02-24,2025-02-25,2025-03-01,32,None
S003536,T003536,D006,A001,2026-04-18,2026-04-19,2026-04-19,12,None
S003537,T003537,D012,A003,2024-01-28,2024-01-29,2024-02-01,36,Transport Routing Delay
S003538,T003538,D017,A004,2024-10-12,2024-10-15,2024-10-15,12,None
S003539,T003539,D026,A006,2024-02-20,2024-02-21,2024-02-29,67,Warehouse Delay
S003540,T003540,D002,A001,2025-06-24,2025-06-26,2025-06-27,16,None
S003541,T003541,D011,A002,2025-04-21,2025-04-23,2025-04-25,13,None
S003542,T003542,D033,A009,2024-05-17,2024-05-19,2024-05-20,15,None
S003543,T003543,D004,A001,2025-10-25,2025-10-28,2025-10-28,10,None
S003544,T003544,D016,A004,2025-04-05,2025-04-08,2025-04-08,13,None
S003545,T003545,D034,A010,2025-08-30,2025-08-31,2025-08-31,23,Stock Delay
S003546,T003546,D007,A001,2024-05-03,2024-05-05,2024-05-05,17,Minor Transport Delay
S003547,T003547,D005,A001,2026-08-14,2026-08-17,2026-08-17,8,None
S003548,T003548,D018,A004,2025-09-16,2025-09-18,2025-09-18,11,None
S003549,T003549,D016,A004,2026-02-03,2026-02-06,2026-02-06,14,None
S003550,T003550,D023,A005,2024-05-03,2024-05-04,2024-05-04,11,None
S003551,T003551,D033,A009,2026-08-24,2026-08-26,2026-08-26,19,None
S003552,T003552,D005,A001,2025-11-13,2025-11-15,2025-11-15,8,None
S003553,T003553,D021,A005,2025-01-30,2025-02-02,2025-02-02,16,None
S003554,T003554,D020,A005,2026-03-02,2026-03-03,2026-03-03,4,None
S003555,T003555,D003,A001,2025-03-12,2025-03-15,2025-03-15,10,None
S003556,T003556,D023,A005,2024-04-01,2024-04-03,2024-04-05,13,None
S003557,T003557,D012,A003,2025-11-25,2025-11-26,2025-12-01,51,Warehouse Delay
S003558,T003558,D017,A004,2024-08-09,2024-08-11,2024-08-11,12,None
S003559,T003559,D006,A001,2026-01-11,2026-01-13,2026-01-13,7,None
S003560,T003560,D014,A004,2025-03-09,2025-03-10,2025-03-10,13,None
S003561,T003561,D017,A004,2025-05-17,2025-05-19,2025-05-19,5,None
S003562,T003562,D033,A009,2025-08-28,2025-08-31,2025-09-01,21,None
S003563,T003563,D004,A001,2024-08-24,2024-08-25,2024-08-26,6,None
S003564,T003564,D016,A004,2025-10-22,2025-10-25,2025-10-25,18,Minor Transport Delay
S003565,T003565,D014,A004,2025-08-04,2025-08-06,2025-08-06,16,None
S003566,T003566,D027,A007,2024-11-19,2024-11-21,2024-11-22,27,None
S003567,T003567,D025,A005,2025-07-30,2025-08-01,2025-08-01,5,None
S003568,T003568,D026,A006,2024-08-04,2024-08-07,2024-08-10,58,Dealer Stockout
S003569,T003569,D030,A009,2024-03-11,2024-03-13,2024-03-13,13,Stock Delay
S003570,T003570,D035,A010,2024-06-10,2024-06-13,2024-06-13,13,None
S003571,T003571,D016,A004,2025-08-28,2025-08-30,2025-08-30,9,Minor Transport Delay
S003572,T003572,D023,A005,2024-09-19,2024-09-20,2024-09-20,10,None
S003573,T003573,D035,A010,2024-01-05,2024-01-08,2024-01-09,22,None
S003574,T003574,D040,A013,2024-08-21,2024-08-24,2024-08-25,20,None
S003575,T003575,D036,A011,2026-03-15,2026-03-16,2026-03-16,16,Stock Delay
S003576,T003576,D018,A004,2025-08-30,2025-09-01,2025-09-01,9,None
S003577,T003577,D009,A002,2024-04-27,2024-04-28,2024-04-28,28,Stock Delay
S003578,T003578,D017,A004,2026-06-17,2026-06-20,2026-06-20,18,Minor Transport Delay
S003579,T003579,D029,A008,2024-08-07,2024-08-10,2024-08-11,23,None
S003580,T003580,D014,A004,2025-06-25,2025-06-28,2025-06-29,5,None
S003581,T003581,D018,A004,2025-05-26,2025-05-27,2025-05-27,9,None
S003582,T003582,D034,A010,2026-06-10,2026-06-12,2026-06-12,33,None
S003583,T003583,D015,A004,2026-05-02,2026-05-04,2026-05-04,6,None
S003584,T003584,D034,A010,2026-04-30,2026-05-02,2026-05-03,24,None
S003585,T003585,D014,A004,2024-05-27,2024-05-28,2024-05-28,4,None
S003586,T003586,D013,A004,2026-02-07,2026-02-08,2026-02-08,7,None
S003587,T003587,D013,A004,2026-07-29,2026-08-01,2026-08-02,17,Minor Transport Delay
S003588,T003588,D029,A008,2026-01-08,2026-01-09,2026-01-09,19,Transport Delay
S003589,T003589,D007,A001,2024-03-19,2024-03-21,2024-03-21,16,None
S003590,T003590,D009,A002,2024-12-11,2024-12-12,2024-12-12,36,None
S003591,T003591,D039,A013,2024-01-01,2024-01-02,2024-01-02,32,None
S003592,T003592,D011,A002,2024-03-09,2024-03-12,2024-03-12,31,None
S003593,T003593,D024,A005,2026-04-29,2026-05-02,2026-05-02,18,None
S003594,T003594,D020,A005,2024-08-11,2024-08-12,2024-08-12,9,None
S003595,T003595,D014,A004,2025-06-14,2025-06-17,2025-06-18,5,None
S003596,T003596,D024,A005,2026-02-16,2026-02-18,2026-02-18,11,None
S003597,T003597,D010,A002,2026-01-14,2026-01-17,2026-01-17,13,None
S003598,T003598,D024,A005,2026-04-02,2026-04-05,2026-04-05,5,None
S003599,T003599,D013,A004,2025-10-20,2025-10-21,2025-10-21,6,None
S003600,T003600,D026,A006,2025-05-30,2025-06-01,2025-06-02,36,Warehouse Delay
S003601,T003601,D007,A001,2025-06-09,2025-06-12,2025-06-12,18,None
S003602,T003602,D023,A005,2024-05-03,2024-05-04,2024-05-04,6,None
S003603,T003603,D009,A002,2026-04-20,2026-04-21,2026-04-21,21,Stock Delay
S003604,T003604,D012,A003,2025-09-26,2025-09-29,2025-10-04,80,Dealer Stockout
S003605,T003605,D011,A002,2025-02-16,2025-02-19,2025-02-19,14,None
S003606,T003606,D011,A002,2024-07-10,2024-07-13,2024-07-13,33,None
S003607,T003607,D035,A010,2026-08-30,2026-08-31,2026-09-02,21,Transport Delay
S003608,T003608,D018,A004,2025-08-13,2025-08-15,2025-08-15,6,None
S003609,T003609,D038,A013,2026-07-02,2026-07-03,2026-07-03,28,None
S003610,T003610,D039,A013,2024-04-14,2024-04-16,2024-04-18,29,Stock Delay
S003611,T003611,D020,A005,2024-10-23,2024-10-26,2024-10-26,15,Minor Transport Delay
S003612,T003612,D002,A001,2024-05-31,2024-06-03,2024-06-04,18,None
S003613,T003613,D016,A004,2025-05-03,2025-05-04,2025-05-04,16,None
S003614,T003614,D032,A009,2024-09-09,2024-09-11,2024-09-11,29,None
S003615,T003615,D013,A004,2026-04-13,2026-04-15,2026-04-15,8,None
S003616,T003616,D006,A001,2024-07-21,2024-07-24,2024-07-25,14,None
S003617,T003617,D022,A005,2025-10-17,2025-10-19,2025-10-19,18,None
S003618,T003618,D035,A010,2025-05-13,2025-05-14,2025-05-14,26,None
S003619,T003619,D032,A009,2026-05-13,2026-05-14,2026-05-14,18,None
S003620,T003620,D010,A002,2026-05-24,2026-05-25,2026-05-26,36,None
S003621,T003621,D026,A006,2026-07-28,2026-07-30,2026-08-04,87,None
S003622,T003622,D010,A002,2024-07-06,2024-07-08,2024-07-08,14,None
S003623,T003623,D009,A002,2025-08-30,2025-09-01,2025-09-05,25,Stock Delay
S003624,T003624,D036,A011,2025-08-17,2025-08-19,2025-08-20,19,None
S003625,T003625,D012,A003,2026-03-25,2026-03-28,2026-03-31,94,Transport Routing Delay
S003626,T003626,D012,A003,2026-03-06,2026-03-08,2026-03-11,63,Transport Routing Delay
S003627,T003627,D006,A001,2026-07-29,2026-07-31,2026-07-31,18,None
S003628,T003628,D036,A011,2026-03-02,2026-03-03,2026-03-03,31,None
S003629,T003629,D031,A009,2024-03-13,2024-03-14,2024-03-15,33,None
S003630,T003630,D024,A005,2024-03-23,2024-03-24,2024-03-24,8,None
S003631,T003631,D029,A008,2024-12-20,2024-12-22,2024-12-26,32,None
S003632,T003632,D003,A001,2024-01-07,2024-01-10,2024-01-10,16,None
S003633,T003633,D015,A004,2025-11-05,2025-11-08,2025-11-08,18,None
S003634,T003634,D015,A004,2025-04-12,2025-04-15,2025-04-15,10,None
S003635,T003635,D002,A001,2025-07-13,2025-07-14,2025-07-15,18,None
S003636,T003636,D017,A004,2026-03-10,2026-03-12,2026-03-12,15,None
S003637,T003637,D037,A012,2024-06-15,2024-06-17,2024-06-18,22,None
S003638,T003638,D007,A001,2026-04-24,2026-04-27,2026-04-27,9,None
S003639,T003639,D015,A004,2024-04-08,2024-04-10,2024-04-10,15,None
S003640,T003640,D008,A002,2024-01-27,2024-01-29,2024-01-29,22,None
S003641,T003641,D011,A002,2024-08-22,2024-08-24,2024-08-25,12,Transport Delay
S003642,T003642,D037,A012,2024-09-14,2024-09-16,2024-09-16,16,None
S003643,T003643,D014,A004,2025-03-05,2025-03-08,2025-03-08,12,None
S003644,T003644,D013,A004,2025-12-27,2025-12-30,2025-12-30,14,None
S003645,T003645,D029,A008,2025-06-12,2025-06-14,2025-06-14,28,Stock Delay
S003646,T003646,D006,A001,2025-08-06,2025-08-07,2025-08-07,17,None
S003647,T003647,D018,A004,2025-11-29,2025-12-02,2025-12-02,6,Minor Transport Delay
S003648,T003648,D013,A004,2026-07-13,2026-07-15,2026-07-15,13,None
S003649,T003649,D025,A005,2025-05-24,2025-05-25,2025-05-25,8,None
S003650,T003650,D039,A013,2024-04-17,2024-04-18,2024-04-22,28,None
S003651,T003651,D030,A009,2026-04-16,2026-04-19,2026-04-20,30,Stock Delay
S003652,T003652,D013,A004,2024-01-28,2024-01-31,2024-01-31,16,None
S003653,T003653,D035,A010,2024-10-31,2024-11-02,2024-11-03,33,None
S003654,T003654,D009,A002,2024-03-10,2024-03-11,2024-03-11,34,None
S003655,T003655,D001,A001,2025-04-03,2025-04-04,2025-04-04,10,None
S003656,T003656,D011,A002,2025-06-29,2025-07-02,2025-07-03,18,None
S003657,T003657,D015,A004,2025-08-04,2025-08-07,2025-08-07,18,None
S003658,T003658,D024,A005,2024-05-11,2024-05-13,2024-05-13,8,None
S003659,T003659,D020,A005,2026-01-11,2026-01-13,2026-01-13,5,None
S003660,T003660,D037,A012,2026-06-10,2026-06-11,2026-06-11,24,None
S003661,T003661,D024,A005,2024-10-26,2024-10-27,2024-10-27,9,None
S003662,T003662,D022,A005,2025-08-07,2025-08-08,2025-08-08,11,None
S003663,T003663,D006,A001,2025-11-28,2025-12-01,2025-12-01,9,None
S003664,T003664,D006,A001,2025-04-20,2025-04-23,2025-04-23,10,None
S003665,T003665,D024,A005,2025-06-19,2025-06-22,2025-06-23,12,Minor Transport Delay
S003666,T003666,D016,A004,2026-01-02,2026-01-04,2026-01-04,11,None
S003667,T003667,D035,A010,2026-06-04,2026-06-05,2026-06-06,26,None
S003668,T003668,D007,A001,2024-08-06,2024-08-09,2024-08-09,13,None
S003669,T003669,D006,A001,2025-10-13,2025-10-14,2025-10-14,12,None
S003670,T003670,D015,A004,2025-01-04,2025-01-07,2025-01-07,9,None
S003671,T003671,D008,A002,2025-10-22,2025-10-24,2025-10-26,19,None
S003672,T003672,D005,A001,2026-07-09,2026-07-10,2026-07-10,13,None
S003673,T003673,D028,A007,2026-01-15,2026-01-16,2026-01-16,32,Stock Delay
S003674,T003674,D004,A001,2026-04-04,2026-04-07,2026-04-07,7,None
S003675,T003675,D025,A005,2025-07-06,2025-07-08,2025-07-08,10,None
S003676,T003676,D012,A003,2026-07-11,2026-07-13,2026-07-18,85,Dealer Stockout
S003677,T003677,D011,A002,2024-03-24,2024-03-27,2024-03-27,12,Transport Delay
S003678,T003678,D017,A004,2024-11-17,2024-11-19,2024-11-20,4,None
S003679,T003679,D033,A009,2025-10-12,2025-10-14,2025-10-14,29,None
S003680,T003680,D013,A004,2025-12-04,2025-12-06,2025-12-06,14,None
S003681,T003681,D029,A008,2025-11-20,2025-11-22,2025-11-22,36,Stock Delay
S003682,T003682,D007,A001,2026-08-19,2026-08-22,2026-08-22,14,None
S003683,T003683,D031,A009,2025-10-21,2025-10-24,2025-10-24,15,Stock Delay
S003684,T003684,D008,A002,2025-04-11,2025-04-12,2025-04-13,12,Transport Delay
S003685,T003685,D026,A006,2025-05-21,2025-05-22,2025-05-30,86,Dealer Stockout
S003686,T003686,D019,A005,2025-12-05,2025-12-07,2025-12-07,12,None
S003687,T003687,D040,A013,2024-04-07,2024-04-08,2024-04-12,21,None
S003688,T003688,D016,A004,2024-03-24,2024-03-26,2024-03-26,8,None
S003689,T003689,D002,A001,2026-02-27,2026-03-01,2026-03-02,11,None
S003690,T003690,D005,A001,2025-07-15,2025-07-17,2025-07-17,16,None
S003691,T003691,D035,A010,2025-04-22,2025-04-23,2025-04-23,17,None
S003692,T003692,D019,A005,2025-12-10,2025-12-13,2025-12-13,16,None
S003693,T003693,D031,A009,2024-05-17,2024-05-19,2024-05-20,36,None
S003694,T003694,D011,A002,2025-11-04,2025-11-06,2025-11-07,33,None
S003695,T003695,D018,A004,2026-03-05,2026-03-07,2026-03-07,7,None
S003696,T003696,D007,A001,2025-04-20,2025-04-23,2025-04-23,15,None
S003697,T003697,D039,A013,2024-09-24,2024-09-27,2024-09-27,26,None
S003698,T003698,D026,A006,2024-04-17,2024-04-20,2024-04-21,41,Transport Routing Delay
S003699,T003699,D040,A013,2024-09-07,2024-09-08,2024-09-08,20,Transport Delay
S003700,T003700,D012,A003,2026-04-15,2026-04-16,2026-04-19,43,Dealer Stockout
S003701,T003701,D023,A005,2024-03-23,2024-03-25,2024-03-25,7,None
S003702,T003702,D026,A006,2024-10-04,2024-10-07,2024-10-12,58,Parts Damage
S003703,T003703,D018,A004,2025-04-25,2025-04-26,2025-04-28,16,Minor Transport Delay
S003704,T003704,D035,A010,2024-08-03,2024-08-04,2024-08-04,32,None
S003705,T003705,D038,A013,2024-03-15,2024-03-17,2024-03-17,32,None
S003706,T003706,D036,A011,2025-10-17,2025-10-18,2025-10-18,27,None
S003707,T003707,D029,A008,2025-10-27,2025-10-28,2025-10-28,13,None
S003708,T003708,D012,A003,2024-03-18,2024-03-20,2024-03-21,77,Parts Damage
S003709,T003709,D012,A003,2025-10-31,2025-11-03,2025-11-08,88,Dealer Stockout
S003710,T003710,D039,A013,2024-11-19,2024-11-21,2024-11-21,25,None
S003711,T003711,D003,A001,2025-11-15,2025-11-18,2025-11-18,13,None
S003712,T003712,D027,A007,2025-02-27,2025-03-02,2025-03-02,20,Stock Delay
S003713,T003713,D028,A007,2024-08-02,2024-08-04,2024-08-05,16,None
S003714,T003714,D024,A005,2025-10-18,2025-10-20,2025-10-20,5,None
S003715,T003715,D040,A013,2024-02-02,2024-02-03,2024-02-03,23,None
S003716,T003716,D014,A004,2026-04-25,2026-04-28,2026-04-28,7,Minor Transport Delay
S003717,T003717,D018,A004,2024-12-07,2024-12-10,2024-12-10,12,None
S003718,T003718,D007,A001,2025-05-22,2025-05-23,2025-05-24,15,None
S003719,T003719,D017,A004,2025-12-03,2025-12-06,2025-12-07,16,None
S003720,T003720,D012,A003,2026-07-22,2026-07-24,2026-07-25,81,Warehouse Delay
S003721,T003721,D016,A004,2025-05-09,2025-05-11,2025-05-11,8,None
S003722,T003722,D034,A010,2024-02-04,2024-02-06,2024-02-06,13,None
S003723,T003723,D041,A013,2025-08-04,2025-08-07,2025-08-09,24,None
S003724,T003724,D009,A002,2026-01-29,2026-01-31,2026-01-31,23,Stock Delay
S003725,T003725,D016,A004,2025-08-30,2025-09-02,2025-09-02,14,None
S003726,T003726,D041,A013,2024-01-22,2024-01-23,2024-01-23,12,Stock Delay
S003727,T003727,D001,A001,2025-04-24,2025-04-26,2025-04-26,9,None
S003728,T003728,D004,A001,2024-02-14,2024-02-16,2024-02-16,17,Minor Transport Delay
S003729,T003729,D009,A002,2024-05-24,2024-05-27,2024-05-28,26,None
S003730,T003730,D020,A005,2025-02-10,2025-02-12,2025-02-12,18,None
S003731,T003731,D004,A001,2024-10-30,2024-10-31,2024-10-31,16,None
S003732,T003732,D040,A013,2024-03-01,2024-03-02,2024-03-03,34,Stock Delay
S003733,T003733,D014,A004,2025-11-21,2025-11-24,2025-11-24,12,None
S003734,T003734,D020,A005,2025-04-15,2025-04-18,2025-04-18,14,Minor Transport Delay
S003735,T003735,D012,A003,2026-03-16,2026-03-18,2026-03-21,52,Transport Routing Delay
S003736,T003736,D015,A004,2024-12-10,2024-12-12,2024-12-12,15,None
S003737,T003737,D026,A006,2026-05-12,2026-05-15,2026-05-18,43,Dealer Stockout
S003738,T003738,D029,A008,2026-01-13,2026-01-15,2026-01-16,21,None
S003739,T003739,D029,A008,2025-03-25,2025-03-26,2025-03-27,16,Stock Delay
S003740,T003740,D024,A005,2024-10-13,2024-10-14,2024-10-14,13,Minor Transport Delay
S003741,T003741,D037,A012,2025-05-02,2025-05-03,2025-05-03,20,None
S003742,T003742,D032,A009,2024-02-11,2024-02-14,2024-02-16,22,None
S003743,T003743,D029,A008,2024-06-16,2024-06-18,2024-06-18,14,Transport Delay
S003744,T003744,D003,A001,2024-01-07,2024-01-10,2024-01-11,6,None
S003745,T003745,D002,A001,2024-02-08,2024-02-11,2024-02-11,14,None
S003746,T003746,D009,A002,2026-03-23,2026-03-26,2026-03-30,16,None
S003747,T003747,D026,A006,2025-05-17,2025-05-19,2025-05-20,75,Dealer Stockout
S003748,T003748,D015,A004,2024-08-10,2024-08-11,2024-08-12,18,None
S003749,T003749,D014,A004,2026-01-02,2026-01-05,2026-01-07,13,None
S003750,T003750,D036,A011,2024-03-22,2024-03-24,2024-03-24,12,None
S003751,T003751,D036,A011,2025-03-27,2025-03-28,2025-03-28,18,Stock Delay
S003752,T003752,D037,A012,2025-12-14,2025-12-16,2025-12-20,30,None
S003753,T003753,D015,A004,2024-08-09,2024-08-11,2024-08-11,18,None
S003754,T003754,D027,A007,2024-01-27,2024-01-28,2024-01-28,30,None
S003755,T003755,D012,A003,2024-08-15,2024-08-18,2024-08-23,59,Dealer Stockout
S003756,T003756,D009,A002,2026-05-11,2026-05-13,2026-05-13,19,None
S003757,T003757,D011,A002,2024-07-16,2024-07-18,2024-07-20,35,None
S003758,T003758,D013,A004,2026-07-04,2026-07-05,2026-07-05,11,None
S003759,T003759,D017,A004,2025-10-16,2025-10-19,2025-10-19,6,None
S003760,T003760,D034,A010,2024-01-01,2024-01-02,2024-01-02,17,None
S003761,T003761,D006,A001,2025-05-04,2025-05-05,2025-05-06,5,None
S003762,T003762,D028,A007,2024-12-21,2024-12-22,2024-12-23,32,None
S003763,T003763,D022,A005,2026-03-01,2026-03-02,2026-03-02,5,None
S003764,T003764,D017,A004,2026-07-17,2026-07-20,2026-07-20,11,Minor Transport Delay
S003765,T003765,D016,A004,2025-01-04,2025-01-07,2025-01-07,6,None
S003766,T003766,D017,A004,2025-06-22,2025-06-23,2025-06-23,17,None
S003767,T003767,D021,A005,2026-08-19,2026-08-21,2026-08-21,6,Minor Transport Delay
S003768,T003768,D015,A004,2024-05-04,2024-05-05,2024-05-05,12,None
S003769,T003769,D011,A002,2025-10-27,2025-10-30,2025-10-31,27,None
S003770,T003770,D005,A001,2024-12-12,2024-12-15,2024-12-15,16,None
S003771,T003771,D019,A005,2024-10-30,2024-11-01,2024-11-01,7,None
S003772,T003772,D037,A012,2025-11-24,2025-11-25,2025-11-25,28,None
S003773,T003773,D013,A004,2025-07-07,2025-07-08,2025-07-08,15,None
S003774,T003774,D027,A007,2025-10-28,2025-10-30,2025-10-31,22,Transport Delay
S003775,T003775,D026,A006,2026-07-17,2026-07-18,2026-07-19,92,Transport Routing Delay
S003776,T003776,D039,A013,2026-08-09,2026-08-12,2026-08-14,30,Transport Delay
S003777,T003777,D033,A009,2026-03-13,2026-03-16,2026-03-17,24,None
S003778,T003778,D022,A005,2025-07-23,2025-07-26,2025-07-26,18,None
S003779,T003779,D026,A006,2025-06-29,2025-07-01,2025-07-02,40,None
S003780,T003780,D037,A012,2025-02-08,2025-02-10,2025-02-10,16,Transport Delay
S003781,T003781,D013,A004,2025-05-31,2025-06-03,2025-06-03,13,None
S003782,T003782,D015,A004,2024-08-09,2024-08-11,2024-08-11,6,None
S003783,T003783,D007,A001,2024-04-22,2024-04-25,2024-04-25,14,None
S003784,T003784,D034,A010,2026-08-06,2026-08-08,2026-08-12,26,None
S003785,T003785,D033,A009,2024-01-03,2024-01-04,2024-01-04,30,None
S003786,T003786,D001,A001,2026-04-01,2026-04-03,2026-04-03,16,None
S003787,T003787,D024,A005,2026-07-13,2026-07-14,2026-07-14,17,Minor Transport Delay
S003788,T003788,D014,A004,2025-11-15,2025-11-16,2025-11-16,7,Minor Transport Delay
S003789,T003789,D004,A001,2024-04-30,2024-05-02,2024-05-02,11,Minor Transport Delay
S003790,T003790,D039,A013,2026-05-23,2026-05-24,2026-05-24,36,None
S003791,T003791,D010,A002,2026-03-17,2026-03-18,2026-03-18,16,None
S003792,T003792,D003,A001,2026-03-05,2026-03-07,2026-03-07,13,None
S003793,T003793,D025,A005,2024-01-01,2024-01-03,2024-01-04,16,None
S003794,T003794,D029,A008,2025-12-15,2025-12-16,2025-12-16,20,None
S003795,T003795,D002,A001,2026-04-21,2026-04-23,2026-04-23,7,None
S003796,T003796,D026,A006,2025-03-20,2025-03-23,2025-03-24,92,Warehouse Delay
S003797,T003797,D022,A005,2026-06-05,2026-06-07,2026-06-08,4,None
S003798,T003798,D001,A001,2025-03-12,2025-03-13,2025-03-13,10,None
S003799,T003799,D009,A002,2024-09-10,2024-09-12,2024-09-12,13,Stock Delay
S003800,T003800,D023,A005,2024-03-22,2024-03-25,2024-03-25,8,None
S003801,T003801,D014,A004,2025-01-31,2025-02-02,2025-02-02,15,None
S003802,T003802,D041,A013,2024-09-01,2024-09-04,2024-09-04,17,Stock Delay
S003803,T003803,D032,A009,2026-07-02,2026-07-05,2026-07-05,21,Stock Delay
S003804,T003804,D040,A013,2024-09-18,2024-09-21,2024-09-21,15,None
S003805,T003805,D012,A003,2024-11-10,2024-11-12,2024-11-13,68,Transport Routing Delay
S003806,T003806,D038,A013,2024-09-13,2024-09-16,2024-09-17,28,None
S003807,T003807,D016,A004,2024-07-31,2024-08-02,2024-08-02,6,None
S003808,T003808,D014,A004,2024-07-28,2024-07-29,2024-07-29,13,None
S003809,T003809,D007,A001,2026-04-16,2026-04-17,2026-04-17,13,None
S003810,T003810,D004,A001,2025-12-16,2025-12-17,2025-12-17,6,None
S003811,T003811,D028,A007,2026-01-05,2026-01-08,2026-01-08,36,None
S003812,T003812,D016,A004,2024-03-13,2024-03-16,2024-03-16,15,Minor Transport Delay
S003813,T003813,D011,A002,2025-02-03,2025-02-05,2025-02-05,29,None
S003814,T003814,D023,A005,2024-03-27,2024-03-28,2024-03-28,17,None
S003815,T003815,D012,A003,2025-10-30,2025-11-01,2025-11-09,88,Warehouse Delay
S003816,T003816,D025,A005,2026-04-14,2026-04-16,2026-04-17,15,None
S003817,T003817,D015,A004,2025-05-07,2025-05-08,2025-05-08,6,None
S003818,T003818,D032,A009,2026-05-20,2026-05-21,2026-05-22,21,None
S003819,T003819,D031,A009,2024-03-13,2024-03-15,2024-03-15,30,None
S003820,T003820,D016,A004,2025-06-25,2025-06-28,2025-06-28,11,Minor Transport Delay
S003821,T003821,D015,A004,2024-11-02,2024-11-04,2024-11-04,4,None
S003822,T003822,D018,A004,2025-07-21,2025-07-24,2025-07-24,18,None
S003823,T003823,D033,A009,2026-03-13,2026-03-14,2026-03-15,25,Stock Delay
S003824,T003824,D013,A004,2024-03-04,2024-03-06,2024-03-06,10,None
S003825,T003825,D009,A002,2025-08-21,2025-08-22,2025-08-22,14,None
S003826,T003826,D002,A001,2024-04-01,2024-04-04,2024-04-04,13,None
S003827,T003827,D014,A004,2026-04-20,2026-04-21,2026-04-21,5,None
S003828,T003828,D015,A004,2025-11-15,2025-11-17,2025-11-17,12,None
S003829,T003829,D035,A010,2024-11-23,2024-11-24,2024-11-25,23,None
S003830,T003830,D008,A002,2024-12-17,2024-12-19,2024-12-19,31,None
S003831,T003831,D015,A004,2025-04-10,2025-04-13,2025-04-13,5,Minor Transport Delay
S003832,T003832,D031,A009,2025-10-27,2025-10-29,2025-10-30,14,None
S003833,T003833,D032,A009,2025-02-10,2025-02-13,2025-02-13,19,None
S003834,T003834,D017,A004,2025-12-30,2026-01-02,2026-01-02,18,None
S003835,T003835,D018,A004,2024-09-13,2024-09-15,2024-09-15,18,None
S003836,T003836,D016,A004,2026-07-14,2026-07-17,2026-07-17,13,None
S003837,T003837,D041,A013,2024-05-12,2024-05-14,2024-05-16,21,None
S003838,T003838,D006,A001,2026-08-29,2026-09-01,2026-09-01,16,None
S003839,T003839,D040,A013,2024-05-20,2024-05-23,2024-05-25,15,None
S003840,T003840,D026,A006,2024-07-14,2024-07-16,2024-07-19,89,Transport Routing Delay
S003841,T003841,D019,A005,2026-04-12,2026-04-13,2026-04-13,18,None
S003842,T003842,D007,A001,2024-03-19,2024-03-20,2024-03-20,13,None
S003843,T003843,D018,A004,2025-11-23,2025-11-24,2025-11-25,7,None
S003844,T003844,D016,A004,2024-06-11,2024-06-12,2024-06-12,17,None
S003845,T003845,D001,A001,2025-08-08,2025-08-11,2025-08-11,9,None
S003846,T003846,D026,A006,2026-04-26,2026-04-29,2026-04-30,80,Dealer Stockout
S003847,T003847,D038,A013,2025-02-04,2025-02-06,2025-02-06,32,Stock Delay
S003848,T003848,D020,A005,2025-11-25,2025-11-26,2025-11-26,8,None
S003849,T003849,D028,A007,2024-05-11,2024-05-12,2024-05-13,14,Transport Delay
S003850,T003850,D002,A001,2024-02-24,2024-02-26,2024-02-26,17,None
S003851,T003851,D015,A004,2024-03-08,2024-03-10,2024-03-11,4,None
S003852,T003852,D005,A001,2024-10-31,2024-11-02,2024-11-02,8,None
S003853,T003853,D024,A005,2025-09-06,2025-09-09,2025-09-10,6,None
S003854,T003854,D041,A013,2024-01-26,2024-01-28,2024-01-28,21,Transport Delay
S003855,T003855,D026,A006,2024-01-25,2024-01-28,2024-01-28,66,Dealer Stockout
S003856,T003856,D002,A001,2024-08-29,2024-08-31,2024-08-31,7,Minor Transport Delay
S003857,T003857,D016,A004,2025-05-01,2025-05-04,2025-05-04,10,None
S003858,T003858,D022,A005,2025-02-11,2025-02-13,2025-02-13,9,None
S003859,T003859,D015,A004,2024-11-24,2024-11-27,2024-11-28,8,None
S003860,T003860,D034,A010,2026-07-19,2026-07-21,2026-07-21,22,Stock Delay
S003861,T003861,D031,A009,2026-03-28,2026-03-31,2026-04-01,16,None
S003862,T003862,D022,A005,2025-12-25,2025-12-26,2025-12-28,9,None
S003863,T003863,D013,A004,2024-07-31,2024-08-02,2024-08-03,7,None
S003864,T003864,D012,A003,2025-03-23,2025-03-25,2025-03-30,83,Transport Routing Delay
S003865,T003865,D006,A001,2026-06-25,2026-06-28,2026-06-28,8,None
S003866,T003866,D014,A004,2024-08-08,2024-08-11,2024-08-11,6,None
S003867,T003867,D013,A004,2024-08-14,2024-08-15,2024-08-15,5,None
S003868,T003868,D026,A006,2025-09-05,2025-09-08,2025-09-13,59,Dealer Stockout
S003869,T003869,D026,A006,2026-08-29,2026-08-30,2026-08-30,83,Dealer Stockout
S003870,T003870,D002,A001,2024-06-30,2024-07-03,2024-07-03,14,None
S003871,T003871,D017,A004,2024-03-31,2024-04-01,2024-04-01,17,None
S003872,T003872,D010,A002,2026-06-16,2026-06-18,2026-06-18,20,None
S003873,T003873,D006,A001,2026-03-07,2026-03-09,2026-03-09,8,None
S003874,T003874,D034,A010,2025-10-08,2025-10-10,2025-10-11,17,Transport Delay
S003875,T003875,D004,A001,2026-01-05,2026-01-06,2026-01-06,11,None
S003876,T003876,D018,A004,2025-06-03,2025-06-05,2025-06-06,9,None
S003877,T003877,D008,A002,2025-09-08,2025-09-09,2025-09-09,36,None
S003878,T003878,D036,A011,2024-02-14,2024-02-15,2024-02-17,33,None
S003879,T003879,D020,A005,2024-12-16,2024-12-19,2024-12-20,14,Minor Transport Delay
S003880,T003880,D011,A002,2026-06-24,2026-06-26,2026-06-26,29,None
S003881,T003881,D020,A005,2025-07-20,2025-07-22,2025-07-24,14,None
S003882,T003882,D028,A007,2026-04-02,2026-04-05,2026-04-05,17,None
S003883,T003883,D041,A013,2024-12-28,2024-12-31,2024-12-31,28,None
S003884,T003884,D008,A002,2024-12-08,2024-12-11,2024-12-11,18,None
S003885,T003885,D036,A011,2025-05-21,2025-05-23,2025-05-27,36,None
S003886,T003886,D040,A013,2024-04-20,2024-04-23,2024-04-25,27,None
S003887,T003887,D037,A012,2025-01-02,2025-01-05,2025-01-05,30,None
S003888,T003888,D022,A005,2024-01-13,2024-01-16,2024-01-17,18,Minor Transport Delay
S003889,T003889,D020,A005,2025-04-03,2025-04-05,2025-04-05,13,None
S003890,T003890,D015,A004,2025-06-12,2025-06-15,2025-06-15,4,None
S003891,T003891,D029,A008,2024-11-29,2024-12-02,2024-12-02,23,None
S003892,T003892,D024,A005,2025-01-12,2025-01-15,2025-01-15,14,None
S003893,T003893,D026,A006,2025-02-27,2025-03-01,2025-03-01,45,None
S003894,T003894,D014,A004,2024-02-28,2024-03-02,2024-03-03,4,None
S003895,T003895,D028,A007,2024-06-07,2024-06-10,2024-06-11,15,None
S003896,T003896,D031,A009,2025-01-05,2025-01-06,2025-01-06,33,None
S003897,T003897,D002,A001,2025-09-13,2025-09-15,2025-09-15,15,Minor Transport Delay
S003898,T003898,D035,A010,2025-08-04,2025-08-05,2025-08-06,12,None
S003899,T003899,D024,A005,2025-10-23,2025-10-26,2025-10-27,7,None
S003900,T003900,D035,A010,2025-07-05,2025-07-06,2025-07-07,33,None
S003901,T003901,D016,A004,2025-04-13,2025-04-16,2025-04-16,11,None
S003902,T003902,D015,A004,2025-02-12,2025-02-14,2025-02-14,8,None
S003903,T003903,D037,A012,2026-08-09,2026-08-10,2026-08-11,30,None
S003904,T003904,D012,A003,2025-06-01,2025-06-04,2025-06-09,93,Warehouse Delay
S003905,T003905,D035,A010,2024-12-09,2024-12-10,2024-12-10,32,None
S003906,T003906,D016,A004,2026-03-22,2026-03-24,2026-03-24,16,None
S003907,T003907,D025,A005,2026-07-24,2026-07-25,2026-07-25,15,None
S003908,T003908,D014,A004,2025-10-09,2025-10-12,2025-10-13,10,Minor Transport Delay
S003909,T003909,D024,A005,2025-09-12,2025-09-13,2025-09-13,4,None
S003910,T003910,D016,A004,2024-06-30,2024-07-03,2024-07-03,8,None
S003911,T003911,D004,A001,2025-03-02,2025-03-03,2025-03-03,5,Minor Transport Delay
S003912,T003912,D012,A003,2024-03-30,2024-03-31,2024-04-08,91,Transport Routing Delay
S003913,T003913,D005,A001,2026-04-13,2026-04-15,2026-04-15,15,None
S003914,T003914,D041,A013,2026-08-23,2026-08-24,2026-08-24,20,None
S003915,T003915,D038,A013,2026-02-11,2026-02-14,2026-02-16,36,None
S003916,T003916,D017,A004,2025-01-03,2025-01-06,2025-01-08,13,None
S003917,T003917,D027,A007,2024-08-23,2024-08-25,2024-08-25,29,Transport Delay
S003918,T003918,D018,A004,2025-11-02,2025-11-03,2025-11-03,12,None
S003919,T003919,D026,A006,2024-10-01,2024-10-03,2024-10-06,87,Dealer Stockout
S003920,T003920,D031,A009,2025-05-20,2025-05-23,2025-05-27,19,None
S003921,T003921,D038,A013,2024-04-03,2024-04-06,2024-04-08,17,Transport Delay
S003922,T003922,D013,A004,2025-01-29,2025-01-30,2025-01-30,9,None
S003923,T003923,D031,A009,2024-09-03,2024-09-04,2024-09-04,18,None
S003924,T003924,D012,A003,2026-04-13,2026-04-15,2026-04-20,79,Dealer Stockout
S003925,T003925,D040,A013,2026-02-25,2026-02-28,2026-03-01,14,None
S003926,T003926,D002,A001,2024-09-07,2024-09-10,2024-09-10,10,None
S003927,T003927,D025,A005,2024-04-25,2024-04-28,2024-04-28,4,None
S003928,T003928,D026,A006,2025-11-10,2025-11-12,2025-11-15,56,Transport Routing Delay
S003929,T003929,D027,A007,2024-01-08,2024-01-09,2024-01-10,32,None
S003930,T003930,D006,A001,2024-03-22,2024-03-24,2024-03-25,17,Minor Transport Delay
S003931,T003931,D039,A013,2026-08-19,2026-08-21,2026-08-22,20,Transport Delay
S003932,T003932,D011,A002,2024-04-26,2024-04-27,2024-04-27,35,None
S003933,T003933,D023,A005,2024-04-28,2024-04-30,2024-05-02,4,None
S003934,T003934,D011,A002,2024-01-12,2024-01-14,2024-01-14,17,Transport Delay
S003935,T003935,D015,A004,2024-02-24,2024-02-27,2024-02-27,15,None
S003936,T003936,D025,A005,2026-06-09,2026-06-12,2026-06-12,14,None
S003937,T003937,D013,A004,2024-07-02,2024-07-03,2024-07-03,10,None
S003938,T003938,D001,A001,2025-01-18,2025-01-21,2025-01-22,7,None
S003939,T003939,D008,A002,2025-07-13,2025-07-14,2025-07-15,36,None
S003940,T003940,D016,A004,2025-01-28,2025-01-30,2025-01-30,17,None
S003941,T003941,D029,A008,2024-08-13,2024-08-14,2024-08-14,30,None
S003942,T003942,D037,A012,2025-06-25,2025-06-28,2025-06-28,24,None
S003943,T003943,D001,A001,2026-02-06,2026-02-07,2026-02-07,12,None
S003944,T003944,D016,A004,2026-08-03,2026-08-06,2026-08-06,15,None
S003945,T003945,D001,A001,2024-07-02,2024-07-03,2024-07-03,12,None
S003946,T003946,D007,A001,2024-06-22,2024-06-24,2024-06-24,4,None
S003947,T003947,D026,A006,2024-03-26,2024-03-29,2024-04-03,96,Dealer Stockout
S003948,T003948,D025,A005,2024-01-24,2024-01-27,2024-01-27,16,None
S003949,T003949,D010,A002,2026-03-09,2026-03-10,2026-03-11,12,None
S003950,T003950,D010,A002,2024-01-03,2024-01-05,2024-01-06,17,None
S003951,T003951,D004,A001,2025-04-02,2025-04-03,2025-04-03,12,None
S003952,T003952,D035,A010,2024-02-20,2024-02-21,2024-02-22,35,None
S003953,T003953,D041,A013,2025-02-06,2025-02-09,2025-02-09,13,None
S003954,T003954,D002,A001,2024-11-25,2024-11-28,2024-11-29,5,None
S003955,T003955,D011,A002,2024-06-20,2024-06-23,2024-06-24,26,None
S003956,T003956,D036,A011,2025-07-15,2025-07-18,2025-07-18,34,None
S003957,T003957,D039,A013,2024-01-12,2024-01-13,2024-01-13,17,None
S003958,T003958,D015,A004,2024-01-29,2024-01-30,2024-01-31,12,None
S003959,T003959,D005,A001,2025-09-02,2025-09-04,2025-09-04,8,None
S003960,T003960,D001,A001,2024-03-08,2024-03-10,2024-03-10,17,None
S003961,T003961,D025,A005,2024-03-20,2024-03-21,2024-03-21,14,None
S003962,T003962,D015,A004,2026-08-19,2026-08-21,2026-08-21,18,None
S003963,T003963,D002,A001,2025-10-07,2025-10-08,2025-10-08,16,None
S003964,T003964,D019,A005,2025-04-03,2025-04-06,2025-04-06,8,None
S003965,T003965,D006,A001,2024-03-23,2024-03-26,2024-03-28,12,None
S003966,T003966,D030,A009,2024-04-12,2024-04-14,2024-04-16,22,None
S003967,T003967,D018,A004,2025-02-15,2025-02-17,2025-02-17,5,None
S003968,T003968,D002,A001,2024-10-01,2024-10-03,2024-10-03,5,None
S003969,T003969,D020,A005,2026-03-20,2026-03-22,2026-03-22,9,None
S003970,T003970,D016,A004,2026-06-09,2026-06-10,2026-06-10,6,None
S003971,T003971,D038,A013,2024-09-14,2024-09-16,2024-09-20,21,None
S003972,T003972,D020,A005,2025-03-26,2025-03-29,2025-03-29,17,None
S003973,T003973,D012,A003,2025-09-24,2025-09-26,2025-10-01,77,Warehouse Delay
S003974,T003974,D028,A007,2025-06-20,2025-06-23,2025-06-23,19,None
S003975,T003975,D012,A003,2024-06-27,2024-06-28,2024-07-03,92,None
S003976,T003976,D037,A012,2025-12-18,2025-12-21,2025-12-22,17,None
S003977,T003977,D013,A004,2026-07-04,2026-07-07,2026-07-07,12,None
S003978,T003978,D020,A005,2026-01-01,2026-01-04,2026-01-04,10,None
S003979,T003979,D003,A001,2024-05-18,2024-05-20,2024-05-20,12,None
S003980,T003980,D016,A004,2026-03-26,2026-03-28,2026-03-28,7,None
S003981,T003981,D035,A010,2025-11-08,2025-11-10,2025-11-10,16,None
S003982,T003982,D031,A009,2026-04-30,2026-05-02,2026-05-04,24,None
S003983,T003983,D008,A002,2025-02-24,2025-02-25,2025-02-25,36,None
S003984,T003984,D009,A002,2024-04-04,2024-04-06,2024-04-07,20,Stock Delay
S003985,T003985,D031,A009,2026-06-13,2026-06-14,2026-06-14,28,None
S003986,T003986,D039,A013,2024-07-18,2024-07-20,2024-07-20,20,None
S003987,T003987,D007,A001,2026-01-03,2026-01-06,2026-01-07,14,Minor Transport Delay
S003988,T003988,D015,A004,2026-06-11,2026-06-12,2026-06-12,5,None
S003989,T003989,D017,A004,2024-09-28,2024-10-01,2024-10-01,14,None
S003990,T003990,D036,A011,2025-10-08,2025-10-11,2025-10-12,17,Stock Delay
S003991,T003991,D003,A001,2025-01-22,2025-01-25,2025-01-25,9,None
S003992,T003992,D008,A002,2024-05-05,2024-05-07,2024-05-07,27,None
S003993,T003993,D029,A008,2025-11-07,2025-11-09,2025-11-09,31,Stock Delay
S003994,T003994,D002,A001,2024-09-16,2024-09-19,2024-09-19,7,None
S003995,T003995,D017,A004,2025-06-24,2025-06-26,2025-06-26,14,None
S003996,T003996,D015,A004,2024-09-02,2024-09-03,2024-09-03,9,None
S003997,T003997,D015,A004,2026-08-24,2026-08-25,2026-08-25,7,None
S003998,T003998,D017,A004,2024-06-30,2024-07-03,2024-07-04,4,None
S003999,T003999,D025,A005,2026-06-28,2026-06-29,2026-06-29,15,None
S004000,T004000,D001,A001,2026-01-11,2026-01-12,2026-01-12,10,Minor Transport Delay
S004001,T004001,D020,A005,2026-01-30,2026-02-02,2026-02-02,17,Minor Transport Delay
S004002,T004002,D032,A009,2024-07-29,2024-07-30,2024-08-03,32,None
S004003,T004003,D029,A008,2024-01-14,2024-01-16,2024-01-17,30,None
S004004,T004004,D001,A001,2025-01-21,2025-01-24,2025-01-24,7,None
S004005,T004005,D003,A001,2025-09-13,2025-09-14,2025-09-14,16,None
S004006,T004006,D012,A003,2025-09-04,2025-09-07,2025-09-07,57,Dealer Stockout
S004007,T004007,D015,A004,2025-03-24,2025-03-26,2025-03-26,5,None
S004008,T004008,D015,A004,2024-01-03,2024-01-06,2024-01-08,5,None
S004009,T004009,D026,A006,2026-02-18,2026-02-19,2026-02-27,66,Dealer Stockout
S004010,T004010,D007,A001,2025-09-27,2025-09-29,2025-09-29,17,None
S004011,T004011,D006,A001,2024-05-16,2024-05-17,2024-05-17,10,None
S004012,T004012,D018,A004,2025-12-19,2025-12-22,2025-12-22,9,None
S004013,T004013,D028,A007,2026-02-20,2026-02-23,2026-02-24,32,Stock Delay
S004014,T004014,D010,A002,2024-06-16,2024-06-17,2024-06-18,21,None
S004015,T004015,D021,A005,2024-05-19,2024-05-21,2024-05-21,11,None
S004016,T004016,D012,A003,2024-09-09,2024-09-12,2024-09-20,40,Warehouse Delay
S004017,T004017,D036,A011,2024-06-22,2024-06-25,2024-06-27,22,None
S004018,T004018,D036,A011,2025-04-12,2025-04-15,2025-04-15,25,None
S004019,T004019,D016,A004,2025-12-20,2025-12-23,2025-12-23,13,None
S004020,T004020,D010,A002,2025-05-25,2025-05-28,2025-05-28,31,None
S004021,T004021,D014,A004,2025-02-03,2025-02-05,2025-02-05,8,None
S004022,T004022,D012,A003,2025-01-12,2025-01-13,2025-01-18,82,Warehouse Delay
S004023,T004023,D026,A006,2024-01-05,2024-01-07,2024-01-12,50,Transport Routing Delay
S004024,T004024,D035,A010,2026-04-07,2026-04-10,2026-04-10,16,None
S004025,T004025,D026,A006,2025-09-25,2025-09-27,2025-09-30,36,Parts Damage
S004026,T004026,D031,A009,2024-12-31,2025-01-03,2025-01-03,24,None
S004027,T004027,D015,A004,2026-05-15,2026-05-16,2026-05-16,5,None
S004028,T004028,D004,A001,2024-06-18,2024-06-19,2024-06-19,17,None
S004029,T004029,D029,A008,2025-06-23,2025-06-24,2025-06-26,23,None
S004030,T004030,D017,A004,2024-12-23,2024-12-26,2024-12-26,9,None
S004031,T004031,D026,A006,2024-06-10,2024-06-12,2024-06-17,66,Warehouse Delay
S004032,T004032,D012,A003,2024-02-08,2024-02-10,2024-02-15,62,None
S004033,T004033,D003,A001,2026-03-03,2026-03-05,2026-03-05,7,None
S004034,T004034,D040,A013,2025-07-27,2025-07-30,2025-07-31,23,None
S004035,T004035,D002,A001,2024-12-04,2024-12-05,2024-12-05,9,Minor Transport Delay
S004036,T004036,D040,A013,2025-03-05,2025-03-08,2025-03-10,13,None
S004037,T004037,D040,A013,2026-03-02,2026-03-03,2026-03-05,30,Stock Delay
S004038,T004038,D031,A009,2025-09-28,2025-10-01,2025-10-02,25,None
S004039,T004039,D026,A006,2026-03-16,2026-03-18,2026-03-21,79,Parts Damage
S004040,T004040,D023,A005,2025-09-23,2025-09-24,2025-09-24,7,None
S004041,T004041,D035,A010,2024-02-08,2024-02-09,2024-02-09,20,Stock Delay
S004042,T004042,D017,A004,2026-01-01,2026-01-02,2026-01-02,10,None
S004043,T004043,D016,A004,2026-06-29,2026-06-30,2026-07-01,12,None
S004044,T004044,D020,A005,2025-11-22,2025-11-24,2025-11-24,7,None
S004045,T004045,D015,A004,2025-03-03,2025-03-05,2025-03-05,10,None
S004046,T004046,D015,A004,2024-03-01,2024-03-03,2024-03-03,10,None
S004047,T004047,D015,A004,2026-06-25,2026-06-26,2026-06-26,13,None
S004048,T004048,D020,A005,2025-04-04,2025-04-07,2025-04-07,10,None
S004049,T004049,D034,A010,2025-11-05,2025-11-08,2025-11-09,21,None
S004050,T004050,D008,A002,2025-05-07,2025-05-09,2025-05-09,19,None
S004051,T004051,D039,A013,2024-03-03,2024-03-05,2024-03-05,14,None
S004052,T004052,D027,A007,2025-03-05,2025-03-07,2025-03-07,17,None
S004053,T004053,D031,A009,2024-03-30,2024-04-01,2024-04-03,29,None
S004054,T004054,D024,A005,2026-07-19,2026-07-20,2026-07-20,18,None
S004055,T004055,D033,A009,2025-05-25,2025-05-27,2025-05-27,25,None
S004056,T004056,D004,A001,2024-11-14,2024-11-16,2024-11-16,13,None
S004057,T004057,D032,A009,2026-07-10,2026-07-11,2026-07-12,34,None
S004058,T004058,D007,A001,2026-01-26,2026-01-27,2026-01-27,4,None
S004059,T004059,D036,A011,2025-08-10,2025-08-12,2025-08-12,13,None
S004060,T004060,D039,A013,2024-07-15,2024-07-16,2024-07-16,14,None
S004061,T004061,D018,A004,2024-03-12,2024-03-15,2024-03-15,9,None
S004062,T004062,D011,A002,2024-01-24,2024-01-26,2024-01-26,25,None
S004063,T004063,D033,A009,2024-01-15,2024-01-17,2024-01-17,15,None
S004064,T004064,D012,A003,2024-11-09,2024-11-12,2024-11-15,46,Dealer Stockout
S004065,T004065,D035,A010,2024-10-19,2024-10-20,2024-10-21,20,None
S004066,T004066,D006,A001,2026-06-18,2026-06-21,2026-06-21,4,None
S004067,T004067,D001,A001,2025-03-23,2025-03-25,2025-03-26,18,None
S004068,T004068,D038,A013,2024-06-10,2024-06-13,2024-06-14,23,None
S004069,T004069,D026,A006,2025-04-18,2025-04-19,2025-04-20,70,Dealer Stockout
S004070,T004070,D034,A010,2025-08-28,2025-08-31,2025-09-01,21,Stock Delay
S004071,T004071,D013,A004,2025-01-28,2025-01-31,2025-01-31,13,None
S004072,T004072,D026,A006,2024-11-17,2024-11-19,2024-11-24,54,None
S004073,T004073,D021,A005,2026-02-24,2026-02-25,2026-02-25,13,None
S004074,T004074,D019,A005,2025-01-14,2025-01-16,2025-01-17,18,None
S004075,T004075,D026,A006,2025-05-22,2025-05-24,2025-05-27,67,Parts Damage
S004076,T004076,D019,A005,2025-05-29,2025-05-31,2025-05-31,13,None
S004077,T004077,D013,A004,2024-05-07,2024-05-10,2024-05-10,11,Minor Transport Delay
S004078,T004078,D012,A003,2025-03-09,2025-03-10,2025-03-15,96,Dealer Stockout
S004079,T004079,D031,A009,2026-07-18,2026-07-21,2026-07-21,34,None
S004080,T004080,D011,A002,2025-05-10,2025-05-13,2025-05-13,32,None
S004081,T004081,D028,A007,2024-02-13,2024-02-14,2024-02-14,15,None
S004082,T004082,D008,A002,2026-02-03,2026-02-06,2026-02-07,33,None
S004083,T004083,D021,A005,2024-12-24,2024-12-26,2024-12-27,11,None
S004084,T004084,D029,A008,2026-01-04,2026-01-07,2026-01-09,18,Stock Delay
S004085,T004085,D011,A002,2025-05-16,2025-05-19,2025-05-19,14,Transport Delay
S004086,T004086,D001,A001,2025-03-09,2025-03-11,2025-03-11,12,None
S004087,T004087,D006,A001,2025-04-24,2025-04-27,2025-04-27,17,None
S004088,T004088,D019,A005,2026-05-30,2026-06-01,2026-06-01,13,None
S004089,T004089,D034,A010,2025-03-06,2025-03-09,2025-03-09,20,None
S004090,T004090,D003,A001,2025-08-05,2025-08-07,2025-08-07,15,None
S004091,T004091,D027,A007,2024-08-12,2024-08-15,2024-08-15,18,None
S004092,T004092,D015,A004,2026-08-11,2026-08-14,2026-08-14,10,None
S004093,T004093,D017,A004,2024-05-11,2024-05-12,2024-05-12,10,None
S004094,T004094,D040,A013,2025-07-25,2025-07-28,2025-07-30,30,None
S004095,T004095,D017,A004,2025-05-08,2025-05-11,2025-05-11,10,None
S004096,T004096,D017,A004,2025-03-11,2025-03-12,2025-03-12,6,None
S004097,T004097,D003,A001,2025-12-26,2025-12-28,2025-12-28,17,Minor Transport Delay
S004098,T004098,D007,A001,2024-12-21,2024-12-24,2024-12-24,10,None
S004099,T004099,D012,A003,2026-08-21,2026-08-22,2026-08-25,61,Transport Routing Delay
S004100,T004100,D007,A001,2024-01-11,2024-01-13,2024-01-13,5,None
S004101,T004101,D023,A005,2026-04-25,2026-04-27,2026-04-27,14,None
S004102,T004102,D017,A004,2025-01-06,2025-01-08,2025-01-08,10,None
S004103,T004103,D020,A005,2024-06-26,2024-06-27,2024-06-27,9,None
S004104,T004104,D010,A002,2025-05-17,2025-05-19,2025-05-19,35,None
S004105,T004105,D017,A004,2025-06-17,2025-06-18,2025-06-18,8,None
S004106,T004106,D026,A006,2024-08-10,2024-08-13,2024-08-14,49,Dealer Stockout
S004107,T004107,D039,A013,2024-11-11,2024-11-14,2024-11-14,26,None
S004108,T004108,D004,A001,2024-07-30,2024-08-01,2024-08-01,15,None
S004109,T004109,D036,A011,2024-03-23,2024-03-26,2024-03-27,36,None
S004110,T004110,D025,A005,2025-07-07,2025-07-10,2025-07-11,17,None
S004111,T004111,D024,A005,2025-08-19,2025-08-22,2025-08-22,10,Minor Transport Delay
S004112,T004112,D019,A005,2025-07-29,2025-07-30,2025-07-31,14,None
S004113,T004113,D001,A001,2024-04-06,2024-04-07,2024-04-07,5,None
S004114,T004114,D005,A001,2024-01-31,2024-02-01,2024-02-01,10,None
S004115,T004115,D022,A005,2025-10-28,2025-10-31,2025-10-31,6,None
S004116,T004116,D014,A004,2024-06-11,2024-06-13,2024-06-13,8,None
S004117,T004117,D037,A012,2025-12-01,2025-12-04,2025-12-04,17,None
S004118,T004118,D015,A004,2024-02-01,2024-02-02,2024-02-02,7,None
S004119,T004119,D002,A001,2025-11-13,2025-11-14,2025-11-14,6,None
S004120,T004120,D028,A007,2024-05-09,2024-05-12,2024-05-12,34,None
S004121,T004121,D013,A004,2025-08-19,2025-08-21,2025-08-21,16,None
S004122,T004122,D020,A005,2024-02-25,2024-02-27,2024-02-27,12,None
S004123,T004123,D027,A007,2024-05-08,2024-05-10,2024-05-10,21,Stock Delay
S004124,T004124,D037,A012,2026-03-25,2026-03-28,2026-03-28,23,None
S004125,T004125,D031,A009,2025-06-03,2025-06-04,2025-06-06,34,None
S004126,T004126,D026,A006,2025-08-24,2025-08-26,2025-08-29,53,Transport Routing Delay
S004127,T004127,D026,A006,2026-01-13,2026-01-15,2026-01-23,64,Transport Routing Delay
S004128,T004128,D039,A013,2025-06-04,2025-06-05,2025-06-09,34,Transport Delay
S004129,T004129,D016,A004,2024-04-21,2024-04-24,2024-04-24,14,None
S004130,T004130,D005,A001,2025-11-13,2025-11-14,2025-11-15,6,None
S004131,T004131,D012,A003,2025-08-17,2025-08-19,2025-08-20,90,Warehouse Delay
S004132,T004132,D010,A002,2025-04-14,2025-04-16,2025-04-18,14,None
S004133,T004133,D026,A006,2024-12-17,2024-12-19,2024-12-19,83,None
S004134,T004134,D019,A005,2025-12-25,2025-12-28,2025-12-29,15,None
S004135,T004135,D024,A005,2025-02-13,2025-02-15,2025-02-15,6,Minor Transport Delay
S004136,T004136,D006,A001,2025-10-28,2025-10-30,2025-11-01,16,None
S004137,T004137,D028,A007,2026-04-06,2026-04-07,2026-04-08,21,None
S004138,T004138,D016,A004,2024-02-01,2024-02-03,2024-02-03,16,None
S004139,T004139,D026,A006,2024-02-05,2024-02-08,2024-02-11,38,None
S004140,T004140,D020,A005,2024-01-01,2024-01-02,2024-01-02,17,None
S004141,T004141,D018,A004,2025-12-30,2026-01-02,2026-01-03,5,Minor Transport Delay
S004142,T004142,D001,A001,2026-02-15,2026-02-18,2026-02-18,10,None
S004143,T004143,D002,A001,2025-03-29,2025-03-30,2025-03-30,11,None
S004144,T004144,D035,A010,2025-05-30,2025-06-01,2025-06-01,27,None
S004145,T004145,D037,A012,2025-08-16,2025-08-19,2025-08-19,24,None
S004146,T004146,D022,A005,2026-04-04,2026-04-05,2026-04-05,11,None
S004147,T004147,D003,A001,2025-02-04,2025-02-06,2025-02-06,7,None
S004148,T004148,D018,A004,2025-09-03,2025-09-06,2025-09-07,9,None
S004149,T004149,D028,A007,2026-02-03,2026-02-06,2026-02-07,36,None
S004150,T004150,D033,A009,2025-06-30,2025-07-01,2025-07-03,22,None
S004151,T004151,D002,A001,2025-08-26,2025-08-27,2025-08-27,18,None
S004152,T004152,D003,A001,2025-05-22,2025-05-25,2025-05-26,14,None
S004153,T004153,D027,A007,2024-11-09,2024-11-10,2024-11-11,24,None
S004154,T004154,D017,A004,2026-03-17,2026-03-20,2026-03-20,4,None
S004155,T004155,D012,A003,2026-06-29,2026-06-30,2026-07-03,69,Transport Routing Delay
S004156,T004156,D003,A001,2025-02-05,2025-02-08,2025-02-08,8,None
S004157,T004157,D020,A005,2026-05-14,2026-05-17,2026-05-17,13,None
S004158,T004158,D035,A010,2024-04-17,2024-04-18,2024-04-19,22,Transport Delay
S004159,T004159,D041,A013,2024-03-10,2024-03-11,2024-03-11,18,Transport Delay
S004160,T004160,D021,A005,2024-05-08,2024-05-11,2024-05-11,8,None
S004161,T004161,D020,A005,2025-01-02,2025-01-03,2025-01-03,18,None
S004162,T004162,D002,A001,2026-02-12,2026-02-15,2026-02-15,15,None
S004163,T004163,D020,A005,2025-11-08,2025-11-10,2025-11-10,6,None
S004164,T004164,D017,A004,2025-10-01,2025-10-04,2025-10-04,14,None
S004165,T004165,D020,A005,2024-09-09,2024-09-12,2024-09-12,14,None
S004166,T004166,D016,A004,2026-05-23,2026-05-24,2026-05-26,10,None
S004167,T004167,D012,A003,2026-07-06,2026-07-07,2026-07-15,85,None
S004168,T004168,D001,A001,2025-10-25,2025-10-28,2025-10-28,11,None
S004169,T004169,D016,A004,2024-10-20,2024-10-23,2024-10-23,7,None
S004170,T004170,D005,A001,2024-07-20,2024-07-21,2024-07-21,16,None
S004171,T004171,D011,A002,2025-12-23,2025-12-24,2025-12-24,24,None
S004172,T004172,D038,A013,2025-04-28,2025-04-30,2025-05-02,29,None
S004173,T004173,D013,A004,2024-08-15,2024-08-16,2024-08-16,11,None
S004174,T004174,D021,A005,2025-03-24,2025-03-26,2025-03-26,11,None
S004175,T004175,D036,A011,2025-12-22,2025-12-25,2025-12-26,31,None
S004176,T004176,D039,A013,2024-03-01,2024-03-02,2024-03-03,26,None
S004177,T004177,D021,A005,2024-02-04,2024-02-07,2024-02-07,18,None
S004178,T004178,D030,A009,2024-08-02,2024-08-03,2024-08-03,27,None
S004179,T004179,D017,A004,2026-06-11,2026-06-12,2026-06-12,13,None
S004180,T004180,D014,A004,2025-01-22,2025-01-24,2025-01-24,11,None
S004181,T004181,D016,A004,2024-10-15,2024-10-17,2024-10-17,8,None
S004182,T004182,D026,A006,2024-11-19,2024-11-21,2024-11-24,47,Transport Routing Delay
S004183,T004183,D026,A006,2026-04-06,2026-04-09,2026-04-14,88,Transport Routing Delay
S004184,T004184,D015,A004,2024-05-22,2024-05-24,2024-05-24,13,None
S004185,T004185,D006,A001,2024-04-25,2024-04-28,2024-04-28,5,None
S004186,T004186,D025,A005,2024-04-24,2024-04-27,2024-04-27,18,None
S004187,T004187,D005,A001,2026-06-04,2026-06-05,2026-06-05,10,None
S004188,T004188,D022,A005,2024-02-07,2024-02-09,2024-02-09,10,None
S004189,T004189,D027,A007,2025-09-15,2025-09-16,2025-09-17,18,Transport Delay
S004190,T004190,D027,A007,2024-09-22,2024-09-24,2024-09-25,17,Stock Delay
S004191,T004191,D029,A008,2024-02-22,2024-02-25,2024-02-25,35,Stock Delay
S004192,T004192,D036,A011,2025-12-05,2025-12-06,2025-12-07,30,None
S004193,T004193,D023,A005,2026-06-25,2026-06-26,2026-06-26,9,None
S004194,T004194,D027,A007,2024-11-20,2024-11-22,2024-11-23,28,Transport Delay
S004195,T004195,D020,A005,2025-02-16,2025-02-19,2025-02-19,17,None
S004196,T004196,D009,A002,2024-10-02,2024-10-05,2024-10-07,16,None
S004197,T004197,D001,A001,2025-11-12,2025-11-15,2025-11-15,16,None
S004198,T004198,D018,A004,2025-06-07,2025-06-10,2025-06-10,18,None
S004199,T004199,D015,A004,2025-05-07,2025-05-10,2025-05-11,18,Minor Transport Delay
S004200,T004200,D022,A005,2024-01-26,2024-01-29,2024-01-29,14,Minor Transport Delay
S004201,T004201,D035,A010,2026-02-09,2026-02-12,2026-02-12,28,None
S004202,T004202,D009,A002,2026-07-29,2026-08-01,2026-08-01,35,None
S004203,T004203,D001,A001,2026-03-01,2026-03-04,2026-03-06,18,Minor Transport Delay
S004204,T004204,D039,A013,2025-06-06,2025-06-09,2025-06-09,36,Transport Delay
S004205,T004205,D002,A001,2024-12-22,2024-12-25,2024-12-25,17,None
S004206,T004206,D017,A004,2025-01-04,2025-01-06,2025-01-06,5,None
S004207,T004207,D020,A005,2024-11-21,2024-11-24,2024-11-25,18,None
S004208,T004208,D025,A005,2024-01-04,2024-01-05,2024-01-05,7,None
S004209,T004209,D002,A001,2025-06-01,2025-06-03,2025-06-03,9,None
S004210,T004210,D005,A001,2024-01-10,2024-01-12,2024-01-12,16,None
S004211,T004211,D003,A001,2025-03-29,2025-03-31,2025-04-01,12,None
S004212,T004212,D024,A005,2024-05-22,2024-05-23,2024-05-23,15,None
S004213,T004213,D023,A005,2025-03-03,2025-03-06,2025-03-06,12,None
S004214,T004214,D009,A002,2024-11-01,2024-11-03,2024-11-03,33,None
S004215,T004215,D023,A005,2024-06-28,2024-06-29,2024-06-29,17,None
S004216,T004216,D031,A009,2025-06-17,2025-06-20,2025-06-21,24,None
S004217,T004217,D006,A001,2024-08-06,2024-08-07,2024-08-07,7,None
S004218,T004218,D023,A005,2024-10-27,2024-10-28,2024-10-28,6,None
S004219,T004219,D027,A007,2025-06-10,2025-06-11,2025-06-11,18,None
S004220,T004220,D012,A003,2025-09-15,2025-09-18,2025-09-23,54,Warehouse Delay
S004221,T004221,D016,A004,2024-10-15,2024-10-16,2024-10-16,10,None
S004222,T004222,D021,A005,2026-05-23,2026-05-26,2026-05-26,14,None
S004223,T004223,D037,A012,2025-12-31,2026-01-01,2026-01-01,19,Stock Delay
S004224,T004224,D031,A009,2026-02-08,2026-02-11,2026-02-11,22,None
S004225,T004225,D025,A005,2024-01-03,2024-01-06,2024-01-06,13,None
S004226,T004226,D028,A007,2024-06-04,2024-06-07,2024-06-07,36,Stock Delay
S004227,T004227,D013,A004,2025-06-07,2025-06-10,2025-06-10,4,None
S004228,T004228,D022,A005,2026-02-04,2026-02-07,2026-02-07,4,None
S004229,T004229,D013,A004,2024-10-30,2024-11-02,2024-11-02,5,None
S004230,T004230,D010,A002,2024-07-23,2024-07-26,2024-07-27,35,None
S004231,T004231,D027,A007,2026-07-12,2026-07-14,2026-07-14,12,None
S004232,T004232,D022,A005,2025-07-12,2025-07-14,2025-07-14,11,None
S004233,T004233,D014,A004,2026-07-19,2026-07-21,2026-07-21,17,None
S004234,T004234,D037,A012,2024-06-05,2024-06-06,2024-06-07,30,None
S004235,T004235,D006,A001,2024-09-17,2024-09-18,2024-09-18,16,None
S004236,T004236,D013,A004,2025-12-04,2025-12-05,2025-12-05,9,None
S004237,T004237,D006,A001,2025-11-05,2025-11-07,2025-11-07,15,None
S004238,T004238,D033,A009,2025-03-31,2025-04-02,2025-04-03,19,Transport Delay
S004239,T004239,D027,A007,2026-03-05,2026-03-07,2026-03-08,20,None
S004240,T004240,D015,A004,2024-12-31,2025-01-03,2025-01-04,6,None
S004241,T004241,D026,A006,2024-10-26,2024-10-29,2024-10-30,36,Warehouse Delay
S004242,T004242,D017,A004,2025-11-18,2025-11-21,2025-11-21,16,None
S004243,T004243,D029,A008,2024-05-22,2024-05-24,2024-05-26,29,None
S004244,T004244,D014,A004,2025-03-03,2025-03-05,2025-03-05,4,None
S004245,T004245,D013,A004,2025-05-03,2025-05-04,2025-05-06,6,None
S004246,T004246,D038,A013,2024-08-25,2024-08-28,2024-08-28,13,None
S004247,T004247,D012,A003,2025-01-09,2025-01-12,2025-01-17,67,Dealer Stockout
S004248,T004248,D007,A001,2024-06-04,2024-06-05,2024-06-05,12,Minor Transport Delay
S004249,T004249,D019,A005,2026-02-15,2026-02-18,2026-02-19,11,None
S004250,T004250,D040,A013,2024-08-03,2024-08-06,2024-08-07,16,Stock Delay
S004251,T004251,D015,A004,2026-01-25,2026-01-26,2026-01-26,4,None
S004252,T004252,D003,A001,2026-04-20,2026-04-22,2026-04-22,14,None
S004253,T004253,D017,A004,2025-10-26,2025-10-29,2025-10-29,4,None
S004254,T004254,D025,A005,2026-04-29,2026-05-02,2026-05-02,11,None
S004255,T004255,D005,A001,2024-01-29,2024-01-31,2024-01-31,6,None
S004256,T004256,D026,A006,2024-06-23,2024-06-24,2024-06-29,66,Dealer Stockout
S004257,T004257,D041,A013,2025-08-09,2025-08-10,2025-08-11,34,None
S004258,T004258,D016,A004,2026-08-20,2026-08-23,2026-08-23,7,None
S004259,T004259,D016,A004,2025-06-24,2025-06-27,2025-06-27,18,Minor Transport Delay
S004260,T004260,D015,A004,2025-11-21,2025-11-23,2025-11-23,11,None
S004261,T004261,D005,A001,2025-01-22,2025-01-24,2025-01-25,11,None
S004262,T004262,D036,A011,2026-01-17,2026-01-19,2026-01-21,27,None
S004263,T004263,D013,A004,2025-07-25,2025-07-28,2025-07-28,10,None
S004264,T004264,D017,A004,2025-10-16,2025-10-18,2025-10-19,6,None
S004265,T004265,D026,A006,2024-01-05,2024-01-06,2024-01-09,85,Transport Routing Delay
S004266,T004266,D013,A004,2024-05-20,2024-05-23,2024-05-23,9,None
S004267,T004267,D021,A005,2024-05-15,2024-05-17,2024-05-17,8,Minor Transport Delay
S004268,T004268,D001,A001,2024-08-10,2024-08-13,2024-08-13,7,None
S004269,T004269,D030,A009,2025-04-15,2025-04-16,2025-04-16,32,None
S004270,T004270,D040,A013,2024-09-06,2024-09-08,2024-09-10,17,None
S004271,T004271,D023,A005,2024-08-23,2024-08-26,2024-08-26,7,Minor Transport Delay
S004272,T004272,D040,A013,2024-09-03,2024-09-05,2024-09-05,34,Stock Delay
S004273,T004273,D001,A001,2025-06-18,2025-06-21,2025-06-23,7,None
S004274,T004274,D017,A004,2026-05-06,2026-05-07,2026-05-07,17,None
S004275,T004275,D021,A005,2025-09-26,2025-09-29,2025-09-29,15,None
S004276,T004276,D021,A005,2026-01-14,2026-01-15,2026-01-15,14,None
S004277,T004277,D013,A004,2024-10-09,2024-10-12,2024-10-14,4,None
S004278,T004278,D016,A004,2025-06-30,2025-07-03,2025-07-03,17,None
S004279,T004279,D003,A001,2025-08-11,2025-08-13,2025-08-13,10,None
S004280,T004280,D013,A004,2025-11-10,2025-11-13,2025-11-13,9,None
S004281,T004281,D011,A002,2025-07-08,2025-07-11,2025-07-12,13,None
S004282,T004282,D027,A007,2024-10-27,2024-10-28,2024-10-29,27,Transport Delay
S004283,T004283,D011,A002,2025-10-01,2025-10-03,2025-10-05,13,None
S004284,T004284,D002,A001,2026-04-04,2026-04-07,2026-04-07,16,None
S004285,T004285,D022,A005,2026-04-01,2026-04-04,2026-04-04,18,None
S004286,T004286,D022,A005,2024-11-23,2024-11-25,2024-11-25,10,None
S004287,T004287,D036,A011,2024-05-01,2024-05-03,2024-05-04,22,None
S004288,T004288,D024,A005,2025-03-05,2025-03-06,2025-03-07,10,None
S004289,T004289,D018,A004,2024-06-12,2024-06-13,2024-06-13,6,None
S004290,T004290,D030,A009,2024-06-19,2024-06-21,2024-06-22,31,None
S004291,T004291,D023,A005,2025-01-10,2025-01-13,2025-01-13,13,Minor Transport Delay
S004292,T004292,D001,A001,2025-10-01,2025-10-03,2025-10-03,12,None
S004293,T004293,D024,A005,2024-12-22,2024-12-25,2024-12-25,18,None
S004294,T004294,D037,A012,2024-03-04,2024-03-06,2024-03-06,25,None
S004295,T004295,D015,A004,2025-01-12,2025-01-14,2025-01-16,4,None
S004296,T004296,D016,A004,2026-02-08,2026-02-10,2026-02-10,15,Minor Transport Delay
S004297,T004297,D003,A001,2026-02-06,2026-02-07,2026-02-07,15,None
S004298,T004298,D007,A001,2025-03-31,2025-04-02,2025-04-02,7,None
S004299,T004299,D013,A004,2026-01-14,2026-01-16,2026-01-18,4,None
S004300,T004300,D022,A005,2024-06-11,2024-06-13,2024-06-13,6,None
S004301,T004301,D005,A001,2025-11-08,2025-11-10,2025-11-10,8,None
S004302,T004302,D039,A013,2026-01-30,2026-02-01,2026-02-05,34,None
S004303,T004303,D029,A008,2026-07-06,2026-07-08,2026-07-08,32,Transport Delay
S004304,T004304,D024,A005,2024-07-18,2024-07-20,2024-07-20,17,None
S004305,T004305,D035,A010,2026-01-20,2026-01-23,2026-01-25,26,Stock Delay
S004306,T004306,D006,A001,2026-01-14,2026-01-17,2026-01-17,5,None
S004307,T004307,D018,A004,2024-11-26,2024-11-29,2024-11-29,6,None
S004308,T004308,D023,A005,2024-02-26,2024-02-28,2024-02-28,11,None
S004309,T004309,D035,A010,2024-07-18,2024-07-20,2024-07-20,32,None
S004310,T004310,D031,A009,2025-12-18,2025-12-20,2025-12-20,17,None
S004311,T004311,D012,A003,2024-02-17,2024-02-18,2024-02-19,42,Transport Routing Delay
S004312,T004312,D041,A013,2025-04-21,2025-04-22,2025-04-22,12,None
S004313,T004313,D004,A001,2025-08-12,2025-08-15,2025-08-15,5,None
S004314,T004314,D036,A011,2024-01-10,2024-01-12,2024-01-12,34,None
S004315,T004315,D038,A013,2025-12-05,2025-12-06,2025-12-07,32,None
S004316,T004316,D011,A002,2025-04-17,2025-04-18,2025-04-20,17,Stock Delay
S004317,T004317,D027,A007,2024-05-27,2024-05-29,2024-05-29,14,None
S004318,T004318,D005,A001,2024-03-09,2024-03-12,2024-03-12,10,None
S004319,T004319,D014,A004,2024-12-09,2024-12-10,2024-12-11,10,None
S004320,T004320,D023,A005,2024-06-10,2024-06-11,2024-06-11,10,None
S004321,T004321,D024,A005,2026-07-18,2026-07-20,2026-07-20,15,None
S004322,T004322,D039,A013,2025-02-06,2025-02-07,2025-02-07,12,None
S004323,T004323,D026,A006,2024-08-19,2024-08-20,2024-08-21,85,Warehouse Delay
S004324,T004324,D018,A004,2025-03-18,2025-03-20,2025-03-20,9,None
S004325,T004325,D032,A009,2024-08-27,2024-08-30,2024-08-30,17,None
S004326,T004326,D038,A013,2025-12-09,2025-12-11,2025-12-15,20,None
S004327,T004327,D006,A001,2024-06-19,2024-06-22,2024-06-22,5,None
S004328,T004328,D038,A013,2025-01-09,2025-01-10,2025-01-10,28,None
S004329,T004329,D004,A001,2024-08-17,2024-08-18,2024-08-18,16,None
S004330,T004330,D033,A009,2024-10-30,2024-11-01,2024-11-03,16,None
S004331,T004331,D012,A003,2024-01-31,2024-02-01,2024-02-09,58,Warehouse Delay
S004332,T004332,D001,A001,2025-01-07,2025-01-10,2025-01-11,4,None
S004333,T004333,D016,A004,2026-06-29,2026-07-01,2026-07-01,6,None
S004334,T004334,D024,A005,2025-08-23,2025-08-26,2025-08-26,10,None
S004335,T004335,D015,A004,2025-07-28,2025-07-31,2025-07-31,10,None
S004336,T004336,D001,A001,2024-02-05,2024-02-08,2024-02-08,14,None
S004337,T004337,D019,A005,2025-05-09,2025-05-12,2025-05-13,11,None
S004338,T004338,D037,A012,2026-06-05,2026-06-06,2026-06-06,28,None
S004339,T004339,D014,A004,2024-03-09,2024-03-10,2024-03-10,7,None
S004340,T004340,D010,A002,2026-04-06,2026-04-08,2026-04-09,12,None
S004341,T004341,D016,A004,2025-03-09,2025-03-10,2025-03-10,8,None
S004342,T004342,D004,A001,2024-10-10,2024-10-12,2024-10-12,6,Minor Transport Delay
S004343,T004343,D033,A009,2026-02-27,2026-02-28,2026-02-28,16,None
S004344,T004344,D035,A010,2026-07-13,2026-07-15,2026-07-15,33,None
S004345,T004345,D019,A005,2024-10-03,2024-10-06,2024-10-06,13,None
S004346,T004346,D017,A004,2025-07-25,2025-07-27,2025-07-27,17,None
S004347,T004347,D032,A009,2024-09-09,2024-09-11,2024-09-12,36,Transport Delay
S004348,T004348,D024,A005,2026-04-18,2026-04-19,2026-04-20,18,None
S004349,T004349,D035,A010,2026-02-11,2026-02-14,2026-02-14,35,None
S004350,T004350,D019,A005,2024-11-27,2024-11-30,2024-12-01,13,None
S004351,T004351,D030,A009,2025-07-13,2025-07-15,2025-07-15,18,None
S004352,T004352,D019,A005,2024-12-14,2024-12-17,2024-12-18,5,None
S004353,T004353,D013,A004,2024-12-13,2024-12-16,2024-12-16,14,None
S004354,T004354,D041,A013,2026-04-09,2026-04-12,2026-04-13,32,None
S004355,T004355,D025,A005,2024-08-29,2024-08-30,2024-08-30,10,None
S004356,T004356,D019,A005,2026-06-30,2026-07-03,2026-07-03,18,Minor Transport Delay
S004357,T004357,D011,A002,2025-04-03,2025-04-05,2025-04-06,16,None
S004358,T004358,D024,A005,2025-12-02,2025-12-05,2025-12-05,12,None
S004359,T004359,D025,A005,2024-06-11,2024-06-13,2024-06-14,8,None
S004360,T004360,D010,A002,2025-08-21,2025-08-24,2025-08-25,31,None
S004361,T004361,D004,A001,2024-01-05,2024-01-08,2024-01-08,7,None
S004362,T004362,D025,A005,2024-09-22,2024-09-24,2024-09-24,14,None
S004363,T004363,D030,A009,2026-02-16,2026-02-18,2026-02-18,28,None
S004364,T004364,D019,A005,2024-10-19,2024-10-22,2024-10-22,4,None
S004365,T004365,D011,A002,2024-10-24,2024-10-25,2024-10-25,23,None
S004366,T004366,D026,A006,2026-06-15,2026-06-18,2026-06-26,92,Dealer Stockout
S004367,T004367,D002,A001,2026-02-26,2026-02-27,2026-02-27,6,Minor Transport Delay
S004368,T004368,D018,A004,2025-07-19,2025-07-21,2025-07-21,5,None
S004369,T004369,D008,A002,2026-07-03,2026-07-06,2026-07-08,23,Stock Delay
S004370,T004370,D010,A002,2025-05-16,2025-05-18,2025-05-19,15,None
S004371,T004371,D010,A002,2026-05-25,2026-05-26,2026-05-27,21,Stock Delay
S004372,T004372,D017,A004,2024-08-12,2024-08-14,2024-08-14,18,None
S004373,T004373,D006,A001,2025-10-16,2025-10-19,2025-10-19,13,None
S004374,T004374,D013,A004,2025-08-26,2025-08-27,2025-08-27,10,None
S004375,T004375,D020,A005,2024-07-01,2024-07-04,2024-07-05,10,None
S004376,T004376,D016,A004,2025-12-05,2025-12-06,2025-12-06,12,None
S004377,T004377,D014,A004,2025-04-26,2025-04-27,2025-04-28,5,None
S004378,T004378,D035,A010,2024-12-13,2024-12-15,2024-12-17,35,Stock Delay
S004379,T004379,D002,A001,2026-07-15,2026-07-16,2026-07-17,4,None
S004380,T004380,D022,A005,2024-03-23,2024-03-24,2024-03-24,13,None
S004381,T004381,D001,A001,2024-05-16,2024-05-18,2024-05-18,13,None
S004382,T004382,D002,A001,2026-03-06,2026-03-09,2026-03-09,5,Minor Transport Delay
S004383,T004383,D024,A005,2024-10-15,2024-10-16,2024-10-16,4,None
S004384,T004384,D020,A005,2026-01-23,2026-01-24,2026-01-25,10,None
S004385,T004385,D036,A011,2025-04-24,2025-04-27,2025-04-28,25,None
S004386,T004386,D024,A005,2024-09-20,2024-09-22,2024-09-22,6,None
S004387,T004387,D038,A013,2024-03-22,2024-03-23,2024-03-23,29,None
S004388,T004388,D002,A001,2026-01-29,2026-02-01,2026-02-01,4,None
S004389,T004389,D005,A001,2025-04-02,2025-04-05,2025-04-05,13,None
S004390,T004390,D002,A001,2024-07-11,2024-07-14,2024-07-15,6,None
S004391,T004391,D009,A002,2026-08-21,2026-08-22,2026-08-22,16,None
S004392,T004392,D022,A005,2025-05-03,2025-05-04,2025-05-04,8,None
S004393,T004393,D021,A005,2024-02-19,2024-02-20,2024-02-20,12,None
S004394,T004394,D002,A001,2024-04-05,2024-04-07,2024-04-07,10,Minor Transport Delay
S004395,T004395,D041,A013,2024-07-13,2024-07-14,2024-07-15,24,None
S004396,T004396,D035,A010,2025-07-09,2025-07-12,2025-07-14,17,Stock Delay
S004397,T004397,D018,A004,2026-03-25,2026-03-27,2026-03-27,18,None
S004398,T004398,D005,A001,2026-03-01,2026-03-02,2026-03-02,12,None
S004399,T004399,D011,A002,2026-02-09,2026-02-10,2026-02-12,30,None
S004400,T004400,D007,A001,2024-09-07,2024-09-10,2024-09-10,9,None
S004401,T004401,D006,A001,2024-02-25,2024-02-27,2024-02-27,5,None
S004402,T004402,D024,A005,2025-12-21,2025-12-23,2025-12-23,8,None
S004403,T004403,D012,A003,2025-06-21,2025-06-22,2025-06-25,84,Transport Routing Delay
S004404,T004404,D016,A004,2024-08-08,2024-08-10,2024-08-10,5,None
S004405,T004405,D040,A013,2025-09-25,2025-09-27,2025-09-28,22,Transport Delay
S004406,T004406,D027,A007,2025-12-22,2025-12-23,2025-12-24,22,None
S004407,T004407,D039,A013,2025-10-09,2025-10-12,2025-10-12,31,None
S004408,T004408,D004,A001,2025-05-14,2025-05-16,2025-05-16,14,None
S004409,T004409,D017,A004,2025-01-23,2025-01-25,2025-01-25,13,Minor Transport Delay
S004410,T004410,D022,A005,2025-11-26,2025-11-29,2025-11-29,11,None
S004411,T004411,D002,A001,2026-04-09,2026-04-10,2026-04-10,12,None
S004412,T004412,D001,A001,2026-03-18,2026-03-19,2026-03-19,6,None
S004413,T004413,D026,A006,2025-09-02,2025-09-04,2025-09-05,41,Dealer Stockout
S004414,T004414,D023,A005,2024-12-14,2024-12-16,2024-12-17,16,None
S004415,T004415,D017,A004,2025-12-17,2025-12-19,2025-12-19,15,None
S004416,T004416,D013,A004,2025-11-10,2025-11-11,2025-11-11,8,None
S004417,T004417,D017,A004,2025-12-12,2025-12-13,2025-12-13,14,None
S004418,T004418,D006,A001,2026-07-10,2026-07-12,2026-07-13,15,None
S004419,T004419,D016,A004,2024-12-23,2024-12-26,2024-12-26,8,None
S004420,T004420,D008,A002,2026-08-30,2026-08-31,2026-08-31,30,None
S004421,T004421,D003,A001,2024-03-06,2024-03-09,2024-03-09,18,None
S004422,T004422,D039,A013,2024-12-01,2024-12-03,2024-12-03,33,None
S004423,T004423,D022,A005,2025-03-30,2025-04-01,2025-04-02,16,None
S004424,T004424,D028,A007,2025-06-28,2025-06-30,2025-06-30,18,None
S004425,T004425,D015,A004,2025-12-26,2025-12-29,2025-12-29,5,None
S004426,T004426,D016,A004,2024-03-17,2024-03-20,2024-03-20,17,None
S004427,T004427,D011,A002,2024-03-28,2024-03-31,2024-04-01,27,Stock Delay
S004428,T004428,D004,A001,2026-06-27,2026-06-29,2026-06-29,11,None
S004429,T004429,D011,A002,2024-06-04,2024-06-07,2024-06-07,15,Stock Delay
S004430,T004430,D032,A009,2026-02-25,2026-02-27,2026-02-27,28,None
S004431,T004431,D026,A006,2024-08-11,2024-08-13,2024-08-18,60,None
S004432,T004432,D023,A005,2025-01-15,2025-01-16,2025-01-17,9,None
S004433,T004433,D018,A004,2026-06-29,2026-07-01,2026-07-01,15,None
S004434,T004434,D038,A013,2026-02-03,2026-02-06,2026-02-06,28,None
S004435,T004435,D005,A001,2024-10-31,2024-11-02,2024-11-03,8,Minor Transport Delay
S004436,T004436,D012,A003,2024-07-06,2024-07-08,2024-07-08,75,Warehouse Delay
S004437,T004437,D017,A004,2024-07-28,2024-07-30,2024-07-30,7,None
S004438,T004438,D033,A009,2024-06-29,2024-07-01,2024-07-01,34,None
S004439,T004439,D038,A013,2025-08-20,2025-08-21,2025-08-22,22,None
S004440,T004440,D012,A003,2024-01-17,2024-01-20,2024-01-23,60,Dealer Stockout
S004441,T004441,D036,A011,2026-03-22,2026-03-24,2026-03-25,24,None
S004442,T004442,D035,A010,2026-06-10,2026-06-13,2026-06-15,13,Stock Delay
S004443,T004443,D008,A002,2024-04-02,2024-04-05,2024-04-06,36,Stock Delay
S004444,T004444,D014,A004,2026-06-13,2026-06-16,2026-06-16,15,None
S004445,T004445,D018,A004,2024-09-09,2024-09-11,2024-09-11,6,None
S004446,T004446,D039,A013,2026-02-22,2026-02-25,2026-02-25,35,None
S004447,T004447,D011,A002,2025-04-25,2025-04-26,2025-04-26,21,None
S004448,T004448,D030,A009,2025-04-30,2025-05-01,2025-05-02,31,None
S004449,T004449,D017,A004,2026-08-10,2026-08-12,2026-08-12,12,None
S004450,T004450,D028,A007,2024-01-10,2024-01-13,2024-01-13,19,None
S004451,T004451,D013,A004,2024-08-05,2024-08-07,2024-08-07,7,None
S004452,T004452,D022,A005,2024-01-21,2024-01-22,2024-01-22,16,None
S004453,T004453,D035,A010,2024-03-18,2024-03-20,2024-03-20,34,None
S004454,T004454,D030,A009,2025-06-22,2025-06-23,2025-06-24,32,None
S004455,T004455,D035,A010,2026-03-26,2026-03-27,2026-03-27,33,Transport Delay
S004456,T004456,D003,A001,2025-07-25,2025-07-26,2025-07-26,15,None
S004457,T004457,D027,A007,2025-12-08,2025-12-10,2025-12-11,33,None
S004458,T004458,D004,A001,2024-07-18,2024-07-21,2024-07-21,6,None
S004459,T004459,D018,A004,2024-06-30,2024-07-01,2024-07-01,9,Minor Transport Delay
S004460,T004460,D025,A005,2025-03-25,2025-03-28,2025-03-28,9,None
S004461,T004461,D015,A004,2026-04-02,2026-04-05,2026-04-05,8,None
S004462,T004462,D022,A005,2025-06-22,2025-06-24,2025-06-25,11,None
S004463,T004463,D040,A013,2024-11-24,2024-11-26,2024-11-27,28,None
S004464,T004464,D001,A001,2026-08-03,2026-08-06,2026-08-07,15,None
S004465,T004465,D026,A006,2026-08-15,2026-08-17,2026-08-20,83,Dealer Stockout
S004466,T004466,D015,A004,2026-02-07,2026-02-10,2026-02-10,12,None
S004467,T004467,D003,A001,2025-06-26,2025-06-27,2025-06-27,18,None
S004468,T004468,D006,A001,2026-04-23,2026-04-25,2026-04-25,16,Minor Transport Delay
S004469,T004469,D041,A013,2025-03-21,2025-03-24,2025-03-24,29,Stock Delay
S004470,T004470,D036,A011,2025-01-20,2025-01-22,2025-01-23,21,None
S004471,T004471,D037,A012,2026-08-16,2026-08-17,2026-08-17,26,None
S004472,T004472,D041,A013,2024-08-22,2024-08-24,2024-08-25,16,None
S004473,T004473,D011,A002,2026-07-30,2026-07-31,2026-08-01,31,Transport Delay
S004474,T004474,D013,A004,2024-07-04,2024-07-06,2024-07-06,12,None
S004475,T004475,D026,A006,2024-10-22,2024-10-23,2024-10-26,46,Dealer Stockout
S004476,T004476,D013,A004,2024-11-23,2024-11-26,2024-11-26,11,None
S004477,T004477,D013,A004,2025-10-01,2025-10-04,2025-10-04,6,None
S004478,T004478,D015,A004,2026-08-30,2026-09-01,2026-09-01,10,None
S004479,T004479,D023,A005,2026-02-08,2026-02-10,2026-02-10,13,None
S004480,T004480,D025,A005,2024-11-01,2024-11-04,2024-11-04,10,None
S004481,T004481,D004,A001,2025-10-23,2025-10-26,2025-10-26,11,None
S004482,T004482,D018,A004,2025-09-01,2025-09-04,2025-09-04,14,None
S004483,T004483,D019,A005,2024-09-07,2024-09-10,2024-09-10,8,Minor Transport Delay
S004484,T004484,D025,A005,2026-01-10,2026-01-12,2026-01-12,10,None
S004485,T004485,D010,A002,2024-07-04,2024-07-06,2024-07-06,27,None
S004486,T004486,D029,A008,2025-10-17,2025-10-18,2025-10-18,28,None
S004487,T004487,D004,A001,2025-01-13,2025-01-14,2025-01-14,18,None
S004488,T004488,D017,A004,2026-02-13,2026-02-16,2026-02-16,9,None
S004489,T004489,D031,A009,2024-05-09,2024-05-10,2024-05-12,13,None
S004490,T004490,D019,A005,2024-11-27,2024-11-28,2024-11-28,9,None
S004491,T004491,D012,A003,2025-01-23,2025-01-26,2025-01-29,38,Dealer Stockout
S004492,T004492,D027,A007,2025-08-08,2025-08-10,2025-08-10,17,None
S004493,T004493,D025,A005,2025-11-04,2025-11-06,2025-11-06,6,None
S004494,T004494,D031,A009,2026-08-18,2026-08-19,2026-08-20,36,None
S004495,T004495,D027,A007,2025-01-15,2025-01-16,2025-01-18,23,None
S004496,T004496,D021,A005,2026-08-13,2026-08-16,2026-08-16,4,None
S004497,T004497,D014,A004,2025-05-30,2025-06-02,2025-06-02,13,None
S004498,T004498,D005,A001,2025-05-16,2025-05-18,2025-05-18,9,None
S004499,T004499,D012,A003,2026-03-07,2026-03-09,2026-03-17,65,Parts Damage
S004500,T004500,D014,A004,2024-02-18,2024-02-20,2024-02-20,13,None
S004501,T004501,D024,A005,2024-09-10,2024-09-12,2024-09-13,10,None
S004502,T004502,D024,A005,2025-08-06,2025-08-09,2025-08-10,18,None
S004503,T004503,D013,A004,2025-12-03,2025-12-05,2025-12-05,9,None
S004504,T004504,D006,A001,2024-05-23,2024-05-25,2024-05-25,13,None
S004505,T004505,D025,A005,2026-01-28,2026-01-31,2026-01-31,18,None
S004506,T004506,D018,A004,2024-07-05,2024-07-06,2024-07-06,6,None
S004507,T004507,D028,A007,2024-10-23,2024-10-24,2024-10-24,31,None
S004508,T004508,D006,A001,2024-12-25,2024-12-27,2024-12-27,11,None
S004509,T004509,D023,A005,2025-07-18,2025-07-21,2025-07-22,11,None
S004510,T004510,D040,A013,2025-07-20,2025-07-23,2025-07-25,29,None
S004511,T004511,D010,A002,2024-01-08,2024-01-10,2024-01-11,36,None
S004512,T004512,D013,A004,2025-01-08,2025-01-11,2025-01-11,13,None
S004513,T004513,D004,A001,2025-06-18,2025-06-21,2025-06-22,4,None
S004514,T004514,D024,A005,2024-01-25,2024-01-26,2024-01-26,17,None
S004515,T004515,D022,A005,2025-04-04,2025-04-05,2025-04-05,12,None
S004516,T004516,D017,A004,2024-09-05,2024-09-07,2024-09-07,17,Minor Transport Delay
S004517,T004517,D025,A005,2026-08-25,2026-08-27,2026-08-27,13,None
S004518,T004518,D036,A011,2024-04-24,2024-04-27,2024-04-28,21,None
S004519,T004519,D008,A002,2025-05-05,2025-05-06,2025-05-08,25,None
S004520,T004520,D001,A001,2026-04-28,2026-04-30,2026-04-30,4,None
S004521,T004521,D034,A010,2026-05-31,2026-06-03,2026-06-05,25,None
S004522,T004522,D023,A005,2025-02-08,2025-02-10,2025-02-10,4,Minor Transport Delay
S004523,T004523,D036,A011,2025-01-15,2025-01-17,2025-01-18,26,Stock Delay
S004524,T004524,D025,A005,2026-03-20,2026-03-22,2026-03-22,4,None
S004525,T004525,D033,A009,2025-05-07,2025-05-10,2025-05-10,12,None
S004526,T004526,D015,A004,2025-12-05,2025-12-08,2025-12-08,13,None
S004527,T004527,D029,A008,2024-01-27,2024-01-30,2024-02-01,22,None
S004528,T004528,D037,A012,2024-12-16,2024-12-19,2024-12-19,23,Stock Delay
S004529,T004529,D020,A005,2024-02-17,2024-02-18,2024-02-18,5,None
S004530,T004530,D008,A002,2025-01-13,2025-01-15,2025-01-16,36,None
S004531,T004531,D012,A003,2025-02-19,2025-02-20,2025-02-23,43,Transport Routing Delay
S004532,T004532,D008,A002,2024-03-29,2024-04-01,2024-04-01,24,Transport Delay
S004533,T004533,D012,A003,2025-10-25,2025-10-26,2025-10-31,64,Warehouse Delay
S004534,T004534,D013,A004,2024-02-13,2024-02-15,2024-02-15,8,None
S004535,T004535,D023,A005,2025-08-24,2025-08-25,2025-08-25,4,None
S004536,T004536,D023,A005,2025-09-29,2025-09-30,2025-10-01,10,None
S004537,T004537,D015,A004,2025-09-30,2025-10-02,2025-10-02,9,None
S004538,T004538,D024,A005,2026-04-24,2026-04-25,2026-04-26,7,None
S004539,T004539,D002,A001,2025-07-29,2025-07-31,2025-07-31,6,None
S004540,T004540,D003,A001,2024-11-29,2024-12-02,2024-12-03,5,None
S004541,T004541,D009,A002,2024-08-29,2024-08-30,2024-08-31,36,None
S004542,T004542,D024,A005,2024-07-07,2024-07-09,2024-07-09,17,None
S004543,T004543,D011,A002,2025-02-15,2025-02-16,2025-02-17,13,Stock Delay
S004544,T004544,D013,A004,2024-09-23,2024-09-24,2024-09-24,15,None
S004545,T004545,D018,A004,2026-06-12,2026-06-15,2026-06-15,16,None
S004546,T004546,D033,A009,2025-05-22,2025-05-23,2025-05-25,15,None
S004547,T004547,D005,A001,2025-01-20,2025-01-23,2025-01-23,13,None
S004548,T004548,D020,A005,2024-03-16,2024-03-17,2024-03-19,12,Minor Transport Delay
S004549,T004549,D026,A006,2025-02-20,2025-02-23,2025-02-24,93,Dealer Stockout
S004550,T004550,D032,A009,2025-01-23,2025-01-24,2025-01-25,29,None
S004551,T004551,D038,A013,2025-01-25,2025-01-27,2025-01-27,25,None
S004552,T004552,D003,A001,2025-03-25,2025-03-26,2025-03-26,9,None
S004553,T004553,D002,A001,2025-03-27,2025-03-30,2025-03-30,10,None
S004554,T004554,D036,A011,2026-03-16,2026-03-19,2026-03-19,27,Stock Delay
S004555,T004555,D017,A004,2026-08-22,2026-08-24,2026-08-24,4,None
S004556,T004556,D023,A005,2025-10-25,2025-10-28,2025-10-28,5,None
S004557,T004557,D026,A006,2024-04-01,2024-04-03,2024-04-08,42,None
S004558,T004558,D026,A006,2024-06-25,2024-06-26,2024-06-27,94,Warehouse Delay
S004559,T004559,D038,A013,2026-07-07,2026-07-09,2026-07-09,20,None
S004560,T004560,D040,A013,2024-07-08,2024-07-10,2024-07-10,23,None
S004561,T004561,D027,A007,2025-09-05,2025-09-07,2025-09-08,21,None
S004562,T004562,D015,A004,2024-03-29,2024-04-01,2024-04-02,16,None
S004563,T004563,D036,A011,2026-08-12,2026-08-14,2026-08-15,20,None
S004564,T004564,D007,A001,2025-03-14,2025-03-15,2025-03-15,16,None
S004565,T004565,D011,A002,2024-09-09,2024-09-11,2024-09-13,35,None
S004566,T004566,D036,A011,2026-04-16,2026-04-19,2026-04-19,34,Stock Delay
S004567,T004567,D012,A003,2024-11-14,2024-11-16,2024-11-21,93,Dealer Stockout
S004568,T004568,D009,A002,2025-03-21,2025-03-22,2025-03-22,18,None
S004569,T004569,D003,A001,2024-12-15,2024-12-16,2024-12-16,6,None
S004570,T004570,D034,A010,2026-05-01,2026-05-02,2026-05-03,15,Stock Delay
S004571,T004571,D021,A005,2024-03-15,2024-03-16,2024-03-16,9,None
S004572,T004572,D026,A006,2026-03-02,2026-03-04,2026-03-07,59,Transport Routing Delay
S004573,T004573,D012,A003,2025-06-06,2025-06-08,2025-06-13,69,None
S004574,T004574,D029,A008,2025-03-25,2025-03-27,2025-03-27,24,None
S004575,T004575,D029,A008,2025-12-09,2025-12-10,2025-12-11,18,None
S004576,T004576,D013,A004,2026-01-20,2026-01-21,2026-01-21,11,None
S004577,T004577,D014,A004,2024-06-07,2024-06-09,2024-06-09,11,None
S004578,T004578,D011,A002,2024-10-25,2024-10-28,2024-10-28,28,Stock Delay
S004579,T004579,D038,A013,2025-08-17,2025-08-19,2025-08-20,29,Transport Delay
S004580,T004580,D024,A005,2025-04-13,2025-04-15,2025-04-15,6,Minor Transport Delay
S004581,T004581,D040,A013,2025-09-13,2025-09-14,2025-09-15,18,None
S004582,T004582,D018,A004,2026-06-25,2026-06-26,2026-06-28,17,None
S004583,T004583,D033,A009,2025-02-22,2025-02-24,2025-02-25,31,Transport Delay
S004584,T004584,D032,A009,2024-08-23,2024-08-26,2024-08-26,26,None
S004585,T004585,D027,A007,2024-02-02,2024-02-03,2024-02-03,34,None
S004586,T004586,D038,A013,2025-05-10,2025-05-13,2025-05-13,19,None
S004587,T004587,D014,A004,2025-07-21,2025-07-24,2025-07-24,7,None
S004588,T004588,D007,A001,2025-11-11,2025-11-14,2025-11-14,4,None
S004589,T004589,D026,A006,2025-07-07,2025-07-08,2025-07-09,63,Dealer Stockout
S004590,T004590,D027,A007,2026-06-11,2026-06-12,2026-06-13,34,None
S004591,T004591,D024,A005,2026-06-13,2026-06-14,2026-06-14,9,None
S004592,T004592,D009,A002,2025-07-30,2025-08-02,2025-08-04,23,None
S004593,T004593,D025,A005,2024-03-29,2024-03-31,2024-03-31,5,None
S004594,T004594,D016,A004,2024-01-13,2024-01-15,2024-01-16,7,None
S004595,T004595,D013,A004,2024-10-23,2024-10-24,2024-10-26,10,None
S004596,T004596,D020,A005,2026-04-09,2026-04-11,2026-04-12,11,None
S004597,T004597,D029,A008,2024-05-28,2024-05-30,2024-05-30,29,Transport Delay
S004598,T004598,D011,A002,2025-10-18,2025-10-19,2025-10-19,25,None
S004599,T004599,D017,A004,2024-10-23,2024-10-24,2024-10-24,11,None
S004600,T004600,D012,A003,2026-08-03,2026-08-04,2026-08-07,81,Transport Routing Delay
S004601,T004601,D008,A002,2024-02-08,2024-02-11,2024-02-11,23,None
S004602,T004602,D033,A009,2025-03-04,2025-03-06,2025-03-06,29,None
S004603,T004603,D037,A012,2026-02-20,2026-02-23,2026-02-25,33,Transport Delay
S004604,T004604,D015,A004,2024-02-12,2024-02-13,2024-02-13,7,None
S004605,T004605,D029,A008,2024-03-25,2024-03-27,2024-03-28,30,None
S004606,T004606,D036,A011,2025-09-09,2025-09-10,2025-09-10,13,None
S004607,T004607,D035,A010,2024-06-30,2024-07-01,2024-07-01,32,None
S004608,T004608,D010,A002,2025-05-19,2025-05-22,2025-05-24,32,None
S004609,T004609,D039,A013,2024-03-05,2024-03-06,2024-03-06,29,None
S004610,T004610,D014,A004,2024-06-05,2024-06-06,2024-06-06,13,None
S004611,T004611,D014,A004,2026-02-28,2026-03-02,2026-03-02,8,None
S004612,T004612,D006,A001,2024-09-11,2024-09-14,2024-09-16,18,None
S004613,T004613,D015,A004,2024-10-25,2024-10-28,2024-10-28,12,None
S004614,T004614,D003,A001,2025-09-06,2025-09-08,2025-09-08,4,None
S004615,T004615,D012,A003,2026-01-24,2026-01-26,2026-01-27,62,None
S004616,T004616,D017,A004,2024-09-04,2024-09-06,2024-09-06,14,None
S004617,T004617,D030,A009,2024-10-13,2024-10-15,2024-10-16,29,None
S004618,T004618,D036,A011,2026-06-14,2026-06-16,2026-06-17,13,None
S004619,T004619,D018,A004,2024-07-11,2024-07-13,2024-07-13,5,None
S004620,T004620,D034,A010,2026-02-23,2026-02-26,2026-02-27,12,None
S004621,T004621,D034,A010,2024-04-22,2024-04-24,2024-04-25,30,None
S004622,T004622,D030,A009,2024-02-19,2024-02-21,2024-02-21,14,Stock Delay
S004623,T004623,D002,A001,2026-08-01,2026-08-02,2026-08-02,4,None
S004624,T004624,D027,A007,2024-06-27,2024-06-29,2024-06-29,30,None
S004625,T004625,D040,A013,2024-05-13,2024-05-15,2024-05-15,19,None
S004626,T004626,D026,A006,2024-10-26,2024-10-29,2024-11-06,48,Dealer Stockout
S004627,T004627,D016,A004,2024-03-28,2024-03-30,2024-03-30,16,None
S004628,T004628,D022,A005,2026-08-01,2026-08-03,2026-08-03,16,None
S004629,T004629,D024,A005,2025-08-09,2025-08-10,2025-08-10,13,None
S004630,T004630,D019,A005,2026-05-11,2026-05-13,2026-05-13,11,None
S004631,T004631,D006,A001,2025-01-01,2025-01-03,2025-01-05,9,None
S004632,T004632,D016,A004,2026-03-29,2026-03-30,2026-03-30,8,None
S004633,T004633,D030,A009,2024-06-02,2024-06-03,2024-06-05,28,Stock Delay
S004634,T004634,D035,A010,2024-04-10,2024-04-12,2024-04-12,35,None
S004635,T004635,D003,A001,2025-08-18,2025-08-19,2025-08-19,11,None
S004636,T004636,D038,A013,2025-11-11,2025-11-14,2025-11-14,27,None
S004637,T004637,D014,A004,2024-06-03,2024-06-06,2024-06-06,14,None
S004638,T004638,D026,A006,2025-12-11,2025-12-14,2025-12-19,46,Transport Routing Delay
S004639,T004639,D029,A008,2025-06-23,2025-06-26,2025-06-27,28,None
S004640,T004640,D030,A009,2025-02-14,2025-02-17,2025-02-18,19,None
S004641,T004641,D040,A013,2026-06-05,2026-06-06,2026-06-06,17,None
S004642,T004642,D014,A004,2024-10-26,2024-10-29,2024-10-29,9,None
S004643,T004643,D035,A010,2024-08-10,2024-08-13,2024-08-15,26,None
S004644,T004644,D004,A001,2026-07-06,2026-07-09,2026-07-09,13,None
S004645,T004645,D028,A007,2025-02-15,2025-02-17,2025-02-17,22,None
S004646,T004646,D029,A008,2025-05-02,2025-05-03,2025-05-03,12,Stock Delay
S004647,T004647,D026,A006,2026-08-13,2026-08-15,2026-08-23,41,Transport Routing Delay
S004648,T004648,D012,A003,2024-07-30,2024-07-31,2024-08-01,79,Dealer Stockout
S004649,T004649,D036,A011,2026-05-27,2026-05-30,2026-06-03,32,Stock Delay
S004650,T004650,D011,A002,2024-06-15,2024-06-16,2024-06-20,27,None
S004651,T004651,D007,A001,2025-03-08,2025-03-09,2025-03-09,13,None
S004652,T004652,D028,A007,2024-10-24,2024-10-25,2024-10-26,35,None
S004653,T004653,D016,A004,2025-07-20,2025-07-21,2025-07-22,5,None
S004654,T004654,D035,A010,2024-07-29,2024-08-01,2024-08-01,33,None
S004655,T004655,D013,A004,2026-05-06,2026-05-08,2026-05-09,11,None
S004656,T004656,D011,A002,2026-08-23,2026-08-24,2026-08-24,36,None
S004657,T004657,D034,A010,2026-05-13,2026-05-16,2026-05-16,21,None
S004658,T004658,D025,A005,2024-03-22,2024-03-25,2024-03-25,4,None
S004659,T004659,D010,A002,2024-04-10,2024-04-13,2024-04-13,16,None
S004660,T004660,D028,A007,2025-02-04,2025-02-05,2025-02-05,36,None
S004661,T004661,D021,A005,2024-11-28,2024-11-29,2024-11-29,10,None
S004662,T004662,D023,A005,2026-03-22,2026-03-23,2026-03-23,16,None
S004663,T004663,D015,A004,2024-04-15,2024-04-18,2024-04-19,11,Minor Transport Delay
S004664,T004664,D034,A010,2026-08-11,2026-08-14,2026-08-15,32,None
S004665,T004665,D034,A010,2025-10-09,2025-10-12,2025-10-12,27,None
S004666,T004666,D027,A007,2025-10-16,2025-10-19,2025-10-19,33,None
S004667,T004667,D006,A001,2025-01-19,2025-01-20,2025-01-20,16,None
S004668,T004668,D035,A010,2024-04-19,2024-04-22,2024-04-22,20,None
S004669,T004669,D026,A006,2026-05-07,2026-05-08,2026-05-09,80,Dealer Stockout
S004670,T004670,D028,A007,2024-09-11,2024-09-14,2024-09-14,15,None
S004671,T004671,D015,A004,2024-06-08,2024-06-10,2024-06-11,5,None
S004672,T004672,D036,A011,2026-03-27,2026-03-29,2026-03-29,12,Stock Delay
S004673,T004673,D028,A007,2024-01-19,2024-01-22,2024-01-22,22,None
S004674,T004674,D005,A001,2025-12-14,2025-12-16,2025-12-16,15,None
S004675,T004675,D017,A004,2024-01-22,2024-01-25,2024-01-25,9,None
S004676,T004676,D036,A011,2026-08-01,2026-08-02,2026-08-03,28,None
S004677,T004677,D002,A001,2025-02-03,2025-02-06,2025-02-06,7,None
S004678,T004678,D039,A013,2024-10-21,2024-10-23,2024-10-25,15,None
S004679,T004679,D026,A006,2024-02-06,2024-02-09,2024-02-14,95,Parts Damage
S004680,T004680,D025,A005,2025-01-25,2025-01-28,2025-01-28,14,None
S004681,T004681,D012,A003,2025-06-06,2025-06-09,2025-06-14,39,Transport Routing Delay
S004682,T004682,D012,A003,2024-04-01,2024-04-02,2024-04-03,78,Warehouse Delay
S004683,T004683,D040,A013,2025-09-09,2025-09-12,2025-09-12,17,None
S004684,T004684,D014,A004,2024-12-03,2024-12-05,2024-12-05,9,None
S004685,T004685,D031,A009,2025-06-15,2025-06-17,2025-06-19,25,None
S004686,T004686,D018,A004,2025-04-16,2025-04-17,2025-04-19,8,None
S004687,T004687,D007,A001,2024-06-27,2024-06-30,2024-06-30,7,None
S004688,T004688,D006,A001,2025-05-18,2025-05-21,2025-05-21,8,None
S004689,T004689,D019,A005,2025-11-23,2025-11-25,2025-11-25,4,None
S004690,T004690,D038,A013,2025-03-25,2025-03-26,2025-03-28,20,None
S004691,T004691,D017,A004,2025-04-11,2025-04-14,2025-04-14,8,None
S004692,T004692,D018,A004,2024-12-03,2024-12-04,2024-12-04,17,None
S004693,T004693,D018,A004,2026-04-06,2026-04-07,2026-04-08,13,None
S004694,T004694,D025,A005,2026-01-26,2026-01-29,2026-01-29,13,None
S004695,T004695,D017,A004,2024-08-17,2024-08-19,2024-08-19,6,None
S004696,T004696,D036,A011,2025-04-09,2025-04-10,2025-04-11,32,None
S004697,T004697,D025,A005,2026-07-15,2026-07-16,2026-07-16,5,None
S004698,T004698,D019,A005,2025-11-06,2025-11-09,2025-11-09,14,None
S004699,T004699,D001,A001,2025-05-01,2025-05-02,2025-05-02,16,None
S004700,T004700,D040,A013,2025-02-18,2025-02-20,2025-02-24,36,Stock Delay
S004701,T004701,D012,A003,2024-06-23,2024-06-24,2024-06-29,44,Dealer Stockout
S004702,T004702,D002,A001,2026-07-17,2026-07-20,2026-07-20,7,None
S004703,T004703,D026,A006,2024-03-01,2024-03-04,2024-03-07,49,Transport Routing Delay
S004704,T004704,D019,A005,2024-09-11,2024-09-12,2024-09-14,9,None
S004705,T004705,D017,A004,2024-07-29,2024-08-01,2024-08-01,7,Minor Transport Delay
S004706,T004706,D016,A004,2026-04-15,2026-04-18,2026-04-18,10,None
S004707,T004707,D030,A009,2025-09-24,2025-09-27,2025-09-27,14,None
S004708,T004708,D009,A002,2024-03-17,2024-03-19,2024-03-21,21,None
S004709,T004709,D031,A009,2025-07-07,2025-07-08,2025-07-08,20,Transport Delay
S004710,T004710,D024,A005,2026-04-03,2026-04-06,2026-04-06,7,None
S004711,T004711,D013,A004,2025-11-18,2025-11-21,2025-11-21,6,None
S004712,T004712,D015,A004,2024-11-11,2024-11-13,2024-11-14,18,Minor Transport Delay
S004713,T004713,D012,A003,2026-07-24,2026-07-26,2026-07-29,96,Transport Routing Delay
S004714,T004714,D029,A008,2026-07-28,2026-07-31,2026-08-01,33,None
S004715,T004715,D019,A005,2025-11-14,2025-11-15,2025-11-15,15,None
S004716,T004716,D013,A004,2026-04-05,2026-04-06,2026-04-06,12,None
S004717,T004717,D023,A005,2025-07-20,2025-07-21,2025-07-23,12,None
S004718,T004718,D039,A013,2025-04-20,2025-04-22,2025-04-22,21,None
S004719,T004719,D014,A004,2024-08-09,2024-08-10,2024-08-10,4,None
S004720,T004720,D037,A012,2024-03-03,2024-03-06,2024-03-07,18,Stock Delay
S004721,T004721,D013,A004,2024-04-12,2024-04-13,2024-04-13,15,None
S004722,T004722,D005,A001,2024-12-06,2024-12-09,2024-12-09,13,None
S004723,T004723,D008,A002,2026-05-11,2026-05-13,2026-05-14,19,None
S004724,T004724,D013,A004,2025-04-22,2025-04-23,2025-04-23,14,None
S004725,T004725,D011,A002,2024-04-09,2024-04-12,2024-04-13,13,Stock Delay
S004726,T004726,D003,A001,2025-06-13,2025-06-14,2025-06-14,16,None
S004727,T004727,D037,A012,2025-04-04,2025-04-06,2025-04-06,25,None
S004728,T004728,D035,A010,2024-09-06,2024-09-08,2024-09-10,22,None
S004729,T004729,D029,A008,2026-05-04,2026-05-07,2026-05-08,12,None
S004730,T004730,D009,A002,2025-01-28,2025-01-30,2025-01-31,15,None
S004731,T004731,D004,A001,2024-06-11,2024-06-14,2024-06-14,13,None
S004732,T004732,D007,A001,2025-11-08,2025-11-09,2025-11-10,9,None
S004733,T004733,D028,A007,2024-01-12,2024-01-15,2024-01-15,31,Stock Delay
S004734,T004734,D041,A013,2025-07-06,2025-07-09,2025-07-09,22,None
S004735,T004735,D016,A004,2026-01-31,2026-02-03,2026-02-03,5,None
S004736,T004736,D003,A001,2024-10-28,2024-10-29,2024-10-31,8,None
S004737,T004737,D021,A005,2026-07-14,2026-07-16,2026-07-17,14,None
S004738,T004738,D015,A004,2024-01-10,2024-01-11,2024-01-11,15,None
S004739,T004739,D015,A004,2025-09-07,2025-09-10,2025-09-10,4,Minor Transport Delay
S004740,T004740,D019,A005,2024-08-17,2024-08-19,2024-08-20,5,None
S004741,T004741,D028,A007,2026-01-25,2026-01-28,2026-01-28,32,None
S004742,T004742,D001,A001,2026-05-13,2026-05-15,2026-05-17,9,None
S004743,T004743,D001,A001,2024-02-20,2024-02-21,2024-02-22,4,None
S004744,T004744,D041,A013,2024-09-17,2024-09-19,2024-09-19,26,None
S004745,T004745,D009,A002,2024-10-29,2024-11-01,2024-11-03,23,None
S004746,T004746,D001,A001,2024-10-15,2024-10-18,2024-10-18,6,None
S004747,T004747,D011,A002,2024-05-17,2024-05-19,2024-05-19,14,Transport Delay
S004748,T004748,D001,A001,2025-12-14,2025-12-17,2025-12-17,5,None
S004749,T004749,D013,A004,2024-06-23,2024-06-24,2024-06-24,10,None
S004750,T004750,D032,A009,2024-03-02,2024-03-05,2024-03-05,30,None
S004751,T004751,D015,A004,2024-09-03,2024-09-05,2024-09-06,11,None
S004752,T004752,D013,A004,2026-03-05,2026-03-07,2026-03-07,10,None
S004753,T004753,D026,A006,2026-05-27,2026-05-30,2026-06-04,92,Dealer Stockout
S004754,T004754,D025,A005,2026-04-14,2026-04-17,2026-04-17,18,None
S004755,T004755,D034,A010,2025-12-18,2025-12-19,2025-12-20,24,None
S004756,T004756,D035,A010,2024-11-10,2024-11-11,2024-11-11,20,Transport Delay
S004757,T004757,D004,A001,2025-08-30,2025-09-01,2025-09-01,14,None
S004758,T004758,D031,A009,2024-09-14,2024-09-16,2024-09-16,33,None
S004759,T004759,D017,A004,2026-07-05,2026-07-06,2026-07-07,17,None
S004760,T004760,D041,A013,2025-10-09,2025-10-11,2025-10-13,33,None
S004761,T004761,D016,A004,2026-08-13,2026-08-16,2026-08-17,6,None
S004762,T004762,D040,A013,2025-08-11,2025-08-14,2025-08-16,21,Transport Delay
S004763,T004763,D029,A008,2024-01-21,2024-01-22,2024-01-23,21,None
S004764,T004764,D012,A003,2026-07-07,2026-07-08,2026-07-16,86,Transport Routing Delay
S004765,T004765,D024,A005,2024-10-23,2024-10-26,2024-10-27,12,None
S004766,T004766,D041,A013,2026-02-08,2026-02-10,2026-02-10,32,None
S004767,T004767,D035,A010,2026-04-02,2026-04-05,2026-04-05,18,None
S004768,T004768,D003,A001,2024-09-11,2024-09-12,2024-09-12,13,None
S004769,T004769,D028,A007,2024-05-05,2024-05-06,2024-05-08,30,None
S004770,T004770,D016,A004,2026-04-06,2026-04-08,2026-04-08,10,None
S004771,T004771,D005,A001,2024-03-24,2024-03-25,2024-03-25,18,None
S004772,T004772,D015,A004,2024-05-09,2024-05-12,2024-05-12,13,None
S004773,T004773,D011,A002,2026-06-04,2026-06-06,2026-06-08,12,None
S004774,T004774,D033,A009,2026-02-09,2026-02-11,2026-02-11,15,None
S004775,T004775,D018,A004,2025-03-22,2025-03-23,2025-03-23,15,None
S004776,T004776,D035,A010,2025-05-11,2025-05-14,2025-05-14,20,Stock Delay
S004777,T004777,D004,A001,2026-07-27,2026-07-28,2026-07-28,9,None
S004778,T004778,D016,A004,2026-08-25,2026-08-26,2026-08-26,9,Minor Transport Delay
S004779,T004779,D012,A003,2025-12-14,2025-12-16,2025-12-19,54,Dealer Stockout
S004780,T004780,D008,A002,2025-10-17,2025-10-20,2025-10-21,29,None
S004781,T004781,D003,A001,2024-05-15,2024-05-17,2024-05-19,7,None
S004782,T004782,D010,A002,2026-08-14,2026-08-17,2026-08-17,22,None
S004783,T004783,D024,A005,2025-11-01,2025-11-03,2025-11-04,16,None
S004784,T004784,D014,A004,2026-04-27,2026-04-30,2026-04-30,6,None
S004785,T004785,D015,A004,2024-01-28,2024-01-30,2024-02-01,16,None
S004786,T004786,D014,A004,2025-04-26,2025-04-29,2025-04-29,12,None
S004787,T004787,D036,A011,2025-05-01,2025-05-04,2025-05-04,28,Stock Delay
S004788,T004788,D037,A012,2026-08-27,2026-08-30,2026-08-31,20,Stock Delay
S004789,T004789,D014,A004,2026-01-23,2026-01-26,2026-01-28,17,None
S004790,T004790,D016,A004,2026-08-05,2026-08-08,2026-08-08,16,None
S004791,T004791,D004,A001,2025-03-21,2025-03-23,2025-03-23,6,None
S004792,T004792,D040,A013,2024-07-20,2024-07-22,2024-07-22,27,None
S004793,T004793,D007,A001,2024-04-15,2024-04-17,2024-04-17,11,None
S004794,T004794,D018,A004,2025-06-22,2025-06-23,2025-06-23,5,None
S004795,T004795,D017,A004,2024-03-07,2024-03-08,2024-03-08,14,None
S004796,T004796,D013,A004,2026-05-25,2026-05-28,2026-05-28,6,None
S004797,T004797,D010,A002,2024-02-06,2024-02-08,2024-02-09,23,None
S004798,T004798,D030,A009,2025-05-06,2025-05-09,2025-05-09,13,None
S004799,T004799,D001,A001,2025-06-20,2025-06-21,2025-06-21,17,None
S004800,T004800,D024,A005,2025-08-16,2025-08-17,2025-08-17,16,None
S004801,T004801,D002,A001,2026-05-01,2026-05-04,2026-05-05,6,None
S004802,T004802,D005,A001,2024-10-15,2024-10-18,2024-10-18,15,None
S004803,T004803,D037,A012,2026-07-18,2026-07-21,2026-07-21,32,None
S004804,T004804,D010,A002,2025-03-06,2025-03-08,2025-03-08,14,Transport Delay
S004805,T004805,D031,A009,2025-07-20,2025-07-23,2025-07-25,20,None
S004806,T004806,D023,A005,2024-12-23,2024-12-24,2024-12-24,4,None
S004807,T004807,D002,A001,2025-07-30,2025-08-02,2025-08-04,9,None
S004808,T004808,D041,A013,2025-11-27,2025-11-30,2025-12-01,16,None
S004809,T004809,D012,A003,2026-04-26,2026-04-29,2026-05-04,82,Transport Routing Delay
S004810,T004810,D035,A010,2026-06-26,2026-06-29,2026-06-30,24,None
S004811,T004811,D011,A002,2024-09-04,2024-09-07,2024-09-08,36,None
S004812,T004812,D034,A010,2024-01-10,2024-01-13,2024-01-13,26,None
S004813,T004813,D006,A001,2026-03-22,2026-03-24,2026-03-24,17,None
S004814,T004814,D021,A005,2024-02-17,2024-02-19,2024-02-19,6,None
S004815,T004815,D031,A009,2024-10-11,2024-10-14,2024-10-15,33,Stock Delay
S004816,T004816,D039,A013,2025-12-08,2025-12-09,2025-12-09,29,None
S004817,T004817,D037,A012,2025-08-26,2025-08-27,2025-08-28,33,None
S004818,T004818,D032,A009,2026-05-31,2026-06-01,2026-06-03,28,Transport Delay
S004819,T004819,D036,A011,2025-06-02,2025-06-04,2025-06-04,29,None
S004820,T004820,D008,A002,2024-02-23,2024-02-24,2024-02-24,34,Stock Delay
S004821,T004821,D014,A004,2025-09-03,2025-09-06,2025-09-08,10,None
S004822,T004822,D018,A004,2024-10-15,2024-10-18,2024-10-18,7,None
S004823,T004823,D013,A004,2024-05-24,2024-05-26,2024-05-26,5,None
S004824,T004824,D016,A004,2026-04-05,2026-04-08,2026-04-08,13,None
S004825,T004825,D020,A005,2026-03-16,2026-03-17,2026-03-17,18,None
S004826,T004826,D004,A001,2025-06-25,2025-06-26,2025-06-26,10,None
S004827,T004827,D028,A007,2024-01-31,2024-02-03,2024-02-03,18,Transport Delay
S004828,T004828,D008,A002,2024-02-01,2024-02-02,2024-02-03,28,None
S004829,T004829,D016,A004,2026-05-13,2026-05-14,2026-05-15,11,None
S004830,T004830,D024,A005,2025-12-15,2025-12-16,2025-12-18,15,None
S004831,T004831,D031,A009,2024-04-04,2024-04-06,2024-04-06,12,Stock Delay
S004832,T004832,D029,A008,2024-07-08,2024-07-11,2024-07-13,26,None
S004833,T004833,D020,A005,2026-05-03,2026-05-05,2026-05-06,14,None
S004834,T004834,D007,A001,2024-01-06,2024-01-09,2024-01-10,8,None
S004835,T004835,D020,A005,2024-03-19,2024-03-22,2024-03-22,6,None
S004836,T004836,D006,A001,2025-11-24,2025-11-26,2025-11-26,4,None
S004837,T004837,D017,A004,2025-01-25,2025-01-27,2025-01-28,13,None
S004838,T004838,D013,A004,2024-06-24,2024-06-27,2024-06-27,5,Minor Transport Delay
S004839,T004839,D002,A001,2024-12-15,2024-12-18,2024-12-18,8,None
S004840,T004840,D012,A003,2026-04-29,2026-05-02,2026-05-10,86,Dealer Stockout
S004841,T004841,D040,A013,2024-02-23,2024-02-25,2024-02-26,14,None
S004842,T004842,D040,A013,2025-09-17,2025-09-20,2025-09-20,16,None
S004843,T004843,D014,A004,2026-03-29,2026-04-01,2026-04-02,16,Minor Transport Delay
S004844,T004844,D004,A001,2025-05-11,2025-05-13,2025-05-13,17,None
S004845,T004845,D010,A002,2025-01-20,2025-01-22,2025-01-22,12,Stock Delay
S004846,T004846,D014,A004,2024-11-13,2024-11-15,2024-11-15,10,None
S004847,T004847,D041,A013,2026-02-14,2026-02-17,2026-02-18,22,Stock Delay
S004848,T004848,D001,A001,2026-01-26,2026-01-27,2026-01-27,11,None
S004849,T004849,D029,A008,2025-07-29,2025-07-30,2025-07-30,23,Transport Delay
S004850,T004850,D001,A001,2025-08-04,2025-08-07,2025-08-07,9,None
S004851,T004851,D038,A013,2025-07-24,2025-07-26,2025-07-26,29,None
S004852,T004852,D013,A004,2024-09-25,2024-09-28,2024-09-28,18,None
S004853,T004853,D031,A009,2025-10-01,2025-10-03,2025-10-04,35,None
S004854,T004854,D018,A004,2024-01-20,2024-01-23,2024-01-23,9,None
S004855,T004855,D021,A005,2026-04-18,2026-04-19,2026-04-19,12,None
S004856,T004856,D009,A002,2025-02-24,2025-02-26,2025-02-28,26,None
S004857,T004857,D003,A001,2024-03-05,2024-03-08,2024-03-08,12,None
S004858,T004858,D038,A013,2025-03-31,2025-04-03,2025-04-04,26,None
S004859,T004859,D037,A012,2025-07-01,2025-07-03,2025-07-03,23,None
S004860,T004860,D036,A011,2025-09-02,2025-09-05,2025-09-06,24,None
S004861,T004861,D024,A005,2024-02-18,2024-02-20,2024-02-20,11,None
S004862,T004862,D030,A009,2024-01-30,2024-02-01,2024-02-01,14,None
S004863,T004863,D004,A001,2024-12-22,2024-12-23,2024-12-23,12,None
S004864,T004864,D016,A004,2026-07-23,2026-07-26,2026-07-26,12,None
S004865,T004865,D015,A004,2025-04-12,2025-04-13,2025-04-13,10,Minor Transport Delay
S004866,T004866,D025,A005,2024-02-16,2024-02-18,2024-02-18,15,None
S004867,T004867,D014,A004,2026-03-28,2026-03-29,2026-03-29,7,None
S004868,T004868,D001,A001,2024-09-22,2024-09-23,2024-09-25,13,None
S004869,T004869,D021,A005,2024-06-11,2024-06-12,2024-06-12,13,None
S004870,T004870,D031,A009,2025-03-08,2025-03-10,2025-03-12,20,Stock Delay
S004871,T004871,D017,A004,2025-11-25,2025-11-26,2025-11-26,16,None
S004872,T004872,D005,A001,2026-04-07,2026-04-09,2026-04-09,14,None
S004873,T004873,D008,A002,2024-04-02,2024-04-05,2024-04-06,22,Stock Delay
S004874,T004874,D009,A002,2024-03-03,2024-03-04,2024-03-04,35,None
S004875,T004875,D017,A004,2024-02-09,2024-02-11,2024-02-11,14,None
S004876,T004876,D025,A005,2025-02-17,2025-02-20,2025-02-20,4,None
S004877,T004877,D024,A005,2024-09-03,2024-09-04,2024-09-04,9,Minor Transport Delay
S004878,T004878,D028,A007,2026-06-25,2026-06-28,2026-06-28,15,None
S004879,T004879,D016,A004,2026-02-10,2026-02-12,2026-02-12,6,Minor Transport Delay
S004880,T004880,D032,A009,2025-07-08,2025-07-10,2025-07-12,35,None
S004881,T004881,D008,A002,2024-05-15,2024-05-17,2024-05-17,24,None
S004882,T004882,D014,A004,2026-04-08,2026-04-11,2026-04-11,9,None
S004883,T004883,D030,A009,2026-04-04,2026-04-05,2026-04-05,20,None
S004884,T004884,D011,A002,2026-04-19,2026-04-22,2026-04-24,27,Transport Delay
S004885,T004885,D007,A001,2025-07-02,2025-07-03,2025-07-03,8,None
S004886,T004886,D036,A011,2024-02-22,2024-02-23,2024-02-23,22,None
S004887,T004887,D015,A004,2024-09-03,2024-09-06,2024-09-06,16,None
S004888,T004888,D026,A006,2024-10-10,2024-10-11,2024-10-12,87,Dealer Stockout
S004889,T004889,D006,A001,2025-02-28,2025-03-03,2025-03-03,15,None
S004890,T004890,D028,A007,2026-06-27,2026-06-29,2026-06-29,33,None
S004891,T004891,D017,A004,2026-03-26,2026-03-28,2026-03-28,18,None
S004892,T004892,D006,A001,2026-04-30,2026-05-03,2026-05-03,7,None
S004893,T004893,D019,A005,2024-05-09,2024-05-12,2024-05-12,4,None
S004894,T004894,D012,A003,2024-09-26,2024-09-27,2024-10-05,36,Warehouse Delay
S004895,T004895,D013,A004,2024-11-24,2024-11-27,2024-11-27,18,None
S004896,T004896,D005,A001,2025-07-12,2025-07-14,2025-07-15,9,None
S004897,T004897,D005,A001,2025-06-04,2025-06-05,2025-06-05,6,None
S004898,T004898,D016,A004,2024-06-12,2024-06-13,2024-06-13,16,None
S004899,T004899,D003,A001,2024-11-18,2024-11-19,2024-11-19,15,None
S004900,T004900,D037,A012,2024-03-15,2024-03-17,2024-03-19,15,None
S004901,T004901,D003,A001,2025-04-24,2025-04-25,2025-04-26,12,None
S004902,T004902,D015,A004,2024-01-14,2024-01-16,2024-01-16,17,None
S004903,T004903,D001,A001,2026-06-17,2026-06-20,2026-06-20,12,None
S004904,T004904,D013,A004,2026-04-21,2026-04-22,2026-04-22,15,Minor Transport Delay
S004905,T004905,D041,A013,2024-09-21,2024-09-22,2024-09-26,35,Transport Delay
S004906,T004906,D003,A001,2025-03-14,2025-03-17,2025-03-18,7,None
S004907,T004907,D039,A013,2025-04-29,2025-05-02,2025-05-03,36,None
S004908,T004908,D010,A002,2025-04-03,2025-04-06,2025-04-06,31,None
S004909,T004909,D029,A008,2025-11-21,2025-11-22,2025-11-24,31,None
S004910,T004910,D021,A005,2025-02-26,2025-02-28,2025-03-01,11,None
S004911,T004911,D036,A011,2024-07-27,2024-07-28,2024-07-29,21,None
S004912,T004912,D024,A005,2024-11-16,2024-11-17,2024-11-17,18,None
S004913,T004913,D021,A005,2026-06-09,2026-06-11,2026-06-11,10,None
S004914,T004914,D009,A002,2024-03-27,2024-03-29,2024-03-31,22,None
S004915,T004915,D010,A002,2025-01-16,2025-01-19,2025-01-20,23,None
S004916,T004916,D037,A012,2024-04-21,2024-04-23,2024-04-23,19,Stock Delay
S004917,T004917,D013,A004,2025-06-30,2025-07-03,2025-07-03,11,None
S004918,T004918,D014,A004,2024-09-02,2024-09-03,2024-09-03,4,None
S004919,T004919,D029,A008,2024-09-03,2024-09-04,2024-09-05,28,None
S004920,T004920,D013,A004,2025-11-08,2025-11-10,2025-11-10,6,None
S004921,T004921,D039,A013,2025-05-22,2025-05-24,2025-05-24,36,None
S004922,T004922,D029,A008,2026-08-09,2026-08-11,2026-08-12,26,None
S004923,T004923,D024,A005,2024-06-05,2024-06-06,2024-06-06,11,None
S004924,T004924,D036,A011,2025-03-12,2025-03-14,2025-03-15,23,None
S004925,T004925,D002,A001,2025-06-26,2025-06-29,2025-06-29,6,None
S004926,T004926,D012,A003,2025-07-31,2025-08-01,2025-08-01,87,None
S004927,T004927,D014,A004,2024-10-28,2024-10-30,2024-10-30,14,None
S004928,T004928,D011,A002,2024-05-21,2024-05-22,2024-05-23,33,None
S004929,T004929,D029,A008,2026-05-09,2026-05-11,2026-05-11,33,None
S004930,T004930,D037,A012,2026-06-19,2026-06-22,2026-06-24,24,None
S004931,T004931,D016,A004,2026-05-24,2026-05-27,2026-05-27,12,None
S004932,T004932,D014,A004,2025-05-13,2025-05-14,2025-05-14,17,None
S004933,T004933,D040,A013,2025-01-21,2025-01-24,2025-01-26,25,None
S004934,T004934,D018,A004,2025-04-05,2025-04-06,2025-04-06,8,None
S004935,T004935,D017,A004,2026-03-16,2026-03-19,2026-03-19,7,None
S004936,T004936,D013,A004,2025-06-27,2025-06-29,2025-06-29,4,None
S004937,T004937,D037,A012,2026-06-25,2026-06-27,2026-06-27,28,Transport Delay
S004938,T004938,D023,A005,2024-02-15,2024-02-17,2024-02-18,12,None
S004939,T004939,D029,A008,2026-07-10,2026-07-12,2026-07-13,34,None
S004940,T004940,D031,A009,2025-01-31,2025-02-01,2025-02-01,14,None
S004941,T004941,D018,A004,2024-01-31,2024-02-03,2024-02-03,15,None
S004942,T004942,D015,A004,2026-08-02,2026-08-05,2026-08-06,11,None
S004943,T004943,D034,A010,2025-10-17,2025-10-20,2025-10-20,29,None
S004944,T004944,D014,A004,2025-03-31,2025-04-01,2025-04-02,14,None
S004945,T004945,D031,A009,2025-03-25,2025-03-26,2025-03-26,28,None
S004946,T004946,D040,A013,2026-07-05,2026-07-07,2026-07-08,22,None
S004947,T004947,D019,A005,2024-08-28,2024-08-31,2024-08-31,15,None
S004948,T004948,D029,A008,2024-05-02,2024-05-04,2024-05-05,24,Transport Delay
S004949,T004949,D033,A009,2025-08-31,2025-09-02,2025-09-06,20,None
S004950,T004950,D034,A010,2025-05-23,2025-05-24,2025-05-24,35,Stock Delay
S004951,T004951,D018,A004,2026-06-03,2026-06-05,2026-06-05,6,None
S004952,T004952,D007,A001,2024-01-15,2024-01-17,2024-01-17,15,None
S004953,T004953,D013,A004,2026-02-21,2026-02-23,2026-02-23,8,None
S004954,T004954,D026,A006,2024-04-29,2024-05-02,2024-05-07,68,Warehouse Delay
S004955,T004955,D016,A004,2024-12-17,2024-12-18,2024-12-18,9,None
S004956,T004956,D029,A008,2024-09-26,2024-09-29,2024-09-30,24,None
S004957,T004957,D014,A004,2025-08-09,2025-08-10,2025-08-12,6,None
S004958,T004958,D022,A005,2025-04-28,2025-04-30,2025-04-30,14,None
S004959,T004959,D010,A002,2024-04-16,2024-04-19,2024-04-19,34,Transport Delay
S004960,T004960,D029,A008,2025-11-18,2025-11-21,2025-11-21,19,None
S004961,T004961,D020,A005,2026-05-04,2026-05-07,2026-05-07,12,None
S004962,T004962,D010,A002,2025-10-24,2025-10-26,2025-10-26,28,None
S004963,T004963,D017,A004,2025-02-26,2025-02-28,2025-03-02,4,None
S004964,T004964,D029,A008,2025-05-24,2025-05-27,2025-05-28,29,Transport Delay
S004965,T004965,D016,A004,2025-10-29,2025-10-30,2025-10-30,17,None
S004966,T004966,D011,A002,2024-05-29,2024-05-30,2024-05-31,12,None
S004967,T004967,D038,A013,2026-01-17,2026-01-18,2026-01-20,25,Stock Delay
S004968,T004968,D028,A007,2025-10-13,2025-10-14,2025-10-15,25,None
S004969,T004969,D038,A013,2025-08-03,2025-08-04,2025-08-04,31,None
S004970,T004970,D015,A004,2026-05-04,2026-05-07,2026-05-08,8,None
S004971,T004971,D018,A004,2024-09-11,2024-09-12,2024-09-12,18,None
S004972,T004972,D037,A012,2024-05-13,2024-05-16,2024-05-18,35,None
S004973,T004973,D024,A005,2025-12-08,2025-12-09,2025-12-10,9,None
S004974,T004974,D027,A007,2024-12-14,2024-12-17,2024-12-18,28,Transport Delay
S004975,T004975,D012,A003,2024-02-27,2024-02-28,2024-02-29,62,None
S004976,T004976,D016,A004,2025-08-06,2025-08-07,2025-08-07,11,None
S004977,T004977,D006,A001,2025-11-14,2025-11-15,2025-11-16,17,None
S004978,T004978,D010,A002,2024-01-01,2024-01-02,2024-01-02,12,None
S004979,T004979,D002,A001,2025-04-14,2025-04-16,2025-04-16,17,None
S004980,T004980,D007,A001,2025-11-18,2025-11-20,2025-11-20,10,None
S004981,T004981,D040,A013,2024-03-03,2024-03-05,2024-03-09,21,None
S004982,T004982,D012,A003,2024-03-22,2024-03-24,2024-03-24,68,Transport Routing Delay
S004983,T004983,D026,A006,2024-07-15,2024-07-18,2024-07-21,67,Dealer Stockout
S004984,T004984,D035,A010,2026-08-03,2026-08-06,2026-08-08,17,None
S004985,T004985,D019,A005,2025-11-20,2025-11-22,2025-11-22,16,Minor Transport Delay
S004986,T004986,D007,A001,2026-05-10,2026-05-11,2026-05-11,4,None
S004987,T004987,D028,A007,2026-08-03,2026-08-06,2026-08-06,33,None
S004988,T004988,D023,A005,2025-05-21,2025-05-24,2025-05-24,14,None
S004989,T004989,D027,A007,2026-03-05,2026-03-06,2026-03-07,21,None
S004990,T004990,D033,A009,2026-08-29,2026-08-31,2026-09-01,35,None
S004991,T004991,D038,A013,2024-10-29,2024-10-31,2024-11-02,16,None
S004992,T004992,D025,A005,2025-02-06,2025-02-08,2025-02-09,11,None
S004993,T004993,D018,A004,2026-04-04,2026-04-05,2026-04-05,8,None
S004994,T004994,D019,A005,2025-02-23,2025-02-26,2025-02-27,14,None
S004995,T004995,D001,A001,2025-09-02,2025-09-04,2025-09-04,8,Minor Transport Delay
S004996,T004996,D036,A011,2025-08-15,2025-08-16,2025-08-16,32,None
S004997,T004997,D002,A001,2025-05-29,2025-05-31,2025-05-31,9,Minor Transport Delay
S004998,T004998,D013,A004,2026-07-30,2026-07-31,2026-07-31,13,None
S004999,T004999,D032,A009,2025-04-25,2025-04-28,2025-04-29,23,Stock Delay
S005000,T005000,D023,A005,2026-01-31,2026-02-01,2026-02-01,9,None
S005001,T005001,D013,A004,2025-10-28,2025-10-29,2025-10-29,18,None
S005002,T005002,D018,A004,2026-06-09,2026-06-12,2026-06-12,16,None
S005003,T005003,D034,A010,2024-03-13,2024-03-14,2024-03-15,31,None
S005004,T005004,D015,A004,2026-08-13,2026-08-16,2026-08-16,14,None
S005005,T005005,D036,A011,2025-09-26,2025-09-29,2025-09-29,34,None
S005006,T005006,D002,A001,2025-06-19,2025-06-20,2025-06-20,16,None
S005007,T005007,D032,A009,2025-10-14,2025-10-15,2025-10-19,28,None
S005008,T005008,D035,A010,2026-02-25,2026-02-28,2026-03-01,18,Stock Delay
S005009,T005009,D011,A002,2024-02-23,2024-02-24,2024-02-24,12,None
S005010,T005010,D015,A004,2026-08-27,2026-08-30,2026-08-30,10,Minor Transport Delay
S005011,T005011,D009,A002,2024-07-08,2024-07-10,2024-07-10,20,None
S005012,T005012,D027,A007,2024-05-13,2024-05-15,2024-05-15,12,Transport Delay
S005013,T005013,D023,A005,2025-06-21,2025-06-23,2025-06-23,4,None
S005014,T005014,D025,A005,2026-01-30,2026-02-02,2026-02-02,13,Minor Transport Delay
S005015,T005015,D011,A002,2025-11-10,2025-11-11,2025-11-12,32,None
S005016,T005016,D011,A002,2026-05-05,2026-05-06,2026-05-06,15,Stock Delay
S005017,T005017,D003,A001,2024-10-10,2024-10-11,2024-10-12,16,None
S005018,T005018,D014,A004,2025-06-03,2025-06-05,2025-06-05,15,None
S005019,T005019,D023,A005,2024-06-18,2024-06-19,2024-06-19,4,None
S005020,T005020,D035,A010,2024-04-17,2024-04-20,2024-04-21,22,None
S005021,T005021,D026,A006,2025-04-02,2025-04-05,2025-04-10,67,None
S005022,T005022,D018,A004,2024-12-05,2024-12-06,2024-12-06,7,None
S005023,T005023,D041,A013,2025-08-10,2025-08-11,2025-08-11,33,None
S005024,T005024,D028,A007,2024-12-03,2024-12-05,2024-12-07,31,Stock Delay
S005025,T005025,D038,A013,2026-05-29,2026-05-31,2026-05-31,13,None
S005026,T005026,D019,A005,2026-04-01,2026-04-02,2026-04-02,12,None
S005027,T005027,D012,A003,2026-06-28,2026-07-01,2026-07-06,84,Parts Damage
S005028,T005028,D001,A001,2026-02-25,2026-02-27,2026-02-27,6,Minor Transport Delay
S005029,T005029,D027,A007,2026-06-14,2026-06-16,2026-06-16,31,None
S005030,T005030,D002,A001,2026-06-27,2026-06-29,2026-07-01,7,None
S005031,T005031,D016,A004,2025-10-10,2025-10-13,2025-10-13,17,Minor Transport Delay
S005032,T005032,D021,A005,2025-11-22,2025-11-24,2025-11-24,6,None
S005033,T005033,D024,A005,2025-09-17,2025-09-19,2025-09-19,5,None
S005034,T005034,D020,A005,2025-11-15,2025-11-16,2025-11-16,6,None
S005035,T005035,D011,A002,2024-11-28,2024-12-01,2024-12-01,15,None
S005036,T005036,D015,A004,2024-09-14,2024-09-17,2024-09-17,16,None
S005037,T005037,D024,A005,2025-08-01,2025-08-04,2025-08-04,14,None
S005038,T005038,D041,A013,2024-06-29,2024-07-01,2024-07-02,29,None
S005039,T005039,D027,A007,2026-02-24,2026-02-26,2026-02-28,14,Stock Delay
S005040,T005040,D039,A013,2025-11-12,2025-11-14,2025-11-15,12,None
S005041,T005041,D029,A008,2025-11-21,2025-11-24,2025-11-24,14,None
S005042,T005042,D025,A005,2024-02-01,2024-02-02,2024-02-02,10,None
S005043,T005043,D011,A002,2024-12-29,2024-12-30,2024-12-30,35,None
S005044,T005044,D026,A006,2025-09-26,2025-09-28,2025-10-03,79,Transport Routing Delay
S005045,T005045,D019,A005,2026-01-07,2026-01-08,2026-01-08,7,None
S005046,T005046,D025,A005,2024-03-24,2024-03-25,2024-03-25,9,None
S005047,T005047,D018,A004,2024-11-07,2024-11-09,2024-11-09,14,None
S005048,T005048,D022,A005,2025-01-06,2025-01-08,2025-01-09,15,None
S005049,T005049,D016,A004,2025-05-06,2025-05-07,2025-05-07,9,None
S005050,T005050,D021,A005,2025-09-21,2025-09-24,2025-09-24,7,None
S005051,T005051,D010,A002,2026-07-01,2026-07-03,2026-07-04,17,None
S005052,T005052,D033,A009,2025-10-13,2025-10-15,2025-10-17,24,Transport Delay
S005053,T005053,D009,A002,2026-05-20,2026-05-22,2026-05-22,12,None
S005054,T005054,D007,A001,2024-10-30,2024-11-02,2024-11-02,11,None
S005055,T005055,D018,A004,2026-07-01,2026-07-03,2026-07-03,7,None
S005056,T005056,D026,A006,2024-04-24,2024-04-25,2024-04-28,90,Warehouse Delay
S005057,T005057,D016,A004,2024-05-04,2024-05-07,2024-05-07,10,None
S005058,T005058,D012,A003,2024-12-05,2024-12-06,2024-12-07,43,Transport Routing Delay
S005059,T005059,D023,A005,2025-10-17,2025-10-20,2025-10-20,13,None
S005060,T005060,D013,A004,2025-08-31,2025-09-02,2025-09-02,4,None
S005061,T005061,D041,A013,2025-11-20,2025-11-23,2025-11-23,31,None
S005062,T005062,D039,A013,2024-06-02,2024-06-05,2024-06-05,28,None
S005063,T005063,D023,A005,2025-06-13,2025-06-16,2025-06-16,17,None
S005064,T005064,D017,A004,2024-06-05,2024-06-06,2024-06-06,13,None
S005065,T005065,D029,A008,2025-07-04,2025-07-06,2025-07-10,26,Transport Delay
S005066,T005066,D005,A001,2024-07-10,2024-07-11,2024-07-11,16,Minor Transport Delay
S005067,T005067,D018,A004,2025-03-26,2025-03-28,2025-03-28,17,None
S005068,T005068,D013,A004,2024-04-28,2024-04-29,2024-04-30,16,Minor Transport Delay
S005069,T005069,D037,A012,2026-05-28,2026-05-31,2026-06-01,14,Stock Delay
S005070,T005070,D004,A001,2026-02-22,2026-02-25,2026-02-27,8,None
S005071,T005071,D023,A005,2024-07-05,2024-07-07,2024-07-07,13,None
S005072,T005072,D029,A008,2025-10-18,2025-10-20,2025-10-20,22,None
S005073,T005073,D018,A004,2025-10-17,2025-10-20,2025-10-21,7,None
S005074,T005074,D005,A001,2025-02-22,2025-02-23,2025-02-23,12,None
S005075,T005075,D038,A013,2026-06-22,2026-06-25,2026-06-25,15,None
S005076,T005076,D024,A005,2024-09-04,2024-09-07,2024-09-08,4,None
S005077,T005077,D023,A005,2024-02-19,2024-02-21,2024-02-21,8,None
S005078,T005078,D010,A002,2025-11-29,2025-12-02,2025-12-02,15,None
S005079,T005079,D017,A004,2024-09-18,2024-09-19,2024-09-19,13,None
S005080,T005080,D018,A004,2025-10-02,2025-10-05,2025-10-07,6,None
S005081,T005081,D005,A001,2025-09-02,2025-09-03,2025-09-03,17,Minor Transport Delay
S005082,T005082,D001,A001,2025-10-17,2025-10-20,2025-10-20,17,None
S005083,T005083,D034,A010,2025-03-15,2025-03-18,2025-03-18,35,None
S005084,T005084,D012,A003,2026-02-16,2026-02-19,2026-02-20,74,Dealer Stockout
S005085,T005085,D011,A002,2026-06-28,2026-06-30,2026-06-30,12,None
S005086,T005086,D024,A005,2024-12-18,2024-12-19,2024-12-19,14,None
S005087,T005087,D033,A009,2025-05-11,2025-05-14,2025-05-15,34,None
S005088,T005088,D002,A001,2024-10-18,2024-10-19,2024-10-19,7,None
S005089,T005089,D024,A005,2026-03-16,2026-03-18,2026-03-18,9,None
S005090,T005090,D004,A001,2024-07-01,2024-07-02,2024-07-02,13,None
S005091,T005091,D004,A001,2025-03-05,2025-03-08,2025-03-10,13,None
S005092,T005092,D003,A001,2026-06-03,2026-06-04,2026-06-04,9,None
S005093,T005093,D034,A010,2024-03-25,2024-03-26,2024-03-28,24,None
S005094,T005094,D005,A001,2026-05-05,2026-05-06,2026-05-06,16,None
S005095,T005095,D004,A001,2024-02-26,2024-02-28,2024-02-28,17,None
S005096,T005096,D017,A004,2024-06-25,2024-06-28,2024-06-28,9,None
S005097,T005097,D034,A010,2025-12-11,2025-12-13,2025-12-14,17,None
S005098,T005098,D012,A003,2024-04-30,2024-05-02,2024-05-07,57,Transport Routing Delay
S005099,T005099,D015,A004,2026-03-08,2026-03-11,2026-03-13,17,Minor Transport Delay
S005100,T005100,D005,A001,2025-07-12,2025-07-14,2025-07-16,16,Minor Transport Delay
S005101,T005101,D014,A004,2025-04-26,2025-04-27,2025-04-27,7,None
S005102,T005102,D019,A005,2025-04-18,2025-04-19,2025-04-20,6,None
S005103,T005103,D020,A005,2024-05-30,2024-05-31,2024-05-31,6,None
S005104,T005104,D017,A004,2024-12-23,2024-12-26,2024-12-26,13,None
S005105,T005105,D016,A004,2024-06-18,2024-06-19,2024-06-19,18,None
S005106,T005106,D001,A001,2025-03-06,2025-03-08,2025-03-09,9,None
S005107,T005107,D017,A004,2024-02-15,2024-02-17,2024-02-17,6,None
S005108,T005108,D001,A001,2025-05-02,2025-05-05,2025-05-05,12,None
S005109,T005109,D032,A009,2025-06-18,2025-06-21,2025-06-21,18,Stock Delay
S005110,T005110,D041,A013,2024-01-24,2024-01-26,2024-01-28,17,None
S005111,T005111,D041,A013,2026-01-11,2026-01-13,2026-01-13,13,None
S005112,T005112,D034,A010,2026-04-26,2026-04-27,2026-04-27,36,None
S005113,T005113,D024,A005,2024-03-25,2024-03-27,2024-03-27,4,None
S005114,T005114,D027,A007,2026-05-20,2026-05-23,2026-05-25,35,None
S005115,T005115,D014,A004,2026-05-05,2026-05-06,2026-05-07,17,None
S005116,T005116,D022,A005,2026-08-05,2026-08-07,2026-08-08,12,None
S005117,T005117,D016,A004,2024-08-04,2024-08-06,2024-08-06,11,Minor Transport Delay
S005118,T005118,D017,A004,2025-04-28,2025-05-01,2025-05-01,16,None
S005119,T005119,D029,A008,2024-09-11,2024-09-12,2024-09-13,30,None
S005120,T005120,D012,A003,2025-12-22,2025-12-25,2025-12-30,50,None
S005121,T005121,D017,A004,2025-02-03,2025-02-05,2025-02-05,15,None
S005122,T005122,D041,A013,2026-03-22,2026-03-24,2026-03-24,21,None
S005123,T005123,D006,A001,2024-12-01,2024-12-03,2024-12-03,6,None
S005124,T005124,D018,A004,2024-07-29,2024-07-31,2024-07-31,17,None
S005125,T005125,D037,A012,2025-08-25,2025-08-28,2025-08-29,15,None
S005126,T005126,D022,A005,2024-03-17,2024-03-20,2024-03-21,10,None
S005127,T005127,D022,A005,2025-08-06,2025-08-09,2025-08-09,13,None
S005128,T005128,D012,A003,2026-08-31,2026-09-03,2026-09-08,48,Transport Routing Delay
S005129,T005129,D017,A004,2024-05-24,2024-05-26,2024-05-26,13,None
S005130,T005130,D035,A010,2024-01-16,2024-01-19,2024-01-19,28,None
S005131,T005131,D025,A005,2026-03-28,2026-03-29,2026-03-29,14,None
S005132,T005132,D021,A005,2025-01-20,2025-01-22,2025-01-22,14,None
S005133,T005133,D002,A001,2024-11-19,2024-11-20,2024-11-20,10,None
S005134,T005134,D002,A001,2024-08-07,2024-08-08,2024-08-08,12,None
S005135,T005135,D038,A013,2025-11-24,2025-11-27,2025-11-28,28,Transport Delay
S005136,T005136,D013,A004,2025-06-21,2025-06-22,2025-06-23,4,None
S005137,T005137,D023,A005,2026-02-01,2026-02-02,2026-02-02,4,None
S005138,T005138,D005,A001,2024-01-31,2024-02-03,2024-02-03,12,None
S005139,T005139,D026,A006,2026-03-11,2026-03-13,2026-03-14,89,Transport Routing Delay
S005140,T005140,D038,A013,2026-05-10,2026-05-11,2026-05-11,34,None
S005141,T005141,D025,A005,2025-03-02,2025-03-05,2025-03-05,7,None
S005142,T005142,D006,A001,2025-08-24,2025-08-27,2025-08-28,4,None
S005143,T005143,D023,A005,2026-07-02,2026-07-05,2026-07-05,16,None
S005144,T005144,D033,A009,2024-12-03,2024-12-05,2024-12-06,20,None
S005145,T005145,D013,A004,2025-07-23,2025-07-24,2025-07-24,12,None
S005146,T005146,D036,A011,2025-04-18,2025-04-21,2025-04-21,34,Stock Delay
S005147,T005147,D019,A005,2024-06-12,2024-06-14,2024-06-14,11,None
S005148,T005148,D037,A012,2024-02-28,2024-03-02,2024-03-02,16,None
S005149,T005149,D019,A005,2025-04-03,2025-04-04,2025-04-04,15,None
S005150,T005150,D004,A001,2026-05-26,2026-05-29,2026-05-29,5,None
S005151,T005151,D015,A004,2025-09-17,2025-09-18,2025-09-18,7,None
S005152,T005152,D008,A002,2025-01-25,2025-01-26,2025-01-28,17,Stock Delay
S005153,T005153,D037,A012,2024-01-10,2024-01-12,2024-01-12,13,None
S005154,T005154,D029,A008,2025-04-15,2025-04-18,2025-04-20,36,None
S005155,T005155,D026,A006,2026-06-07,2026-06-08,2026-06-09,70,Warehouse Delay
S005156,T005156,D014,A004,2025-11-09,2025-11-10,2025-11-10,17,None
S005157,T005157,D008,A002,2026-05-02,2026-05-04,2026-05-04,36,None
S005158,T005158,D029,A008,2024-03-25,2024-03-28,2024-03-28,24,None
S005159,T005159,D016,A004,2024-05-26,2024-05-28,2024-05-28,14,None
S005160,T005160,D008,A002,2025-12-13,2025-12-16,2025-12-20,12,None
S005161,T005161,D020,A005,2025-12-07,2025-12-09,2025-12-09,7,None
S005162,T005162,D004,A001,2025-12-28,2025-12-30,2025-12-30,5,None
S005163,T005163,D017,A004,2024-10-05,2024-10-06,2024-10-06,4,None
S005164,T005164,D018,A004,2024-03-17,2024-03-20,2024-03-21,5,None
S005165,T005165,D002,A001,2024-01-31,2024-02-02,2024-02-02,4,None
S005166,T005166,D039,A013,2024-10-27,2024-10-29,2024-10-29,32,Stock Delay
S005167,T005167,D011,A002,2025-02-28,2025-03-01,2025-03-01,13,None
S005168,T005168,D002,A001,2025-11-07,2025-11-09,2025-11-09,7,None
S005169,T005169,D010,A002,2026-06-13,2026-06-14,2026-06-15,12,Stock Delay
S005170,T005170,D030,A009,2025-02-05,2025-02-08,2025-02-08,23,None
S005171,T005171,D015,A004,2025-03-16,2025-03-17,2025-03-17,8,None
S005172,T005172,D025,A005,2026-03-11,2026-03-12,2026-03-12,16,None
S005173,T005173,D007,A001,2026-05-12,2026-05-15,2026-05-15,15,None
S005174,T005174,D004,A001,2026-05-30,2026-06-01,2026-06-01,4,None
S005175,T005175,D018,A004,2026-07-25,2026-07-26,2026-07-26,6,None
S005176,T005176,D032,A009,2024-04-17,2024-04-20,2024-04-21,31,None
S005177,T005177,D036,A011,2026-05-13,2026-05-14,2026-05-16,36,None
S005178,T005178,D003,A001,2024-05-02,2024-05-05,2024-05-05,6,None
S005179,T005179,D022,A005,2025-04-29,2025-05-01,2025-05-02,8,None
S005180,T005180,D037,A012,2025-10-25,2025-10-28,2025-10-28,32,Transport Delay
S005181,T005181,D015,A004,2024-07-19,2024-07-22,2024-07-22,9,None
S005182,T005182,D035,A010,2026-03-14,2026-03-15,2026-03-15,12,None
S005183,T005183,D004,A001,2024-03-23,2024-03-24,2024-03-25,10,None
S005184,T005184,D039,A013,2024-10-18,2024-10-20,2024-10-21,14,None
S005185,T005185,D029,A008,2026-01-09,2026-01-12,2026-01-12,33,Transport Delay
S005186,T005186,D041,A013,2026-08-18,2026-08-20,2026-08-20,21,None
S005187,T005187,D026,A006,2024-01-16,2024-01-17,2024-01-17,76,Transport Routing Delay
S005188,T005188,D016,A004,2026-01-06,2026-01-08,2026-01-08,7,Minor Transport Delay
S005189,T005189,D040,A013,2024-05-18,2024-05-20,2024-05-21,30,None
S005190,T005190,D012,A003,2024-02-08,2024-02-11,2024-02-11,69,None
S005191,T005191,D015,A004,2024-02-28,2024-03-02,2024-03-02,15,None
S005192,T005192,D028,A007,2024-02-12,2024-02-13,2024-02-13,26,None
S005193,T005193,D030,A009,2026-03-14,2026-03-15,2026-03-15,23,None
S005194,T005194,D039,A013,2025-11-07,2025-11-08,2025-11-08,35,None
S005195,T005195,D009,A002,2024-07-10,2024-07-11,2024-07-13,23,None
S005196,T005196,D033,A009,2025-01-13,2025-01-16,2025-01-16,24,None
S005197,T005197,D029,A008,2024-12-25,2024-12-28,2024-12-28,17,None
S005198,T005198,D002,A001,2025-09-20,2025-09-21,2025-09-21,13,None
S005199,T005199,D018,A004,2026-07-14,2026-07-15,2026-07-15,16,None
S005200,T005200,D014,A004,2026-03-31,2026-04-02,2026-04-02,9,None
S005201,T005201,D014,A004,2026-04-11,2026-04-13,2026-04-13,8,None
S005202,T005202,D041,A013,2025-01-20,2025-01-22,2025-01-23,23,None
S005203,T005203,D019,A005,2025-07-22,2025-07-24,2025-07-24,14,None
S005204,T005204,D028,A007,2024-09-10,2024-09-13,2024-09-14,16,None
S005205,T005205,D038,A013,2026-06-20,2026-06-23,2026-06-25,28,None
S005206,T005206,D014,A004,2025-06-17,2025-06-20,2025-06-20,17,None
S005207,T005207,D031,A009,2024-11-26,2024-11-28,2024-11-28,19,None
S005208,T005208,D018,A004,2026-06-08,2026-06-11,2026-06-11,9,None
S005209,T005209,D036,A011,2026-05-31,2026-06-03,2026-06-04,28,None
S005210,T005210,D009,A002,2025-06-26,2025-06-27,2025-06-29,36,Transport Delay
S005211,T005211,D040,A013,2024-07-18,2024-07-20,2024-07-20,12,None
S005212,T005212,D009,A002,2026-04-11,2026-04-12,2026-04-13,28,None
S005213,T005213,D018,A004,2025-03-17,2025-03-19,2025-03-19,10,None
S005214,T005214,D029,A008,2025-08-18,2025-08-21,2025-08-21,12,None
S005215,T005215,D016,A004,2026-06-21,2026-06-24,2026-06-24,13,None
S005216,T005216,D021,A005,2026-07-22,2026-07-24,2026-07-24,15,None
S005217,T005217,D016,A004,2025-08-28,2025-08-30,2025-08-30,11,None
S005218,T005218,D029,A008,2025-07-19,2025-07-21,2025-07-21,36,None
S005219,T005219,D010,A002,2026-02-01,2026-02-03,2026-02-03,25,None
S005220,T005220,D004,A001,2025-10-01,2025-10-04,2025-10-04,15,None
S005221,T005221,D018,A004,2025-05-02,2025-05-03,2025-05-05,7,None
S005222,T005222,D014,A004,2025-11-23,2025-11-26,2025-11-26,13,None
S005223,T005223,D010,A002,2025-02-22,2025-02-24,2025-02-25,15,Transport Delay
S005224,T005224,D013,A004,2025-12-02,2025-12-04,2025-12-04,18,None
S005225,T005225,D018,A004,2026-05-26,2026-05-27,2026-05-28,16,None
S005226,T005226,D007,A001,2025-12-12,2025-12-13,2025-12-13,15,None
S005227,T005227,D021,A005,2026-04-09,2026-04-12,2026-04-12,5,None
S005228,T005228,D036,A011,2025-11-28,2025-11-29,2025-12-01,25,None
S005229,T005229,D003,A001,2026-01-16,2026-01-17,2026-01-17,12,None
S005230,T005230,D019,A005,2025-06-22,2025-06-23,2025-06-23,7,None
S005231,T005231,D026,A006,2026-01-02,2026-01-04,2026-01-09,45,Transport Routing Delay
S005232,T005232,D013,A004,2026-01-28,2026-01-30,2026-01-30,18,None
S005233,T005233,D027,A007,2024-09-18,2024-09-21,2024-09-21,36,None
S005234,T005234,D015,A004,2024-05-03,2024-05-05,2024-05-06,16,Minor Transport Delay
S005235,T005235,D021,A005,2025-04-07,2025-04-08,2025-04-08,5,None
S005236,T005236,D005,A001,2024-11-30,2024-12-01,2024-12-01,7,None
S005237,T005237,D027,A007,2024-01-15,2024-01-18,2024-01-19,31,None
S005238,T005238,D026,A006,2024-02-16,2024-02-18,2024-02-21,59,Transport Routing Delay
S005239,T005239,D001,A001,2025-02-18,2025-02-20,2025-02-20,12,Minor Transport Delay
S005240,T005240,D018,A004,2026-03-22,2026-03-23,2026-03-23,13,None
S005241,T005241,D039,A013,2024-10-15,2024-10-17,2024-10-19,17,None
S005242,T005242,D014,A004,2025-03-18,2025-03-20,2025-03-20,15,None
S005243,T005243,D025,A005,2025-07-12,2025-07-13,2025-07-13,10,None
S005244,T005244,D037,A012,2025-07-31,2025-08-03,2025-08-03,14,None
S005245,T005245,D027,A007,2026-02-20,2026-02-23,2026-02-24,28,None
S005246,T005246,D021,A005,2024-12-13,2024-12-16,2024-12-16,16,None
S005247,T005247,D031,A009,2024-10-10,2024-10-11,2024-10-12,24,None
S005248,T005248,D035,A010,2025-08-17,2025-08-20,2025-08-20,29,None
S005249,T005249,D017,A004,2026-04-09,2026-04-10,2026-04-11,18,None
S005250,T005250,D014,A004,2026-06-28,2026-06-29,2026-06-29,16,None
S005251,T005251,D013,A004,2025-07-25,2025-07-27,2025-07-27,7,None
S005252,T005252,D040,A013,2025-12-05,2025-12-08,2025-12-08,17,None
S005253,T005253,D028,A007,2024-03-05,2024-03-06,2024-03-07,19,None
S005254,T005254,D006,A001,2025-04-29,2025-05-02,2025-05-02,4,None
S005255,T005255,D035,A010,2025-09-04,2025-09-06,2025-09-06,34,None
S005256,T005256,D017,A004,2024-03-13,2024-03-15,2024-03-15,7,None
S005257,T005257,D004,A001,2025-07-03,2025-07-04,2025-07-04,14,None
S005258,T005258,D024,A005,2024-08-14,2024-08-17,2024-08-17,18,None
S005259,T005259,D013,A004,2026-03-06,2026-03-07,2026-03-09,16,None
S005260,T005260,D036,A011,2024-10-07,2024-10-10,2024-10-10,30,None
S005261,T005261,D011,A002,2025-08-27,2025-08-30,2025-08-30,36,None
S005262,T005262,D034,A010,2025-10-09,2025-10-12,2025-10-12,33,None
S005263,T005263,D025,A005,2026-06-29,2026-06-30,2026-06-30,4,None
S005264,T005264,D004,A001,2025-07-19,2025-07-20,2025-07-20,8,None
S005265,T005265,D038,A013,2024-10-10,2024-10-11,2024-10-13,29,Stock Delay
S005266,T005266,D021,A005,2024-10-28,2024-10-29,2024-10-31,18,None
S005267,T005267,D017,A004,2024-07-25,2024-07-27,2024-07-27,12,None
S005268,T005268,D015,A004,2025-02-16,2025-02-17,2025-02-18,12,None
S005269,T005269,D035,A010,2025-12-20,2025-12-22,2025-12-24,16,Stock Delay
S005270,T005270,D016,A004,2024-01-26,2024-01-28,2024-01-30,7,None
S005271,T005271,D010,A002,2025-10-17,2025-10-20,2025-10-20,29,None
S005272,T005272,D001,A001,2025-03-12,2025-03-14,2025-03-14,15,None
S005273,T005273,D015,A004,2025-10-21,2025-10-23,2025-10-23,15,None
S005274,T005274,D033,A009,2026-01-29,2026-01-31,2026-01-31,14,Transport Delay
S005275,T005275,D015,A004,2024-12-28,2024-12-30,2024-12-30,11,None
S005276,T005276,D010,A002,2025-07-30,2025-08-02,2025-08-03,22,None
S005277,T005277,D008,A002,2025-07-02,2025-07-05,2025-07-07,18,None
S005278,T005278,D017,A004,2026-06-16,2026-06-17,2026-06-17,13,None
S005279,T005279,D038,A013,2024-10-15,2024-10-17,2024-10-17,12,None
S005280,T005280,D016,A004,2025-05-23,2025-05-24,2025-05-24,11,None
S005281,T005281,D040,A013,2026-03-19,2026-03-22,2026-03-23,14,Transport Delay
S005282,T005282,D013,A004,2026-01-10,2026-01-11,2026-01-11,10,None
S005283,T005283,D010,A002,2024-01-03,2024-01-06,2024-01-10,35,Transport Delay
S005284,T005284,D036,A011,2025-05-17,2025-05-18,2025-05-19,25,None
S005285,T005285,D017,A004,2026-08-18,2026-08-21,2026-08-21,9,None
S005286,T005286,D027,A007,2025-06-20,2025-06-21,2025-06-22,30,None
S005287,T005287,D041,A013,2026-05-18,2026-05-21,2026-05-22,31,Stock Delay
S005288,T005288,D001,A001,2024-08-28,2024-08-31,2024-08-31,6,None
S005289,T005289,D003,A001,2025-08-25,2025-08-26,2025-08-26,4,None
S005290,T005290,D028,A007,2025-04-04,2025-04-06,2025-04-06,21,None
S005291,T005291,D012,A003,2025-07-22,2025-07-23,2025-07-28,78,Transport Routing Delay
S005292,T005292,D008,A002,2026-03-14,2026-03-16,2026-03-16,22,Transport Delay
S005293,T005293,D002,A001,2025-06-19,2025-06-22,2025-06-22,17,None
S005294,T005294,D005,A001,2025-02-18,2025-02-19,2025-02-19,18,None
S005295,T005295,D033,A009,2026-06-18,2026-06-21,2026-06-23,33,None
S005296,T005296,D004,A001,2025-01-22,2025-01-23,2025-01-24,6,None
S005297,T005297,D015,A004,2025-01-20,2025-01-22,2025-01-22,5,None
S005298,T005298,D020,A005,2024-08-23,2024-08-26,2024-08-27,17,None
S005299,T005299,D016,A004,2024-12-02,2024-12-04,2024-12-05,9,None
S005300,T005300,D001,A001,2025-01-28,2025-01-29,2025-01-29,6,None
S005301,T005301,D031,A009,2024-08-29,2024-09-01,2024-09-02,32,None
S005302,T005302,D005,A001,2025-03-21,2025-03-23,2025-03-23,4,None
S005303,T005303,D029,A008,2025-06-10,2025-06-12,2025-06-13,13,None
S005304,T005304,D036,A011,2024-07-16,2024-07-17,2024-07-19,28,None
S005305,T005305,D013,A004,2024-05-21,2024-05-24,2024-05-24,18,None
S005306,T005306,D025,A005,2025-04-05,2025-04-06,2025-04-07,6,None
S005307,T005307,D017,A004,2024-08-01,2024-08-02,2024-08-02,15,None
S005308,T005308,D013,A004,2025-12-03,2025-12-04,2025-12-04,8,Minor Transport Delay
S005309,T005309,D036,A011,2024-12-04,2024-12-06,2024-12-07,31,None
S005310,T005310,D036,A011,2024-07-08,2024-07-10,2024-07-10,36,None
S005311,T005311,D014,A004,2024-02-28,2024-03-02,2024-03-02,10,None
S005312,T005312,D023,A005,2024-07-21,2024-07-24,2024-07-24,14,None
S005313,T005313,D038,A013,2024-10-18,2024-10-19,2024-10-19,26,None
S005314,T005314,D041,A013,2025-09-12,2025-09-15,2025-09-16,32,None
S005315,T005315,D024,A005,2024-05-15,2024-05-18,2024-05-18,7,None
S005316,T005316,D016,A004,2025-04-27,2025-04-29,2025-04-29,13,Minor Transport Delay
S005317,T005317,D012,A003,2024-01-31,2024-02-03,2024-02-06,52,Warehouse Delay
S005318,T005318,D039,A013,2025-07-05,2025-07-08,2025-07-10,20,Transport Delay
S005319,T005319,D005,A001,2026-08-05,2026-08-08,2026-08-08,17,None
S005320,T005320,D023,A005,2024-10-12,2024-10-13,2024-10-13,10,None
S005321,T005321,D017,A004,2025-06-17,2025-06-20,2025-06-20,13,None
S005322,T005322,D012,A003,2025-06-15,2025-06-17,2025-06-20,50,Transport Routing Delay
S005323,T005323,D015,A004,2024-05-05,2024-05-08,2024-05-08,13,None
S005324,T005324,D040,A013,2025-09-16,2025-09-19,2025-09-19,21,None
S005325,T005325,D002,A001,2025-04-14,2025-04-16,2025-04-16,8,None
S005326,T005326,D020,A005,2025-05-06,2025-05-08,2025-05-08,13,None
S005327,T005327,D007,A001,2025-10-26,2025-10-29,2025-10-29,18,None
S005328,T005328,D001,A001,2026-06-12,2026-06-13,2026-06-13,18,None
S005329,T005329,D013,A004,2024-09-01,2024-09-04,2024-09-04,12,Minor Transport Delay
S005330,T005330,D020,A005,2024-11-17,2024-11-20,2024-11-21,13,None
S005331,T005331,D012,A003,2025-07-27,2025-07-30,2025-08-02,67,Transport Routing Delay
S005332,T005332,D018,A004,2025-04-25,2025-04-26,2025-04-26,13,None
S005333,T005333,D002,A001,2026-05-08,2026-05-11,2026-05-11,9,None
S005334,T005334,D017,A004,2026-08-10,2026-08-13,2026-08-13,16,None
S005335,T005335,D039,A013,2024-04-04,2024-04-06,2024-04-07,14,None
S005336,T005336,D041,A013,2025-02-20,2025-02-22,2025-02-23,28,None
S005337,T005337,D014,A004,2026-03-25,2026-03-28,2026-03-28,16,None
S005338,T005338,D019,A005,2026-08-18,2026-08-19,2026-08-19,10,None
S005339,T005339,D037,A012,2024-11-06,2024-11-09,2024-11-09,24,None
S005340,T005340,D003,A001,2025-08-03,2025-08-05,2025-08-05,9,None
S005341,T005341,D032,A009,2026-04-02,2026-04-04,2026-04-08,32,None
S005342,T005342,D039,A013,2024-04-21,2024-04-23,2024-04-23,13,Transport Delay
S005343,T005343,D001,A001,2026-05-18,2026-05-21,2026-05-21,12,None
S005344,T005344,D003,A001,2026-07-28,2026-07-29,2026-07-29,18,None
S005345,T005345,D039,A013,2026-04-22,2026-04-24,2026-04-24,24,None
S005346,T005346,D024,A005,2024-12-29,2025-01-01,2025-01-01,10,None
S005347,T005347,D001,A001,2025-09-07,2025-09-08,2025-09-08,16,None
S005348,T005348,D012,A003,2024-01-15,2024-01-16,2024-01-24,76,Transport Routing Delay
S005349,T005349,D018,A004,2024-09-30,2024-10-01,2024-10-01,12,None
S005350,T005350,D027,A007,2025-10-29,2025-10-30,2025-10-30,35,Transport Delay
S005351,T005351,D027,A007,2026-04-03,2026-04-04,2026-04-04,22,None
S005352,T005352,D040,A013,2026-07-15,2026-07-16,2026-07-16,20,None
S005353,T005353,D016,A004,2025-02-07,2025-02-08,2025-02-08,17,None
S005354,T005354,D023,A005,2026-05-11,2026-05-14,2026-05-14,4,None
S005355,T005355,D019,A005,2024-01-15,2024-01-16,2024-01-16,5,None
S005356,T005356,D016,A004,2026-06-28,2026-07-01,2026-07-01,10,None
S005357,T005357,D009,A002,2024-09-18,2024-09-20,2024-09-20,23,None
S005358,T005358,D038,A013,2024-05-10,2024-05-13,2024-05-15,19,Stock Delay
S005359,T005359,D035,A010,2026-01-25,2026-01-27,2026-01-28,25,None
S005360,T005360,D019,A005,2024-03-18,2024-03-21,2024-03-22,16,None
S005361,T005361,D024,A005,2025-06-06,2025-06-09,2025-06-09,8,None
S005362,T005362,D010,A002,2024-08-05,2024-08-08,2024-08-08,17,None
S005363,T005363,D025,A005,2025-03-16,2025-03-19,2025-03-19,10,None
S005364,T005364,D027,A007,2025-05-23,2025-05-26,2025-05-26,36,None
S005365,T005365,D021,A005,2025-12-29,2025-12-31,2026-01-01,7,None
S005366,T005366,D038,A013,2025-04-19,2025-04-21,2025-04-22,28,Stock Delay
S005367,T005367,D019,A005,2025-01-18,2025-01-21,2025-01-22,6,None
S005368,T005368,D015,A004,2025-11-18,2025-11-20,2025-11-20,10,None
S005369,T005369,D031,A009,2024-03-01,2024-03-04,2024-03-04,32,None
S005370,T005370,D008,A002,2025-10-01,2025-10-04,2025-10-04,30,None
S005371,T005371,D016,A004,2024-06-08,2024-06-09,2024-06-09,7,None
S005372,T005372,D015,A004,2025-01-22,2025-01-23,2025-01-25,13,None
S005373,T005373,D014,A004,2025-07-14,2025-07-17,2025-07-17,14,None
S005374,T005374,D031,A009,2026-03-09,2026-03-12,2026-03-13,15,None
S005375,T005375,D013,A004,2025-04-28,2025-04-30,2025-04-30,18,None
S005376,T005376,D031,A009,2025-08-18,2025-08-19,2025-08-19,20,None
S005377,T005377,D024,A005,2024-08-02,2024-08-05,2024-08-05,18,None
S005378,T005378,D015,A004,2025-11-28,2025-12-01,2025-12-01,9,Minor Transport Delay
S005379,T005379,D033,A009,2026-04-18,2026-04-21,2026-04-21,27,None
S005380,T005380,D010,A002,2026-01-20,2026-01-22,2026-01-23,19,Stock Delay
S005381,T005381,D009,A002,2025-08-31,2025-09-03,2025-09-04,21,None
S005382,T005382,D023,A005,2025-11-29,2025-11-30,2025-12-02,12,None
S005383,T005383,D012,A003,2025-07-14,2025-07-17,2025-07-25,86,Parts Damage
S005384,T005384,D001,A001,2025-11-26,2025-11-29,2025-11-29,6,None
S005385,T005385,D023,A005,2024-09-05,2024-09-07,2024-09-07,4,None
S005386,T005386,D023,A005,2025-09-08,2025-09-10,2025-09-11,14,None
S005387,T005387,D018,A004,2025-06-19,2025-06-21,2025-06-21,14,None
S005388,T005388,D041,A013,2026-02-10,2026-02-12,2026-02-14,17,None
S005389,T005389,D024,A005,2025-01-21,2025-01-23,2025-01-23,7,None
S005390,T005390,D034,A010,2026-08-19,2026-08-22,2026-08-23,23,None
S005391,T005391,D003,A001,2024-02-24,2024-02-27,2024-02-27,4,None
S005392,T005392,D022,A005,2024-12-15,2024-12-18,2024-12-19,4,None
S005393,T005393,D036,A011,2026-06-26,2026-06-28,2026-06-28,12,None
S005394,T005394,D021,A005,2026-07-30,2026-08-01,2026-08-01,11,None
S005395,T005395,D027,A007,2024-06-01,2024-06-04,2024-06-05,36,None
S005396,T005396,D016,A004,2024-08-29,2024-08-30,2024-08-30,5,None
S005397,T005397,D005,A001,2026-02-05,2026-02-06,2026-02-06,6,None
S005398,T005398,D016,A004,2025-05-15,2025-05-16,2025-05-16,14,None
S005399,T005399,D017,A004,2026-04-04,2026-04-06,2026-04-07,18,None
S005400,T005400,D036,A011,2025-03-01,2025-03-03,2025-03-03,14,Transport Delay
S005401,T005401,D012,A003,2024-12-20,2024-12-22,2024-12-25,59,Dealer Stockout
S005402,T005402,D038,A013,2025-07-10,2025-07-11,2025-07-15,36,Stock Delay
S005403,T005403,D038,A013,2024-03-18,2024-03-20,2024-03-20,28,None
S005404,T005404,D012,A003,2024-06-11,2024-06-12,2024-06-12,67,Dealer Stockout
S005405,T005405,D018,A004,2025-01-27,2025-01-29,2025-01-29,8,None
S005406,T005406,D036,A011,2024-01-25,2024-01-27,2024-01-27,33,None
S005407,T005407,D041,A013,2024-05-23,2024-05-24,2024-05-26,21,None
S005408,T005408,D015,A004,2024-10-14,2024-10-15,2024-10-15,4,None
S005409,T005409,D016,A004,2025-04-10,2025-04-11,2025-04-11,11,None
S005410,T005410,D023,A005,2024-06-17,2024-06-19,2024-06-19,5,None
S005411,T005411,D027,A007,2026-04-05,2026-04-06,2026-04-07,20,None
S005412,T005412,D012,A003,2026-01-13,2026-01-16,2026-01-16,39,Warehouse Delay
S005413,T005413,D028,A007,2024-10-04,2024-10-07,2024-10-09,25,None
S005414,T005414,D006,A001,2025-01-14,2025-01-16,2025-01-16,4,None
S005415,T005415,D006,A001,2024-08-18,2024-08-21,2024-08-21,15,None
S005416,T005416,D018,A004,2026-08-01,2026-08-03,2026-08-04,5,None
S005417,T005417,D017,A004,2026-02-18,2026-02-21,2026-02-21,17,None
S005418,T005418,D016,A004,2025-06-25,2025-06-28,2025-06-28,10,None
S005419,T005419,D013,A004,2025-07-04,2025-07-06,2025-07-06,7,None
S005420,T005420,D014,A004,2024-01-26,2024-01-29,2024-01-30,6,None
S005421,T005421,D008,A002,2024-01-03,2024-01-04,2024-01-04,36,None
S005422,T005422,D015,A004,2025-04-02,2025-04-03,2025-04-04,16,None
S005423,T005423,D040,A013,2026-03-19,2026-03-20,2026-03-22,18,None
S005424,T005424,D013,A004,2024-04-16,2024-04-17,2024-04-18,14,None
S005425,T005425,D015,A004,2025-06-03,2025-06-04,2025-06-04,6,Minor Transport Delay
S005426,T005426,D024,A005,2024-09-11,2024-09-12,2024-09-12,18,None
S005427,T005427,D040,A013,2025-07-20,2025-07-23,2025-07-27,12,None
S005428,T005428,D012,A003,2026-06-20,2026-06-21,2026-06-22,85,Transport Routing Delay
S005429,T005429,D026,A006,2024-11-07,2024-11-08,2024-11-08,56,Warehouse Delay
S005430,T005430,D028,A007,2026-08-02,2026-08-03,2026-08-03,16,None
S005431,T005431,D022,A005,2025-06-12,2025-06-13,2025-06-13,18,None
S005432,T005432,D006,A001,2026-06-12,2026-06-14,2026-06-15,7,None
S005433,T005433,D026,A006,2024-12-07,2024-12-09,2024-12-12,88,Warehouse Delay
S005434,T005434,D001,A001,2024-01-13,2024-01-14,2024-01-15,12,None
S005435,T005435,D022,A005,2024-10-07,2024-10-10,2024-10-11,5,None
S005436,T005436,D029,A008,2024-12-24,2024-12-27,2024-12-29,25,None
S005437,T005437,D009,A002,2025-10-13,2025-10-15,2025-10-19,22,None
S005438,T005438,D035,A010,2026-08-05,2026-08-08,2026-08-09,30,None
S005439,T005439,D006,A001,2025-05-08,2025-05-09,2025-05-09,13,None
S005440,T005440,D035,A010,2024-02-04,2024-02-07,2024-02-07,33,None
S005441,T005441,D016,A004,2026-01-27,2026-01-28,2026-01-28,14,None
S005442,T005442,D010,A002,2025-12-30,2025-12-31,2026-01-01,32,Stock Delay
S005443,T005443,D006,A001,2026-02-25,2026-02-28,2026-02-28,10,None
S005444,T005444,D039,A013,2024-05-24,2024-05-25,2024-05-26,27,Transport Delay
S005445,T005445,D003,A001,2026-01-04,2026-01-06,2026-01-06,5,None
S005446,T005446,D010,A002,2025-12-04,2025-12-07,2025-12-09,19,Stock Delay
S005447,T005447,D015,A004,2024-04-03,2024-04-04,2024-04-05,14,None
S005448,T005448,D025,A005,2024-01-18,2024-01-19,2024-01-19,16,None
S005449,T005449,D024,A005,2025-12-13,2025-12-15,2025-12-15,14,None
S005450,T005450,D002,A001,2024-01-28,2024-01-31,2024-01-31,9,Minor Transport Delay
S005451,T005451,D017,A004,2024-08-08,2024-08-09,2024-08-09,13,None
S005452,T005452,D012,A003,2025-03-21,2025-03-22,2025-03-27,95,Transport Routing Delay
S005453,T005453,D009,A002,2024-10-18,2024-10-19,2024-10-19,34,None
S005454,T005454,D016,A004,2025-04-19,2025-04-20,2025-04-20,12,None
S005455,T005455,D027,A007,2024-01-22,2024-01-24,2024-01-24,21,None
S005456,T005456,D009,A002,2024-05-23,2024-05-26,2024-05-26,21,None
S005457,T005457,D017,A004,2026-01-06,2026-01-07,2026-01-07,9,None
S005458,T005458,D014,A004,2025-07-27,2025-07-30,2025-07-30,8,None
S005459,T005459,D039,A013,2025-01-21,2025-01-23,2025-01-23,18,None
S005460,T005460,D039,A013,2024-12-11,2024-12-12,2024-12-12,36,Transport Delay
S005461,T005461,D033,A009,2025-02-06,2025-02-07,2025-02-07,20,Stock Delay
S005462,T005462,D012,A003,2026-06-06,2026-06-08,2026-06-09,65,Transport Routing Delay
S005463,T005463,D002,A001,2026-05-20,2026-05-21,2026-05-21,17,None
S005464,T005464,D015,A004,2026-08-20,2026-08-21,2026-08-21,6,None
S005465,T005465,D012,A003,2025-04-17,2025-04-18,2025-04-21,78,Dealer Stockout
S005466,T005466,D021,A005,2024-12-01,2024-12-04,2024-12-04,15,None
S005467,T005467,D030,A009,2025-10-02,2025-10-04,2025-10-06,26,None
S005468,T005468,D034,A010,2025-05-11,2025-05-13,2025-05-13,26,None
S005469,T005469,D034,A010,2025-07-12,2025-07-13,2025-07-13,26,None
S005470,T005470,D017,A004,2026-03-02,2026-03-03,2026-03-03,8,None
S005471,T005471,D027,A007,2026-07-31,2026-08-02,2026-08-02,36,None
S005472,T005472,D016,A004,2026-06-12,2026-06-15,2026-06-15,9,None
S005473,T005473,D001,A001,2025-05-13,2025-05-16,2025-05-17,8,None
S005474,T005474,D028,A007,2024-04-11,2024-04-14,2024-04-15,32,None
S005475,T005475,D001,A001,2024-10-26,2024-10-28,2024-10-29,13,None
S005476,T005476,D013,A004,2025-10-06,2025-10-09,2025-10-09,14,None
S005477,T005477,D015,A004,2025-06-16,2025-06-18,2025-06-18,18,None
S005478,T005478,D027,A007,2024-05-17,2024-05-19,2024-05-19,26,Transport Delay
S005479,T005479,D030,A009,2026-07-25,2026-07-27,2026-07-28,22,None
S005480,T005480,D017,A004,2024-01-05,2024-01-08,2024-01-08,11,None
S005481,T005481,D032,A009,2024-01-15,2024-01-18,2024-01-18,18,None
S005482,T005482,D017,A004,2025-09-01,2025-09-02,2025-09-02,14,None
S005483,T005483,D015,A004,2026-04-27,2026-04-30,2026-04-30,10,None
S005484,T005484,D028,A007,2024-02-03,2024-02-06,2024-02-07,26,None
S005485,T005485,D027,A007,2026-04-21,2026-04-24,2026-04-24,26,Transport Delay
S005486,T005486,D038,A013,2026-08-09,2026-08-10,2026-08-11,24,None
S005487,T005487,D011,A002,2024-02-14,2024-02-17,2024-02-17,30,None
S005488,T005488,D026,A006,2026-06-02,2026-06-05,2026-06-08,36,Warehouse Delay
S005489,T005489,D019,A005,2024-12-06,2024-12-07,2024-12-07,6,None
S005490,T005490,D037,A012,2025-10-06,2025-10-09,2025-10-10,32,None
S005491,T005491,D007,A001,2024-07-14,2024-07-16,2024-07-16,17,None
S005492,T005492,D029,A008,2025-08-07,2025-08-08,2025-08-10,18,Stock Delay
S005493,T005493,D022,A005,2025-01-22,2025-01-24,2025-01-24,9,None
S005494,T005494,D012,A003,2025-08-15,2025-08-16,2025-08-19,89,Warehouse Delay
S005495,T005495,D014,A004,2025-04-10,2025-04-11,2025-04-11,6,None
S005496,T005496,D017,A004,2024-11-11,2024-11-12,2024-11-12,10,None
S005497,T005497,D025,A005,2026-05-22,2026-05-24,2026-05-24,15,None
S005498,T005498,D036,A011,2025-10-22,2025-10-24,2025-10-25,23,None
S005499,T005499,D023,A005,2024-05-24,2024-05-27,2024-05-27,7,None
S005500,T005500,D023,A005,2025-05-31,2025-06-02,2025-06-03,6,None
S005501,T005501,D020,A005,2024-09-25,2024-09-28,2024-09-28,12,None
S005502,T005502,D004,A001,2024-03-24,2024-03-27,2024-03-27,9,Minor Transport Delay
S005503,T005503,D011,A002,2025-01-09,2025-01-10,2025-01-11,16,None
S005504,T005504,D015,A004,2026-01-06,2026-01-09,2026-01-09,4,Minor Transport Delay
S005505,T005505,D018,A004,2026-05-28,2026-05-31,2026-05-31,10,None
S005506,T005506,D009,A002,2025-10-29,2025-10-30,2025-10-30,36,Transport Delay
S005507,T005507,D024,A005,2026-01-18,2026-01-19,2026-01-19,17,None
S005508,T005508,D013,A004,2026-04-09,2026-04-12,2026-04-14,5,None
S005509,T005509,D012,A003,2024-12-11,2024-12-14,2024-12-17,83,Transport Routing Delay
S005510,T005510,D015,A004,2024-02-13,2024-02-14,2024-02-14,6,None
S005511,T005511,D007,A001,2025-06-13,2025-06-15,2025-06-15,17,None
S005512,T005512,D041,A013,2025-11-03,2025-11-04,2025-11-06,29,None
S005513,T005513,D036,A011,2025-04-12,2025-04-13,2025-04-13,27,None
S005514,T005514,D028,A007,2025-04-02,2025-04-05,2025-04-05,31,None
S005515,T005515,D007,A001,2026-07-15,2026-07-17,2026-07-18,10,None
S005516,T005516,D032,A009,2025-03-10,2025-03-13,2025-03-14,12,None
S005517,T005517,D030,A009,2024-05-10,2024-05-11,2024-05-11,16,None
S005518,T005518,D032,A009,2025-09-27,2025-09-30,2025-09-30,27,None
S005519,T005519,D002,A001,2026-07-22,2026-07-23,2026-07-23,4,None
S005520,T005520,D022,A005,2026-07-14,2026-07-16,2026-07-16,16,None
S005521,T005521,D035,A010,2026-04-08,2026-04-11,2026-04-11,17,Stock Delay
S005522,T005522,D022,A005,2025-05-11,2025-05-13,2025-05-13,18,Minor Transport Delay
S005523,T005523,D023,A005,2024-08-05,2024-08-07,2024-08-07,12,None
S005524,T005524,D013,A004,2026-05-29,2026-06-01,2026-06-01,15,None
S005525,T005525,D020,A005,2024-09-30,2024-10-02,2024-10-02,16,None
S005526,T005526,D001,A001,2026-04-19,2026-04-20,2026-04-20,6,None
S005527,T005527,D021,A005,2026-03-10,2026-03-13,2026-03-13,9,None
S005528,T005528,D007,A001,2026-04-25,2026-04-28,2026-04-28,16,None
S005529,T005529,D016,A004,2025-01-22,2025-01-24,2025-01-24,9,None
S005530,T005530,D017,A004,2025-02-27,2025-03-01,2025-03-02,18,None
S005531,T005531,D024,A005,2025-03-12,2025-03-14,2025-03-14,12,None
S005532,T005532,D006,A001,2025-02-14,2025-02-17,2025-02-17,7,None
S005533,T005533,D027,A007,2024-12-17,2024-12-19,2024-12-19,20,None
S005534,T005534,D031,A009,2024-10-19,2024-10-22,2024-10-23,16,None
S005535,T005535,D010,A002,2024-10-21,2024-10-22,2024-10-22,15,None
S005536,T005536,D003,A001,2024-02-06,2024-02-09,2024-02-09,7,None
S005537,T005537,D001,A001,2025-03-13,2025-03-15,2025-03-15,17,None
S005538,T005538,D036,A011,2025-10-25,2025-10-26,2025-10-27,26,Stock Delay
S005539,T005539,D024,A005,2025-09-23,2025-09-25,2025-09-25,6,None
S005540,T005540,D013,A004,2025-11-12,2025-11-13,2025-11-14,14,None
S005541,T005541,D005,A001,2025-11-14,2025-11-16,2025-11-17,18,None
S005542,T005542,D019,A005,2025-06-16,2025-06-17,2025-06-17,10,None
S005543,T005543,D036,A011,2024-10-28,2024-10-29,2024-10-29,20,None
S005544,T005544,D035,A010,2025-09-10,2025-09-12,2025-09-12,20,None
S005545,T005545,D023,A005,2026-02-27,2026-03-01,2026-03-01,13,None
S005546,T005546,D003,A001,2026-03-05,2026-03-07,2026-03-07,12,None
S005547,T005547,D006,A001,2025-06-01,2025-06-02,2025-06-02,15,None
S005548,T005548,D005,A001,2025-11-12,2025-11-14,2025-11-14,15,None
S005549,T005549,D012,A003,2025-07-06,2025-07-07,2025-07-07,75,Transport Routing Delay
S005550,T005550,D002,A001,2026-01-13,2026-01-16,2026-01-16,13,None
S005551,T005551,D012,A003,2026-05-30,2026-05-31,2026-06-05,44,None
S005552,T005552,D015,A004,2024-11-22,2024-11-24,2024-11-24,6,None
S005553,T005553,D040,A013,2026-08-06,2026-08-09,2026-08-09,36,Transport Delay
S005554,T005554,D022,A005,2025-08-09,2025-08-11,2025-08-11,17,None
S005555,T005555,D035,A010,2025-06-12,2025-06-13,2025-06-13,28,None
S005556,T005556,D027,A007,2024-04-21,2024-04-24,2024-04-25,19,None
S005557,T005557,D003,A001,2024-04-21,2024-04-24,2024-04-24,15,Minor Transport Delay
S005558,T005558,D027,A007,2024-07-25,2024-07-27,2024-07-28,13,Transport Delay
S005559,T005559,D012,A003,2024-12-21,2024-12-23,2024-12-23,42,Warehouse Delay
S005560,T005560,D025,A005,2025-12-17,2025-12-19,2025-12-19,9,None
S005561,T005561,D015,A004,2025-09-03,2025-09-06,2025-09-07,7,None
S005562,T005562,D038,A013,2024-06-06,2024-06-07,2024-06-07,32,Transport Delay
S005563,T005563,D012,A003,2025-06-21,2025-06-22,2025-06-22,60,Dealer Stockout
S005564,T005564,D012,A003,2025-02-01,2025-02-03,2025-02-04,49,Dealer Stockout
S005565,T005565,D038,A013,2024-07-04,2024-07-07,2024-07-07,18,None
S005566,T005566,D004,A001,2024-10-11,2024-10-14,2024-10-14,6,None
S005567,T005567,D028,A007,2024-02-08,2024-02-09,2024-02-09,15,None
S005568,T005568,D027,A007,2024-10-02,2024-10-05,2024-10-09,19,Transport Delay
S005569,T005569,D034,A010,2025-05-01,2025-05-04,2025-05-04,24,Transport Delay
S005570,T005570,D038,A013,2024-09-26,2024-09-29,2024-09-30,21,None
S005571,T005571,D041,A013,2024-02-22,2024-02-23,2024-02-25,19,None
S005572,T005572,D004,A001,2024-06-06,2024-06-07,2024-06-07,18,None
S005573,T005573,D032,A009,2026-04-02,2026-04-03,2026-04-03,24,Stock Delay
S005574,T005574,D020,A005,2025-09-19,2025-09-20,2025-09-20,14,None
S005575,T005575,D020,A005,2025-04-29,2025-05-02,2025-05-02,8,None
S005576,T005576,D001,A001,2026-02-09,2026-02-11,2026-02-11,18,Minor Transport Delay
S005577,T005577,D020,A005,2024-08-12,2024-08-14,2024-08-16,10,None
S005578,T005578,D038,A013,2025-06-22,2025-06-23,2025-06-24,18,None
S005579,T005579,D037,A012,2024-10-31,2024-11-02,2024-11-03,13,None
S005580,T005580,D018,A004,2025-01-03,2025-01-06,2025-01-08,17,None
S005581,T005581,D005,A001,2024-01-04,2024-01-07,2024-01-09,6,None
S005582,T005582,D013,A004,2025-08-14,2025-08-16,2025-08-16,8,None
S005583,T005583,D035,A010,2024-01-27,2024-01-29,2024-01-31,12,None
S005584,T005584,D028,A007,2024-12-21,2024-12-23,2024-12-24,36,None
S005585,T005585,D013,A004,2025-10-23,2025-10-25,2025-10-25,10,None
S005586,T005586,D007,A001,2026-03-19,2026-03-22,2026-03-22,6,None
S005587,T005587,D014,A004,2024-02-13,2024-02-14,2024-02-14,10,None
S005588,T005588,D017,A004,2024-04-17,2024-04-18,2024-04-19,17,None
S005589,T005589,D038,A013,2026-01-26,2026-01-27,2026-01-27,19,None
S005590,T005590,D025,A005,2025-11-18,2025-11-19,2025-11-20,15,None
S005591,T005591,D014,A004,2025-07-14,2025-07-15,2025-07-15,6,None
S005592,T005592,D022,A005,2025-11-26,2025-11-27,2025-11-27,15,None
S005593,T005593,D003,A001,2026-08-10,2026-08-12,2026-08-12,8,None
S005594,T005594,D039,A013,2024-10-21,2024-10-22,2024-10-22,34,None
S005595,T005595,D013,A004,2024-01-16,2024-01-17,2024-01-17,11,None
S005596,T005596,D014,A004,2025-07-11,2025-07-14,2025-07-14,14,None
S005597,T005597,D018,A004,2025-08-23,2025-08-25,2025-08-25,15,Minor Transport Delay
S005598,T005598,D026,A006,2026-02-16,2026-02-19,2026-02-22,60,Dealer Stockout
S005599,T005599,D026,A006,2024-07-07,2024-07-09,2024-07-17,80,Transport Routing Delay
S005600,T005600,D028,A007,2026-03-30,2026-04-01,2026-04-01,36,None
S005601,T005601,D012,A003,2025-04-14,2025-04-16,2025-04-17,40,None
S005602,T005602,D017,A004,2024-07-12,2024-07-15,2024-07-15,13,None
S005603,T005603,D002,A001,2025-01-20,2025-01-21,2025-01-21,7,None
S005604,T005604,D026,A006,2025-03-09,2025-03-12,2025-03-13,40,Transport Routing Delay
S005605,T005605,D007,A001,2024-07-21,2024-07-22,2024-07-22,8,None
S005606,T005606,D024,A005,2025-07-12,2025-07-14,2025-07-14,17,None
S005607,T005607,D036,A011,2025-12-08,2025-12-09,2025-12-11,16,None
S005608,T005608,D036,A011,2025-08-31,2025-09-01,2025-09-01,17,Transport Delay
S005609,T005609,D014,A004,2024-07-20,2024-07-23,2024-07-23,7,None
S005610,T005610,D015,A004,2024-06-29,2024-06-30,2024-06-30,13,Minor Transport Delay
S005611,T005611,D002,A001,2025-05-11,2025-05-12,2025-05-12,17,None
S005612,T005612,D026,A006,2026-06-17,2026-06-20,2026-06-20,53,Dealer Stockout
S005613,T005613,D032,A009,2024-12-12,2024-12-13,2024-12-13,16,None
S005614,T005614,D012,A003,2025-03-29,2025-03-30,2025-04-02,88,Transport Routing Delay
S005615,T005615,D017,A004,2025-12-24,2025-12-27,2025-12-27,4,None
S005616,T005616,D034,A010,2025-12-11,2025-12-14,2025-12-14,32,Transport Delay
S005617,T005617,D036,A011,2024-12-26,2024-12-27,2024-12-29,29,Stock Delay
S005618,T005618,D012,A003,2024-07-31,2024-08-03,2024-08-06,77,None
S005619,T005619,D025,A005,2025-10-01,2025-10-04,2025-10-05,18,None
S005620,T005620,D009,A002,2026-02-19,2026-02-22,2026-02-23,20,None
S005621,T005621,D003,A001,2025-08-07,2025-08-08,2025-08-08,6,None
S005622,T005622,D037,A012,2024-05-12,2024-05-13,2024-05-14,33,None
S005623,T005623,D033,A009,2024-01-05,2024-01-07,2024-01-09,14,None
S005624,T005624,D029,A008,2025-05-30,2025-06-01,2025-06-01,26,None
S005625,T005625,D006,A001,2026-02-10,2026-02-11,2026-02-11,5,None
S005626,T005626,D035,A010,2025-10-23,2025-10-25,2025-10-25,32,Stock Delay
S005627,T005627,D014,A004,2025-11-11,2025-11-12,2025-11-12,17,Minor Transport Delay
S005628,T005628,D018,A004,2024-06-25,2024-06-26,2024-06-26,9,None
S005629,T005629,D024,A005,2025-12-24,2025-12-27,2025-12-27,5,None
S005630,T005630,D007,A001,2026-06-14,2026-06-16,2026-06-16,6,None
S005631,T005631,D029,A008,2025-03-08,2025-03-10,2025-03-10,32,None
S005632,T005632,D024,A005,2026-08-14,2026-08-16,2026-08-17,15,None
S005633,T005633,D010,A002,2025-05-10,2025-05-11,2025-05-11,20,None
S005634,T005634,D010,A002,2026-02-16,2026-02-19,2026-02-19,25,None
S005635,T005635,D009,A002,2024-05-23,2024-05-26,2024-05-26,19,None
S005636,T005636,D006,A001,2025-11-12,2025-11-13,2025-11-13,9,None
S005637,T005637,D024,A005,2024-09-29,2024-09-30,2024-09-30,5,None
S005638,T005638,D035,A010,2025-06-30,2025-07-03,2025-07-05,31,Transport Delay
S005639,T005639,D003,A001,2024-09-03,2024-09-04,2024-09-04,6,None
S005640,T005640,D002,A001,2026-01-25,2026-01-27,2026-01-27,11,None
S005641,T005641,D022,A005,2024-03-04,2024-03-06,2024-03-06,14,None
S005642,T005642,D031,A009,2025-06-02,2025-06-05,2025-06-07,19,None
S005643,T005643,D018,A004,2024-01-31,2024-02-03,2024-02-03,4,None
S005644,T005644,D013,A004,2024-04-21,2024-04-23,2024-04-25,8,None
S005645,T005645,D021,A005,2025-02-05,2025-02-08,2025-02-08,6,None
S005646,T005646,D012,A003,2024-11-10,2024-11-13,2024-11-18,37,Dealer Stockout
S005647,T005647,D001,A001,2026-04-26,2026-04-29,2026-05-01,15,None
S005648,T005648,D027,A007,2025-12-05,2025-12-08,2025-12-10,21,Transport Delay
S005649,T005649,D019,A005,2024-10-17,2024-10-20,2024-10-20,15,Minor Transport Delay
S005650,T005650,D019,A005,2026-06-28,2026-06-29,2026-06-29,4,None
S005651,T005651,D029,A008,2025-12-02,2025-12-03,2025-12-03,23,None
S005652,T005652,D026,A006,2024-03-31,2024-04-03,2024-04-06,65,Transport Routing Delay
S005653,T005653,D011,A002,2025-03-01,2025-03-03,2025-03-03,23,None
S005654,T005654,D013,A004,2024-09-28,2024-09-29,2024-09-29,5,None
S005655,T005655,D005,A001,2024-12-25,2024-12-27,2024-12-27,18,None
S005656,T005656,D006,A001,2024-06-08,2024-06-10,2024-06-10,12,None
S005657,T005657,D026,A006,2024-05-05,2024-05-06,2024-05-14,63,Dealer Stockout
S005658,T005658,D035,A010,2026-05-16,2026-05-18,2026-05-18,23,None
S005659,T005659,D038,A013,2024-02-06,2024-02-07,2024-02-08,25,Transport Delay
S005660,T005660,D024,A005,2024-09-17,2024-09-19,2024-09-19,9,None
S005661,T005661,D008,A002,2025-05-23,2025-05-25,2025-05-27,17,None
S005662,T005662,D002,A001,2024-11-25,2024-11-26,2024-11-26,8,None
S005663,T005663,D031,A009,2024-11-03,2024-11-04,2024-11-05,25,None
S005664,T005664,D024,A005,2025-09-16,2025-09-19,2025-09-19,9,None
S005665,T005665,D025,A005,2024-08-28,2024-08-29,2024-08-29,4,Minor Transport Delay
S005666,T005666,D031,A009,2026-03-11,2026-03-14,2026-03-18,36,None
S005667,T005667,D027,A007,2024-01-27,2024-01-30,2024-01-31,28,None
S005668,T005668,D035,A010,2026-08-22,2026-08-23,2026-08-27,30,None
S005669,T005669,D007,A001,2026-03-22,2026-03-23,2026-03-23,11,None
S005670,T005670,D029,A008,2024-12-09,2024-12-12,2024-12-14,20,None
S005671,T005671,D035,A010,2024-09-28,2024-09-29,2024-09-29,22,Stock Delay
S005672,T005672,D016,A004,2025-03-12,2025-03-15,2025-03-15,7,None
S005673,T005673,D022,A005,2025-10-02,2025-10-04,2025-10-05,18,None
S005674,T005674,D013,A004,2024-02-08,2024-02-09,2024-02-11,6,None
S005675,T005675,D039,A013,2025-12-16,2025-12-18,2025-12-18,20,None
S005676,T005676,D004,A001,2025-05-19,2025-05-21,2025-05-21,7,None
S005677,T005677,D022,A005,2025-06-03,2025-06-04,2025-06-04,12,None
S005678,T005678,D010,A002,2024-02-25,2024-02-28,2024-02-29,32,None
S005679,T005679,D027,A007,2024-07-14,2024-07-15,2024-07-19,26,None
S005680,T005680,D009,A002,2025-11-18,2025-11-20,2025-11-20,34,None
S005681,T005681,D008,A002,2024-03-25,2024-03-26,2024-03-27,22,None
S005682,T005682,D014,A004,2025-01-25,2025-01-27,2025-01-27,14,None
S005683,T005683,D037,A012,2026-08-31,2026-09-02,2026-09-03,14,Stock Delay
S005684,T005684,D010,A002,2024-01-02,2024-01-03,2024-01-04,35,None
S005685,T005685,D006,A001,2025-11-18,2025-11-20,2025-11-21,7,None
S005686,T005686,D029,A008,2024-08-22,2024-08-23,2024-08-23,30,None
S005687,T005687,D019,A005,2025-02-04,2025-02-07,2025-02-07,11,None
S005688,T005688,D037,A012,2024-12-28,2024-12-31,2025-01-01,32,None
S005689,T005689,D001,A001,2025-11-26,2025-11-27,2025-11-27,4,None
S005690,T005690,D020,A005,2025-01-04,2025-01-07,2025-01-07,16,None
S005691,T005691,D010,A002,2025-01-14,2025-01-16,2025-01-18,21,Stock Delay
S005692,T005692,D005,A001,2026-02-05,2026-02-06,2026-02-07,8,None
S005693,T005693,D026,A006,2024-02-19,2024-02-20,2024-02-25,74,Transport Routing Delay
S005694,T005694,D023,A005,2024-02-13,2024-02-15,2024-02-15,5,None
S005695,T005695,D029,A008,2026-01-29,2026-01-31,2026-02-01,29,None
S005696,T005696,D017,A004,2024-09-26,2024-09-27,2024-09-27,17,Minor Transport Delay
S005697,T005697,D016,A004,2024-10-12,2024-10-15,2024-10-15,5,None
S005698,T005698,D016,A004,2024-12-06,2024-12-07,2024-12-09,14,None
S005699,T005699,D039,A013,2026-04-25,2026-04-27,2026-04-28,18,None
S005700,T005700,D015,A004,2026-04-18,2026-04-20,2026-04-20,14,None
S005701,T005701,D014,A004,2025-09-27,2025-09-28,2025-09-28,7,None
S005702,T005702,D013,A004,2026-07-17,2026-07-20,2026-07-20,10,None
S005703,T005703,D022,A005,2025-03-28,2025-03-30,2025-03-31,11,Minor Transport Delay
S005704,T005704,D012,A003,2026-03-01,2026-03-03,2026-03-11,92,Dealer Stockout
S005705,T005705,D037,A012,2024-10-18,2024-10-21,2024-10-23,27,None
S005706,T005706,D012,A003,2024-02-28,2024-03-02,2024-03-02,88,Warehouse Delay
S005707,T005707,D036,A011,2025-07-06,2025-07-07,2025-07-07,19,None
S005708,T005708,D007,A001,2024-01-06,2024-01-07,2024-01-08,8,None
S005709,T005709,D026,A006,2024-01-10,2024-01-13,2024-01-18,72,Transport Routing Delay
S005710,T005710,D037,A012,2024-04-26,2024-04-28,2024-04-28,30,None
S005711,T005711,D011,A002,2024-09-23,2024-09-25,2024-09-27,13,None
S005712,T005712,D040,A013,2026-02-01,2026-02-04,2026-02-06,24,None
S005713,T005713,D018,A004,2024-05-24,2024-05-27,2024-05-27,11,None
S005714,T005714,D041,A013,2024-05-15,2024-05-16,2024-05-16,20,Stock Delay
S005715,T005715,D026,A006,2024-06-22,2024-06-24,2024-06-24,90,Dealer Stockout
S005716,T005716,D015,A004,2026-05-21,2026-05-23,2026-05-23,9,None
S005717,T005717,D008,A002,2025-12-25,2025-12-28,2025-12-28,29,None
S005718,T005718,D015,A004,2026-06-13,2026-06-16,2026-06-17,17,None
S005719,T005719,D004,A001,2024-10-08,2024-10-09,2024-10-10,5,None
S005720,T005720,D002,A001,2025-07-08,2025-07-11,2025-07-11,5,None
S005721,T005721,D003,A001,2024-09-18,2024-09-21,2024-09-21,7,None
S005722,T005722,D016,A004,2026-07-14,2026-07-16,2026-07-16,14,None
S005723,T005723,D030,A009,2025-06-08,2025-06-10,2025-06-10,36,None
S005724,T005724,D003,A001,2025-03-29,2025-03-30,2025-03-30,15,None
S005725,T005725,D002,A001,2025-12-28,2025-12-29,2025-12-29,8,Minor Transport Delay
S005726,T005726,D024,A005,2025-05-13,2025-05-15,2025-05-15,7,None
S005727,T005727,D008,A002,2024-11-20,2024-11-21,2024-11-21,25,None
S005728,T005728,D001,A001,2026-04-20,2026-04-23,2026-04-23,5,None
S005729,T005729,D011,A002,2026-06-13,2026-06-16,2026-06-18,26,None
S005730,T005730,D040,A013,2024-05-12,2024-05-14,2024-05-16,23,None
S005731,T005731,D031,A009,2025-07-24,2025-07-26,2025-07-26,32,Transport Delay
S005732,T005732,D018,A004,2024-11-03,2024-11-05,2024-11-05,4,None
S005733,T005733,D026,A006,2024-07-17,2024-07-18,2024-07-23,60,None
S005734,T005734,D023,A005,2026-02-12,2026-02-15,2026-02-15,8,None
S005735,T005735,D026,A006,2024-02-14,2024-02-17,2024-02-22,86,Dealer Stockout
S005736,T005736,D026,A006,2025-12-04,2025-12-07,2025-12-15,91,Dealer Stockout
S005737,T005737,D020,A005,2024-01-23,2024-01-24,2024-01-24,13,None
S005738,T005738,D012,A003,2026-03-26,2026-03-29,2026-04-01,67,Transport Routing Delay
S005739,T005739,D001,A001,2025-01-02,2025-01-05,2025-01-05,14,None
S005740,T005740,D014,A004,2026-08-10,2026-08-12,2026-08-12,13,None
S005741,T005741,D036,A011,2024-12-21,2024-12-22,2024-12-23,18,Stock Delay
S005742,T005742,D023,A005,2024-04-20,2024-04-23,2024-04-23,18,None
S005743,T005743,D035,A010,2024-01-25,2024-01-27,2024-01-27,16,None
S005744,T005744,D040,A013,2026-04-25,2026-04-26,2026-04-27,13,None
S005745,T005745,D011,A002,2025-04-02,2025-04-04,2025-04-04,13,Stock Delay
S005746,T005746,D028,A007,2025-05-10,2025-05-13,2025-05-14,24,None
S005747,T005747,D026,A006,2025-02-05,2025-02-07,2025-02-08,60,Dealer Stockout
S005748,T005748,D040,A013,2025-04-28,2025-04-29,2025-05-03,36,Stock Delay
S005749,T005749,D041,A013,2026-01-22,2026-01-23,2026-01-24,25,None
S005750,T005750,D028,A007,2025-06-04,2025-06-07,2025-06-07,34,None
S005751,T005751,D012,A003,2024-11-04,2024-11-06,2024-11-06,69,Dealer Stockout
S005752,T005752,D032,A009,2026-02-01,2026-02-03,2026-02-03,36,None
S005753,T005753,D007,A001,2026-07-23,2026-07-24,2026-07-24,14,None
S005754,T005754,D033,A009,2024-11-09,2024-11-12,2024-11-12,35,None
S005755,T005755,D037,A012,2025-11-23,2025-11-24,2025-11-26,33,None
S005756,T005756,D018,A004,2026-07-31,2026-08-01,2026-08-01,7,None
S005757,T005757,D022,A005,2025-05-04,2025-05-06,2025-05-06,4,None
S005758,T005758,D016,A004,2026-02-19,2026-02-21,2026-02-21,18,None
S005759,T005759,D018,A004,2026-06-18,2026-06-19,2026-06-19,16,None
S005760,T005760,D015,A004,2026-03-27,2026-03-30,2026-03-30,9,None
S005761,T005761,D029,A008,2025-05-05,2025-05-07,2025-05-07,23,Stock Delay
S005762,T005762,D040,A013,2024-01-15,2024-01-17,2024-01-18,28,Stock Delay
S005763,T005763,D039,A013,2025-09-11,2025-09-13,2025-09-14,22,None
S005764,T005764,D010,A002,2025-10-05,2025-10-06,2025-10-07,30,None
S005765,T005765,D036,A011,2024-09-20,2024-09-22,2024-09-22,24,None
S005766,T005766,D029,A008,2025-09-16,2025-09-19,2025-09-21,12,None
S005767,T005767,D012,A003,2025-01-29,2025-02-01,2025-02-09,46,Warehouse Delay
S005768,T005768,D003,A001,2026-05-28,2026-05-31,2026-05-31,18,None
S005769,T005769,D012,A003,2024-03-05,2024-03-07,2024-03-12,69,Dealer Stockout
S005770,T005770,D037,A012,2024-08-18,2024-08-19,2024-08-21,31,None
S005771,T005771,D024,A005,2024-09-02,2024-09-04,2024-09-04,17,None
S005772,T005772,D028,A007,2024-03-03,2024-03-06,2024-03-08,36,None
S005773,T005773,D012,A003,2024-11-04,2024-11-06,2024-11-09,60,Warehouse Delay
S005774,T005774,D027,A007,2025-07-06,2025-07-08,2025-07-08,20,Transport Delay
S005775,T005775,D004,A001,2024-06-18,2024-06-20,2024-06-21,5,None
S005776,T005776,D017,A004,2025-04-12,2025-04-14,2025-04-14,12,None
S005777,T005777,D022,A005,2024-05-05,2024-05-07,2024-05-07,15,None
S005778,T005778,D004,A001,2026-05-15,2026-05-16,2026-05-16,15,None
S005779,T005779,D032,A009,2024-01-21,2024-01-24,2024-01-28,14,None
S005780,T005780,D008,A002,2025-02-11,2025-02-13,2025-02-15,34,None
S005781,T005781,D021,A005,2026-02-03,2026-02-06,2026-02-06,15,None
S005782,T005782,D017,A004,2025-10-20,2025-10-22,2025-10-22,18,None
S005783,T005783,D024,A005,2024-03-18,2024-03-19,2024-03-19,11,None
S005784,T005784,D006,A001,2024-07-04,2024-07-06,2024-07-06,14,Minor Transport Delay
S005785,T005785,D005,A001,2025-03-09,2025-03-10,2025-03-12,11,None
S005786,T005786,D037,A012,2024-04-04,2024-04-06,2024-04-07,30,None
S005787,T005787,D012,A003,2024-12-07,2024-12-10,2024-12-13,47,Dealer Stockout
S005788,T005788,D031,A009,2025-09-03,2025-09-04,2025-09-08,12,Stock Delay
S005789,T005789,D040,A013,2026-02-15,2026-02-16,2026-02-17,19,None
S005790,T005790,D009,A002,2024-10-19,2024-10-20,2024-10-24,23,Stock Delay
S005791,T005791,D012,A003,2026-05-28,2026-05-29,2026-06-01,88,Transport Routing Delay
S005792,T005792,D026,A006,2024-04-04,2024-04-07,2024-04-15,64,Warehouse Delay
S005793,T005793,D041,A013,2025-04-28,2025-04-30,2025-05-04,31,None
S005794,T005794,D037,A012,2024-08-02,2024-08-04,2024-08-06,21,None
S005795,T005795,D020,A005,2024-07-16,2024-07-18,2024-07-18,9,Minor Transport Delay
S005796,T005796,D031,A009,2025-01-04,2025-01-05,2025-01-06,35,None
S005797,T005797,D007,A001,2026-01-20,2026-01-21,2026-01-21,9,Minor Transport Delay
S005798,T005798,D041,A013,2025-04-06,2025-04-09,2025-04-09,30,None
S005799,T005799,D040,A013,2026-05-19,2026-05-21,2026-05-21,19,None
S005800,T005800,D011,A002,2024-01-02,2024-01-04,2024-01-05,35,None
S005801,T005801,D014,A004,2024-07-10,2024-07-11,2024-07-12,16,Minor Transport Delay
S005802,T005802,D003,A001,2025-01-14,2025-01-15,2025-01-15,17,None
S005803,T005803,D012,A003,2025-03-23,2025-03-25,2025-03-26,76,Parts Damage
S005804,T005804,D032,A009,2026-01-06,2026-01-09,2026-01-10,15,None
S005805,T005805,D014,A004,2026-02-08,2026-02-10,2026-02-11,16,None
S005806,T005806,D006,A001,2024-01-28,2024-01-31,2024-01-31,8,None
S005807,T005807,D015,A004,2024-05-30,2024-06-02,2024-06-03,16,None
S005808,T005808,D039,A013,2024-09-29,2024-10-01,2024-10-05,32,Stock Delay
S005809,T005809,D021,A005,2024-02-21,2024-02-24,2024-02-24,12,None
S005810,T005810,D017,A004,2025-08-15,2025-08-16,2025-08-16,6,None
S005811,T005811,D009,A002,2026-08-11,2026-08-12,2026-08-13,35,None
S005812,T005812,D039,A013,2025-08-24,2025-08-27,2025-08-29,13,None
S005813,T005813,D030,A009,2026-03-10,2026-03-13,2026-03-17,31,None
S005814,T005814,D012,A003,2025-03-12,2025-03-14,2025-03-17,84,Dealer Stockout
S005815,T005815,D004,A001,2025-06-09,2025-06-10,2025-06-10,15,Minor Transport Delay
S005816,T005816,D001,A001,2026-06-04,2026-06-07,2026-06-09,8,None
S005817,T005817,D001,A001,2024-03-22,2024-03-25,2024-03-25,5,None
S005818,T005818,D021,A005,2024-08-04,2024-08-05,2024-08-05,18,None
S005819,T005819,D039,A013,2024-07-09,2024-07-12,2024-07-14,15,Transport Delay
S005820,T005820,D021,A005,2025-08-11,2025-08-14,2025-08-14,14,None
S005821,T005821,D034,A010,2026-02-15,2026-02-17,2026-02-18,15,None
S005822,T005822,D017,A004,2026-03-29,2026-03-30,2026-03-30,5,None
S005823,T005823,D027,A007,2025-05-16,2025-05-18,2025-05-18,34,None
S005824,T005824,D028,A007,2025-08-10,2025-08-13,2025-08-14,24,None
S005825,T005825,D008,A002,2026-06-30,2026-07-01,2026-07-01,28,None
S005826,T005826,D013,A004,2024-12-14,2024-12-17,2024-12-17,15,None
S005827,T005827,D022,A005,2024-10-25,2024-10-28,2024-10-28,14,None
S005828,T005828,D006,A001,2024-09-30,2024-10-03,2024-10-03,6,None
S005829,T005829,D017,A004,2025-02-27,2025-02-28,2025-02-28,9,None
S005830,T005830,D025,A005,2024-01-30,2024-01-31,2024-01-31,16,None
S005831,T005831,D039,A013,2026-08-07,2026-08-10,2026-08-14,29,None
S005832,T005832,D017,A004,2025-10-24,2025-10-27,2025-10-27,16,None
S005833,T005833,D033,A009,2024-02-14,2024-02-16,2024-02-16,34,None
S005834,T005834,D013,A004,2025-11-30,2025-12-03,2025-12-03,6,None
S005835,T005835,D032,A009,2026-07-02,2026-07-05,2026-07-07,36,Stock Delay
S005836,T005836,D021,A005,2024-04-12,2024-04-15,2024-04-15,9,None
S005837,T005837,D036,A011,2024-08-28,2024-08-31,2024-09-01,14,None
S005838,T005838,D016,A004,2025-05-24,2025-05-27,2025-05-27,17,None
S005839,T005839,D020,A005,2024-03-15,2024-03-17,2024-03-17,17,Minor Transport Delay
S005840,T005840,D024,A005,2024-02-13,2024-02-16,2024-02-18,13,None
S005841,T005841,D013,A004,2024-02-03,2024-02-06,2024-02-06,12,None
S005842,T005842,D003,A001,2026-03-03,2026-03-06,2026-03-07,9,None
S005843,T005843,D002,A001,2025-09-15,2025-09-18,2025-09-18,11,None
S005844,T005844,D004,A001,2024-07-30,2024-07-31,2024-07-31,9,Minor Transport Delay
S005845,T005845,D036,A011,2025-08-03,2025-08-06,2025-08-06,23,None
S005846,T005846,D011,A002,2024-09-15,2024-09-17,2024-09-19,14,Stock Delay
S005847,T005847,D008,A002,2026-01-10,2026-01-12,2026-01-13,15,Transport Delay
S005848,T005848,D028,A007,2024-02-28,2024-02-29,2024-03-01,19,None
S005849,T005849,D016,A004,2024-03-17,2024-03-18,2024-03-18,8,None
S005850,T005850,D021,A005,2026-01-15,2026-01-16,2026-01-16,16,Minor Transport Delay
S005851,T005851,D009,A002,2025-11-12,2025-11-15,2025-11-17,12,Stock Delay
S005852,T005852,D040,A013,2025-11-25,2025-11-26,2025-11-26,19,None
S005853,T005853,D034,A010,2024-11-26,2024-11-28,2024-11-28,20,None
S005854,T005854,D034,A010,2025-11-10,2025-11-13,2025-11-14,30,None
S005855,T005855,D013,A004,2026-07-22,2026-07-23,2026-07-23,14,None
S005856,T005856,D029,A008,2025-08-25,2025-08-26,2025-08-26,25,None
S005857,T005857,D007,A001,2024-11-11,2024-11-12,2024-11-12,16,None
S005858,T005858,D004,A001,2026-02-06,2026-02-07,2026-02-08,10,None
S005859,T005859,D001,A001,2025-02-01,2025-02-03,2025-02-05,13,None
S005860,T005860,D024,A005,2026-05-15,2026-05-16,2026-05-16,5,None
S005861,T005861,D014,A004,2025-12-13,2025-12-14,2025-12-14,13,None
S005862,T005862,D021,A005,2025-10-02,2025-10-05,2025-10-05,7,None
S005863,T005863,D006,A001,2025-10-24,2025-10-25,2025-10-25,8,None
S005864,T005864,D015,A004,2024-10-15,2024-10-16,2024-10-16,12,None
S005865,T005865,D028,A007,2025-11-09,2025-11-12,2025-11-12,18,None
S005866,T005866,D018,A004,2025-08-08,2025-08-11,2025-08-11,15,None
S005867,T005867,D028,A007,2024-06-14,2024-06-17,2024-06-17,29,None
S005868,T005868,D010,A002,2025-04-01,2025-04-02,2025-04-02,34,None
S005869,T005869,D033,A009,2024-10-20,2024-10-21,2024-10-25,23,None
S005870,T005870,D021,A005,2026-01-28,2026-01-31,2026-01-31,17,None
S005871,T005871,D010,A002,2024-12-13,2024-12-14,2024-12-15,30,None
S005872,T005872,D010,A002,2024-06-20,2024-06-22,2024-06-22,32,None
S005873,T005873,D019,A005,2025-05-10,2025-05-11,2025-05-11,6,None
S005874,T005874,D035,A010,2026-08-06,2026-08-09,2026-08-09,29,None
S005875,T005875,D013,A004,2026-07-01,2026-07-04,2026-07-04,18,None
S005876,T005876,D012,A003,2024-11-17,2024-11-18,2024-11-23,51,Warehouse Delay
S005877,T005877,D036,A011,2024-11-15,2024-11-17,2024-11-19,28,Stock Delay
S005878,T005878,D026,A006,2024-10-24,2024-10-26,2024-10-27,59,Dealer Stockout
S005879,T005879,D013,A004,2026-06-23,2026-06-25,2026-06-26,7,None
S005880,T005880,D013,A004,2024-08-03,2024-08-05,2024-08-05,17,None
S005881,T005881,D010,A002,2024-09-11,2024-09-14,2024-09-14,33,Stock Delay
S005882,T005882,D025,A005,2025-01-15,2025-01-18,2025-01-19,6,None
S005883,T005883,D016,A004,2025-04-30,2025-05-03,2025-05-03,4,None
S005884,T005884,D041,A013,2025-02-13,2025-02-16,2025-02-16,30,None
S005885,T005885,D016,A004,2025-12-13,2025-12-15,2025-12-15,13,None
S005886,T005886,D015,A004,2024-03-20,2024-03-21,2024-03-21,17,None
S005887,T005887,D025,A005,2024-10-23,2024-10-26,2024-10-26,6,None
S005888,T005888,D037,A012,2024-07-13,2024-07-16,2024-07-16,12,Transport Delay
S005889,T005889,D030,A009,2026-07-21,2026-07-24,2026-07-26,27,None
S005890,T005890,D015,A004,2025-10-12,2025-10-13,2025-10-13,5,None
S005891,T005891,D028,A007,2026-04-14,2026-04-15,2026-04-16,16,None
S005892,T005892,D021,A005,2026-08-12,2026-08-15,2026-08-15,14,None
S005893,T005893,D014,A004,2026-02-21,2026-02-22,2026-02-23,7,None
S005894,T005894,D008,A002,2025-03-17,2025-03-20,2025-03-22,33,None
S005895,T005895,D015,A004,2026-07-22,2026-07-24,2026-07-24,4,None
S005896,T005896,D012,A003,2026-07-08,2026-07-09,2026-07-10,67,Transport Routing Delay
S005897,T005897,D037,A012,2024-09-02,2024-09-03,2024-09-05,27,None
S005898,T005898,D015,A004,2026-08-16,2026-08-19,2026-08-19,6,None
S005899,T005899,D039,A013,2025-02-16,2025-02-17,2025-02-18,21,None
S005900,T005900,D023,A005,2026-01-08,2026-01-11,2026-01-11,13,None
S005901,T005901,D019,A005,2026-04-11,2026-04-13,2026-04-13,11,None
S005902,T005902,D023,A005,2025-11-17,2025-11-19,2025-11-19,11,None
S005903,T005903,D007,A001,2026-05-15,2026-05-18,2026-05-18,8,None
S005904,T005904,D014,A004,2026-01-20,2026-01-22,2026-01-22,13,None
S005905,T005905,D003,A001,2026-08-17,2026-08-19,2026-08-19,7,None
S005906,T005906,D019,A005,2024-10-20,2024-10-23,2024-10-23,16,Minor Transport Delay
S005907,T005907,D013,A004,2024-05-02,2024-05-05,2024-05-05,5,None
S005908,T005908,D033,A009,2026-01-04,2026-01-07,2026-01-07,26,None
S005909,T005909,D011,A002,2025-03-24,2025-03-27,2025-03-27,34,None
S005910,T005910,D009,A002,2025-12-09,2025-12-12,2025-12-13,15,None
S005911,T005911,D017,A004,2024-04-17,2024-04-19,2024-04-19,17,None
S005912,T005912,D039,A013,2026-03-21,2026-03-23,2026-03-24,32,None
S005913,T005913,D028,A007,2025-09-03,2025-09-06,2025-09-08,35,None
S005914,T005914,D018,A004,2024-03-03,2024-03-05,2024-03-05,17,None
S005915,T005915,D021,A005,2024-12-11,2024-12-12,2024-12-14,5,None
S005916,T005916,D007,A001,2026-08-08,2026-08-09,2026-08-09,6,Minor Transport Delay
S005917,T005917,D039,A013,2024-04-21,2024-04-22,2024-04-23,29,None
S005918,T005918,D026,A006,2024-09-21,2024-09-23,2024-09-26,86,Transport Routing Delay
S005919,T005919,D014,A004,2024-11-30,2024-12-01,2024-12-01,8,None
S005920,T005920,D022,A005,2024-11-24,2024-11-27,2024-11-27,18,None
S005921,T005921,D006,A001,2024-10-03,2024-10-05,2024-10-05,12,None
S005922,T005922,D039,A013,2024-01-25,2024-01-26,2024-01-26,14,None
S005923,T005923,D011,A002,2024-02-12,2024-02-13,2024-02-13,17,None
S005924,T005924,D024,A005,2024-04-19,2024-04-21,2024-04-21,10,None
S005925,T005925,D012,A003,2026-08-31,2026-09-02,2026-09-03,38,Dealer Stockout
S005926,T005926,D027,A007,2024-04-30,2024-05-03,2024-05-03,35,Stock Delay
S005927,T005927,D031,A009,2026-03-19,2026-03-20,2026-03-20,12,None
S005928,T005928,D026,A006,2025-02-10,2025-02-13,2025-02-16,76,Dealer Stockout
S005929,T005929,D025,A005,2024-12-09,2024-12-12,2024-12-12,8,None
S005930,T005930,D036,A011,2025-02-10,2025-02-13,2025-02-15,14,None
S005931,T005931,D001,A001,2026-03-30,2026-04-02,2026-04-02,12,None
S005932,T005932,D016,A004,2026-02-03,2026-02-05,2026-02-05,16,None
S005933,T005933,D012,A003,2024-04-08,2024-04-10,2024-04-11,89,Transport Routing Delay
S005934,T005934,D041,A013,2025-04-29,2025-04-30,2025-05-02,25,None
S005935,T005935,D016,A004,2024-12-28,2024-12-29,2024-12-30,14,None
S005936,T005936,D027,A007,2024-07-02,2024-07-04,2024-07-06,21,None
S005937,T005937,D027,A007,2026-08-12,2026-08-14,2026-08-14,16,None
S005938,T005938,D010,A002,2026-07-23,2026-07-26,2026-07-26,24,None
S005939,T005939,D012,A003,2025-07-07,2025-07-09,2025-07-09,67,Warehouse Delay
S005940,T005940,D012,A003,2025-11-14,2025-11-17,2025-11-20,49,None
S005941,T005941,D017,A004,2024-02-28,2024-02-29,2024-02-29,7,None
S005942,T005942,D009,A002,2025-12-04,2025-12-07,2025-12-07,18,None
S005943,T005943,D002,A001,2024-05-31,2024-06-02,2024-06-02,4,None
S005944,T005944,D036,A011,2025-02-11,2025-02-12,2025-02-13,20,None
S005945,T005945,D041,A013,2025-07-16,2025-07-18,2025-07-18,15,Transport Delay
S005946,T005946,D014,A004,2025-03-04,2025-03-06,2025-03-06,9,None
S005947,T005947,D014,A004,2025-04-23,2025-04-24,2025-04-24,13,None
S005948,T005948,D002,A001,2024-05-03,2024-05-05,2024-05-05,5,None
S005949,T005949,D026,A006,2024-11-15,2024-11-18,2024-11-21,39,Dealer Stockout
S005950,T005950,D035,A010,2025-11-08,2025-11-11,2025-11-12,23,None
S005951,T005951,D005,A001,2026-02-05,2026-02-07,2026-02-07,11,None
S005952,T005952,D005,A001,2025-11-07,2025-11-09,2025-11-10,4,None
S005953,T005953,D032,A009,2025-02-27,2025-02-28,2025-02-28,26,Stock Delay
S005954,T005954,D021,A005,2025-02-10,2025-02-12,2025-02-12,16,None
S005955,T005955,D005,A001,2026-02-17,2026-02-19,2026-02-20,5,None
S005956,T005956,D022,A005,2024-11-23,2024-11-25,2024-11-25,6,None
S005957,T005957,D016,A004,2025-05-11,2025-05-12,2025-05-12,5,None
S005958,T005958,D015,A004,2024-04-26,2024-04-28,2024-04-28,6,None
S005959,T005959,D030,A009,2025-02-19,2025-02-21,2025-02-23,36,None
S005960,T005960,D031,A009,2026-08-04,2026-08-05,2026-08-06,14,None
S005961,T005961,D016,A004,2026-08-09,2026-08-10,2026-08-10,9,None
S005962,T005962,D039,A013,2025-11-16,2025-11-18,2025-11-20,28,Transport Delay
S005963,T005963,D014,A004,2025-03-22,2025-03-23,2025-03-23,12,None
S005964,T005964,D032,A009,2024-02-18,2024-02-19,2024-02-20,18,None
S005965,T005965,D016,A004,2026-05-20,2026-05-21,2026-05-21,14,None
S005966,T005966,D036,A011,2025-02-28,2025-03-02,2025-03-02,28,None
S005967,T005967,D037,A012,2025-08-25,2025-08-27,2025-08-27,13,None
S005968,T005968,D007,A001,2024-05-26,2024-05-28,2024-05-28,7,None
S005969,T005969,D038,A013,2024-10-14,2024-10-15,2024-10-16,29,None
S005970,T005970,D034,A010,2025-04-08,2025-04-09,2025-04-09,33,None
S005971,T005971,D033,A009,2024-10-22,2024-10-23,2024-10-23,30,None
S005972,T005972,D009,A002,2025-12-02,2025-12-05,2025-12-06,31,None
S005973,T005973,D032,A009,2024-09-23,2024-09-25,2024-09-27,35,Stock Delay
S005974,T005974,D034,A010,2026-01-16,2026-01-17,2026-01-19,35,None
S005975,T005975,D014,A004,2024-05-24,2024-05-26,2024-05-26,11,None
S005976,T005976,D038,A013,2026-03-11,2026-03-13,2026-03-14,15,None
S005977,T005977,D004,A001,2026-07-31,2026-08-03,2026-08-03,13,None
S005978,T005978,D007,A001,2024-02-01,2024-02-04,2024-02-04,4,None
S005979,T005979,D020,A005,2024-08-24,2024-08-27,2024-08-27,6,Minor Transport Delay
S005980,T005980,D021,A005,2024-12-03,2024-12-04,2024-12-04,9,None
S005981,T005981,D022,A005,2025-05-15,2025-05-16,2025-05-16,15,None
S005982,T005982,D002,A001,2026-07-06,2026-07-07,2026-07-08,9,None
S005983,T005983,D038,A013,2026-03-06,2026-03-08,2026-03-09,30,None
S005984,T005984,D002,A001,2025-08-03,2025-08-05,2025-08-05,5,None
S005985,T005985,D004,A001,2024-12-12,2024-12-15,2024-12-17,16,None
S005986,T005986,D005,A001,2025-02-12,2025-02-14,2025-02-15,16,None
S005987,T005987,D020,A005,2024-07-23,2024-07-25,2024-07-25,15,None
S005988,T005988,D040,A013,2026-04-27,2026-04-29,2026-05-01,32,None
S005989,T005989,D026,A006,2026-07-17,2026-07-18,2026-07-26,41,Transport Routing Delay
S005990,T005990,D031,A009,2025-11-05,2025-11-07,2025-11-07,35,None
S005991,T005991,D006,A001,2024-03-30,2024-04-01,2024-04-03,9,Minor Transport Delay
S005992,T005992,D019,A005,2026-03-04,2026-03-05,2026-03-05,15,None
S005993,T005993,D015,A004,2026-07-16,2026-07-17,2026-07-19,11,None
S005994,T005994,D022,A005,2025-10-26,2025-10-28,2025-10-28,13,Minor Transport Delay
S005995,T005995,D001,A001,2026-08-22,2026-08-24,2026-08-26,10,None
S005996,T005996,D027,A007,2026-01-28,2026-01-29,2026-01-29,20,Transport Delay
S005997,T005997,D024,A005,2025-08-10,2025-08-12,2025-08-12,17,None
S005998,T005998,D030,A009,2026-01-25,2026-01-26,2026-01-28,20,Transport Delay
S005999,T005999,D017,A004,2024-04-16,2024-04-18,2024-04-18,7,None
S006000,T006000,D004,A001,2026-02-21,2026-02-24,2026-02-25,6,None
S006001,T006001,D025,A005,2024-07-09,2024-07-11,2024-07-11,14,None
S006002,T006002,D011,A002,2024-07-15,2024-07-16,2024-07-17,33,None
S006003,T006003,D036,A011,2024-09-20,2024-09-21,2024-09-21,22,None
S006004,T006004,D020,A005,2025-08-28,2025-08-30,2025-08-30,15,None
S006005,T006005,D005,A001,2026-01-23,2026-01-24,2026-01-24,5,None
S006006,T006006,D039,A013,2026-01-23,2026-01-24,2026-01-28,22,None
S006007,T006007,D020,A005,2025-11-19,2025-11-21,2025-11-23,5,None
S006008,T006008,D005,A001,2025-11-20,2025-11-21,2025-11-22,10,None
S006009,T006009,D020,A005,2026-02-16,2026-02-18,2026-02-18,5,None
S006010,T006010,D012,A003,2026-06-05,2026-06-06,2026-06-14,76,Transport Routing Delay
S006011,T006011,D031,A009,2024-11-27,2024-11-28,2024-11-28,25,None
S006012,T006012,D031,A009,2024-02-03,2024-02-06,2024-02-06,32,None
S006013,T006013,D040,A013,2024-12-15,2024-12-18,2024-12-19,17,Transport Delay
S006014,T006014,D021,A005,2024-12-20,2024-12-21,2024-12-21,10,None
S006015,T006015,D013,A004,2026-02-13,2026-02-16,2026-02-16,5,None
S006016,T006016,D029,A008,2026-08-22,2026-08-25,2026-08-26,15,Transport Delay
S006017,T006017,D002,A001,2026-01-17,2026-01-19,2026-01-19,7,Minor Transport Delay
S006018,T006018,D019,A005,2026-03-16,2026-03-18,2026-03-18,8,None
S006019,T006019,D022,A005,2024-04-12,2024-04-13,2024-04-13,7,None
S006020,T006020,D001,A001,2025-05-10,2025-05-13,2025-05-13,17,None
S006021,T006021,D013,A004,2024-05-10,2024-05-13,2024-05-13,4,None
S006022,T006022,D035,A010,2024-09-02,2024-09-03,2024-09-03,26,Stock Delay
S006023,T006023,D035,A010,2026-05-26,2026-05-29,2026-05-30,31,Stock Delay
S006024,T006024,D005,A001,2025-03-12,2025-03-13,2025-03-14,8,None
S006025,T006025,D002,A001,2025-09-19,2025-09-20,2025-09-20,5,None
S006026,T006026,D012,A003,2025-07-19,2025-07-22,2025-07-25,83,Warehouse Delay
S006027,T006027,D036,A011,2025-12-07,2025-12-09,2025-12-13,12,Stock Delay
S006028,T006028,D001,A001,2025-09-14,2025-09-15,2025-09-15,9,None
S006029,T006029,D028,A007,2024-12-08,2024-12-09,2024-12-09,15,None
S006030,T006030,D006,A001,2024-08-27,2024-08-30,2024-08-31,8,None
S006031,T006031,D025,A005,2025-04-22,2025-04-24,2025-04-24,8,None
S006032,T006032,D017,A004,2025-10-09,2025-10-12,2025-10-12,8,None
S006033,T006033,D030,A009,2025-09-23,2025-09-25,2025-09-25,33,None
S006034,T006034,D010,A002,2025-10-23,2025-10-24,2025-10-25,28,None
S006035,T006035,D020,A005,2024-06-01,2024-06-04,2024-06-06,11,None
S006036,T006036,D010,A002,2024-07-26,2024-07-28,2024-07-29,33,None
S006037,T006037,D027,A007,2026-06-11,2026-06-13,2026-06-15,26,None
S006038,T006038,D036,A011,2025-06-08,2025-06-10,2025-06-11,33,None
S006039,T006039,D003,A001,2025-12-30,2026-01-02,2026-01-04,7,None
S006040,T006040,D034,A010,2025-03-07,2025-03-08,2025-03-09,15,None
S006041,T006041,D019,A005,2026-04-07,2026-04-09,2026-04-10,14,None
S006042,T006042,D003,A001,2024-12-21,2024-12-24,2024-12-24,9,None
S006043,T006043,D018,A004,2025-08-04,2025-08-07,2025-08-07,16,None
S006044,T006044,D003,A001,2025-07-05,2025-07-06,2025-07-06,4,None
S006045,T006045,D028,A007,2025-12-21,2025-12-24,2025-12-24,34,None
S006046,T006046,D029,A008,2025-08-17,2025-08-20,2025-08-22,31,None
S006047,T006047,D001,A001,2024-11-15,2024-11-18,2024-11-18,8,None
S006048,T006048,D021,A005,2024-09-15,2024-09-18,2024-09-19,17,None
S006049,T006049,D033,A009,2026-05-12,2026-05-13,2026-05-13,16,None
S006050,T006050,D041,A013,2024-09-24,2024-09-26,2024-09-26,36,None
S006051,T006051,D024,A005,2025-12-09,2025-12-12,2025-12-12,18,None
S006052,T006052,D040,A013,2024-09-14,2024-09-16,2024-09-16,19,None
S006053,T006053,D025,A005,2025-11-05,2025-11-07,2025-11-07,13,None
S006054,T006054,D018,A004,2025-10-22,2025-10-25,2025-10-25,15,None
S006055,T006055,D034,A010,2025-09-28,2025-09-30,2025-09-30,17,Stock Delay
S006056,T006056,D015,A004,2026-08-31,2026-09-02,2026-09-02,15,None
S006057,T006057,D018,A004,2026-01-28,2026-01-30,2026-01-30,6,None
S006058,T006058,D013,A004,2025-08-24,2025-08-26,2025-08-26,15,None
S006059,T006059,D034,A010,2024-07-02,2024-07-05,2024-07-05,14,Stock Delay
S006060,T006060,D035,A010,2025-03-27,2025-03-30,2025-04-01,26,None
S006061,T006061,D013,A004,2025-12-26,2025-12-28,2025-12-28,7,None
S006062,T006062,D018,A004,2025-09-24,2025-09-26,2025-09-26,18,None
S006063,T006063,D018,A004,2026-02-27,2026-03-01,2026-03-01,12,None
S006064,T006064,D025,A005,2025-01-26,2025-01-27,2025-01-27,7,None
S006065,T006065,D010,A002,2026-06-24,2026-06-26,2026-06-26,30,Transport Delay
S006066,T006066,D032,A009,2025-07-28,2025-07-29,2025-07-30,21,None
S006067,T006067,D013,A004,2025-03-08,2025-03-09,2025-03-09,16,None
S006068,T006068,D018,A004,2024-09-26,2024-09-29,2024-09-29,9,None
S006069,T006069,D002,A001,2026-06-14,2026-06-15,2026-06-17,14,None
S006070,T006070,D012,A003,2024-07-27,2024-07-30,2024-08-04,50,None
S006071,T006071,D038,A013,2026-02-15,2026-02-17,2026-02-17,35,Stock Delay
S006072,T006072,D013,A004,2025-10-02,2025-10-05,2025-10-05,16,None
S006073,T006073,D011,A002,2025-11-12,2025-11-15,2025-11-15,19,None
S006074,T006074,D016,A004,2025-04-17,2025-04-20,2025-04-20,14,None
S006075,T006075,D013,A004,2025-07-11,2025-07-12,2025-07-12,17,None
S006076,T006076,D005,A001,2024-09-03,2024-09-05,2024-09-07,14,None
S006077,T006077,D018,A004,2024-05-23,2024-05-26,2024-05-26,11,None
S006078,T006078,D020,A005,2026-03-12,2026-03-14,2026-03-14,14,None
S006079,T006079,D023,A005,2025-11-02,2025-11-03,2025-11-03,18,None
S006080,T006080,D014,A004,2025-06-19,2025-06-20,2025-06-20,13,None
S006081,T006081,D015,A004,2026-04-06,2026-04-09,2026-04-09,12,None
S006082,T006082,D039,A013,2024-02-28,2024-02-29,2024-02-29,23,None
S006083,T006083,D015,A004,2024-01-11,2024-01-12,2024-01-12,4,None
S006084,T006084,D012,A003,2026-02-24,2026-02-25,2026-02-28,60,Transport Routing Delay
S006085,T006085,D012,A003,2024-08-29,2024-09-01,2024-09-06,92,Warehouse Delay
S006086,T006086,D016,A004,2026-05-20,2026-05-22,2026-05-22,7,None
S006087,T006087,D029,A008,2025-01-28,2025-01-29,2025-01-31,21,None
S006088,T006088,D009,A002,2025-12-09,2025-12-12,2025-12-12,28,None
S006089,T006089,D027,A007,2024-08-29,2024-08-31,2024-09-01,35,None
S006090,T006090,D001,A001,2024-03-16,2024-03-19,2024-03-20,14,None
S006091,T006091,D018,A004,2026-08-04,2026-08-07,2026-08-07,8,None
S006092,T006092,D032,A009,2025-05-18,2025-05-19,2025-05-19,20,None
S006093,T006093,D018,A004,2026-04-23,2026-04-26,2026-04-27,11,None
S006094,T006094,D024,A005,2024-05-17,2024-05-18,2024-05-18,11,None
S006095,T006095,D008,A002,2024-05-17,2024-05-19,2024-05-20,32,None
S006096,T006096,D029,A008,2025-08-10,2025-08-11,2025-08-15,18,None
S006097,T006097,D003,A001,2024-04-18,2024-04-19,2024-04-19,11,None
S006098,T006098,D034,A010,2024-02-26,2024-02-29,2024-02-29,31,None
S006099,T006099,D011,A002,2024-11-30,2024-12-01,2024-12-01,18,None
S006100,T006100,D036,A011,2025-05-20,2025-05-23,2025-05-23,32,None
S006101,T006101,D018,A004,2024-01-24,2024-01-25,2024-01-25,5,None
S006102,T006102,D028,A007,2026-05-05,2026-05-08,2026-05-09,15,Transport Delay
S006103,T006103,D015,A004,2025-03-03,2025-03-04,2025-03-05,7,None
S006104,T006104,D037,A012,2025-07-29,2025-08-01,2025-08-02,23,Transport Delay
S006105,T006105,D003,A001,2025-02-11,2025-02-12,2025-02-12,6,None
S006106,T006106,D010,A002,2026-05-15,2026-05-16,2026-05-17,35,None
S006107,T006107,D015,A004,2024-03-17,2024-03-19,2024-03-19,18,None
S006108,T006108,D004,A001,2026-05-16,2026-05-18,2026-05-18,18,None
S006109,T006109,D009,A002,2024-12-23,2024-12-25,2024-12-26,23,None
S006110,T006110,D040,A013,2025-05-24,2025-05-26,2025-05-27,33,None
S006111,T006111,D041,A013,2026-01-10,2026-01-12,2026-01-12,25,Stock Delay
S006112,T006112,D013,A004,2025-02-09,2025-02-12,2025-02-12,13,None
S006113,T006113,D040,A013,2024-03-09,2024-03-11,2024-03-12,12,None
S006114,T006114,D025,A005,2026-05-13,2026-05-15,2026-05-15,4,None
S006115,T006115,D012,A003,2024-09-25,2024-09-28,2024-10-01,58,Dealer Stockout
S006116,T006116,D027,A007,2026-03-15,2026-03-17,2026-03-18,25,Stock Delay
S006117,T006117,D026,A006,2024-08-13,2024-08-16,2024-08-21,89,Dealer Stockout
S006118,T006118,D038,A013,2026-01-03,2026-01-04,2026-01-04,36,None
S006119,T006119,D012,A003,2024-01-29,2024-02-01,2024-02-02,57,Dealer Stockout
S006120,T006120,D026,A006,2025-07-28,2025-07-29,2025-08-01,79,Warehouse Delay
S006121,T006121,D006,A001,2026-04-19,2026-04-20,2026-04-21,10,None
S006122,T006122,D001,A001,2026-06-27,2026-06-29,2026-06-29,8,None
S006123,T006123,D006,A001,2024-04-03,2024-04-06,2024-04-06,14,None
S006124,T006124,D040,A013,2025-01-13,2025-01-16,2025-01-17,35,Transport Delay
S006125,T006125,D031,A009,2026-07-08,2026-07-09,2026-07-09,33,None
S006126,T006126,D030,A009,2025-03-19,2025-03-21,2025-03-21,23,Transport Delay
S006127,T006127,D024,A005,2025-09-06,2025-09-08,2025-09-08,12,None
S006128,T006128,D018,A004,2024-11-25,2024-11-26,2024-11-28,13,None
S006129,T006129,D005,A001,2024-04-01,2024-04-04,2024-04-04,13,None
S006130,T006130,D013,A004,2024-05-05,2024-05-07,2024-05-08,10,None
S006131,T006131,D013,A004,2025-08-01,2025-08-04,2025-08-04,18,None
S006132,T006132,D029,A008,2024-10-15,2024-10-17,2024-10-18,24,None
S006133,T006133,D023,A005,2025-11-01,2025-11-04,2025-11-06,4,None
S006134,T006134,D003,A001,2025-09-23,2025-09-25,2025-09-25,7,None
S006135,T006135,D003,A001,2025-01-01,2025-01-04,2025-01-04,5,None
S006136,T006136,D002,A001,2024-01-18,2024-01-21,2024-01-22,17,None
S006137,T006137,D014,A004,2025-07-12,2025-07-14,2025-07-14,13,None
S006138,T006138,D041,A013,2024-06-27,2024-06-29,2024-06-29,23,None
S006139,T006139,D019,A005,2025-09-12,2025-09-15,2025-09-15,9,None
S006140,T006140,D033,A009,2024-01-03,2024-01-05,2024-01-07,30,Transport Delay
S006141,T006141,D013,A004,2026-05-28,2026-05-30,2026-05-30,14,None
S006142,T006142,D013,A004,2024-08-04,2024-08-06,2024-08-07,6,None
S006143,T006143,D007,A001,2026-06-01,2026-06-02,2026-06-02,13,None
S006144,T006144,D036,A011,2025-08-25,2025-08-27,2025-08-28,17,None
S006145,T006145,D030,A009,2025-12-10,2025-12-13,2025-12-14,16,Stock Delay
S006146,T006146,D008,A002,2026-04-20,2026-04-22,2026-04-23,33,Stock Delay
S006147,T006147,D019,A005,2025-03-21,2025-03-22,2025-03-23,14,None
S006148,T006148,D013,A004,2024-01-20,2024-01-21,2024-01-21,9,None
S006149,T006149,D020,A005,2024-01-28,2024-01-31,2024-01-31,8,None
S006150,T006150,D041,A013,2025-08-20,2025-08-22,2025-08-26,27,None
S006151,T006151,D023,A005,2024-09-24,2024-09-25,2024-09-25,18,None
S006152,T006152,D020,A005,2024-07-28,2024-07-30,2024-07-30,12,None
S006153,T006153,D005,A001,2025-12-10,2025-12-11,2025-12-11,15,None
S006154,T006154,D005,A001,2025-05-24,2025-05-25,2025-05-25,12,None
S006155,T006155,D008,A002,2024-05-02,2024-05-03,2024-05-03,27,None
S006156,T006156,D006,A001,2026-08-16,2026-08-17,2026-08-17,8,None
S006157,T006157,D029,A008,2025-10-06,2025-10-08,2025-10-08,26,Stock Delay
S006158,T006158,D027,A007,2024-05-28,2024-05-31,2024-05-31,31,None
S006159,T006159,D006,A001,2025-06-06,2025-06-09,2025-06-09,17,None
S006160,T006160,D034,A010,2025-11-22,2025-11-23,2025-11-24,28,Transport Delay
S006161,T006161,D001,A001,2024-11-08,2024-11-11,2024-11-11,17,None
S006162,T006162,D015,A004,2024-04-24,2024-04-26,2024-04-26,18,None
S006163,T006163,D012,A003,2026-06-20,2026-06-23,2026-06-26,43,Warehouse Delay
S006164,T006164,D015,A004,2024-05-24,2024-05-26,2024-05-28,13,None
S006165,T006165,D012,A003,2025-06-07,2025-06-08,2025-06-09,84,Dealer Stockout
S006166,T006166,D018,A004,2024-05-07,2024-05-10,2024-05-11,7,None
S006167,T006167,D013,A004,2024-09-01,2024-09-03,2024-09-03,7,None
S006168,T006168,D038,A013,2026-05-09,2026-05-12,2026-05-13,30,None
S006169,T006169,D007,A001,2025-10-16,2025-10-18,2025-10-18,7,Minor Transport Delay
S006170,T006170,D001,A001,2024-08-26,2024-08-29,2024-08-29,6,None
S006171,T006171,D003,A001,2026-05-27,2026-05-30,2026-06-01,15,None
S006172,T006172,D023,A005,2025-01-11,2025-01-13,2025-01-13,5,None
S006173,T006173,D001,A001,2025-10-11,2025-10-13,2025-10-13,12,None
S006174,T006174,D034,A010,2024-10-01,2024-10-03,2024-10-05,33,None
S006175,T006175,D024,A005,2025-10-13,2025-10-15,2025-10-15,7,None
S006176,T006176,D023,A005,2024-05-10,2024-05-13,2024-05-13,15,None
S006177,T006177,D025,A005,2024-04-12,2024-04-13,2024-04-13,18,None
S006178,T006178,D010,A002,2024-01-28,2024-01-29,2024-01-31,14,Stock Delay
S006179,T006179,D010,A002,2025-06-04,2025-06-07,2025-06-07,20,None
S006180,T006180,D017,A004,2024-10-11,2024-10-14,2024-10-14,9,None
S006181,T006181,D020,A005,2025-11-05,2025-11-06,2025-11-06,8,None
S006182,T006182,D009,A002,2025-11-26,2025-11-28,2025-11-30,25,None
S006183,T006183,D005,A001,2024-01-02,2024-01-04,2024-01-04,17,None
S006184,T006184,D040,A013,2025-03-06,2025-03-08,2025-03-08,28,None
S006185,T006185,D006,A001,2024-11-21,2024-11-23,2024-11-23,18,None
S006186,T006186,D033,A009,2024-11-01,2024-11-03,2024-11-05,29,None
S006187,T006187,D030,A009,2024-09-13,2024-09-14,2024-09-14,29,None
S006188,T006188,D014,A004,2026-08-19,2026-08-20,2026-08-20,10,None
S006189,T006189,D004,A001,2024-12-14,2024-12-17,2024-12-17,7,None
S006190,T006190,D002,A001,2026-02-05,2026-02-07,2026-02-07,9,None
S006191,T006191,D027,A007,2024-09-20,2024-09-21,2024-09-25,36,Transport Delay
S006192,T006192,D024,A005,2024-07-27,2024-07-30,2024-07-30,8,None
S006193,T006193,D032,A009,2025-05-01,2025-05-02,2025-05-02,26,Transport Delay
S006194,T006194,D041,A013,2024-10-31,2024-11-01,2024-11-02,23,None
S006195,T006195,D027,A007,2026-08-23,2026-08-24,2026-08-26,19,None
S006196,T006196,D005,A001,2025-07-24,2025-07-27,2025-07-27,11,Minor Transport Delay
S006197,T006197,D012,A003,2025-01-16,2025-01-17,2025-01-25,69,Dealer Stockout
S006198,T006198,D034,A010,2025-10-17,2025-10-19,2025-10-19,29,Stock Delay
S006199,T006199,D009,A002,2025-03-01,2025-03-02,2025-03-04,28,None
S006200,T006200,D007,A001,2026-02-23,2026-02-24,2026-02-24,12,None
S006201,T006201,D027,A007,2025-06-24,2025-06-25,2025-06-26,31,None
S006202,T006202,D017,A004,2024-05-02,2024-05-05,2024-05-05,8,None
S006203,T006203,D037,A012,2025-02-25,2025-02-26,2025-02-26,30,None
S006204,T006204,D021,A005,2024-12-13,2024-12-15,2024-12-15,8,None
S006205,T006205,D006,A001,2024-04-11,2024-04-14,2024-04-14,14,None
S006206,T006206,D039,A013,2024-07-08,2024-07-09,2024-07-09,18,Stock Delay
S006207,T006207,D012,A003,2026-06-05,2026-06-08,2026-06-13,79,Warehouse Delay
S006208,T006208,D016,A004,2024-08-18,2024-08-20,2024-08-20,6,None
S006209,T006209,D013,A004,2025-11-04,2025-11-07,2025-11-07,11,None
S006210,T006210,D003,A001,2024-09-17,2024-09-20,2024-09-20,13,None
S006211,T006211,D022,A005,2024-05-01,2024-05-02,2024-05-02,18,None
S006212,T006212,D005,A001,2026-04-10,2026-04-13,2026-04-13,13,Minor Transport Delay
S006213,T006213,D014,A004,2024-11-06,2024-11-07,2024-11-07,12,None
S006214,T006214,D014,A004,2025-04-27,2025-04-28,2025-04-30,8,None
S006215,T006215,D031,A009,2024-02-08,2024-02-10,2024-02-11,32,Stock Delay
S006216,T006216,D031,A009,2026-04-15,2026-04-18,2026-04-18,14,Transport Delay
S006217,T006217,D004,A001,2025-05-19,2025-05-22,2025-05-22,10,None
S006218,T006218,D013,A004,2026-08-11,2026-08-14,2026-08-14,9,None
S006219,T006219,D014,A004,2025-04-22,2025-04-24,2025-04-24,14,None
S006220,T006220,D001,A001,2025-02-02,2025-02-04,2025-02-05,9,None
S006221,T006221,D030,A009,2024-08-08,2024-08-10,2024-08-11,23,None
S006222,T006222,D027,A007,2025-08-22,2025-08-24,2025-08-28,19,None
S006223,T006223,D011,A002,2025-10-16,2025-10-17,2025-10-18,29,None
S006224,T006224,D015,A004,2025-05-29,2025-05-31,2025-05-31,4,Minor Transport Delay
S006225,T006225,D002,A001,2025-08-29,2025-08-30,2025-08-30,7,None
S006226,T006226,D022,A005,2024-05-17,2024-05-18,2024-05-18,13,None
S006227,T006227,D001,A001,2026-01-31,2026-02-01,2026-02-03,15,None
S006228,T006228,D041,A013,2024-06-05,2024-06-07,2024-06-07,13,None
S006229,T006229,D032,A009,2025-07-24,2025-07-25,2025-07-26,17,Stock Delay
S006230,T006230,D017,A004,2024-06-12,2024-06-14,2024-06-15,16,None
S006231,T006231,D025,A005,2025-12-21,2025-12-23,2025-12-23,7,None
S006232,T006232,D037,A012,2024-10-31,2024-11-02,2024-11-04,13,None
S006233,T006233,D020,A005,2024-12-29,2024-12-31,2024-12-31,18,None
S006234,T006234,D010,A002,2025-03-23,2025-03-25,2025-03-27,35,Stock Delay
S006235,T006235,D016,A004,2026-07-22,2026-07-24,2026-07-24,11,None
S006236,T006236,D034,A010,2024-10-11,2024-10-13,2024-10-17,22,Transport Delay
S006237,T006237,D020,A005,2024-10-28,2024-10-29,2024-10-29,9,None
S006238,T006238,D021,A005,2024-05-30,2024-06-01,2024-06-01,12,None
S006239,T006239,D034,A010,2025-05-08,2025-05-11,2025-05-13,32,Transport Delay
S006240,T006240,D036,A011,2024-10-24,2024-10-27,2024-10-28,19,None
S006241,T006241,D037,A012,2024-05-05,2024-05-07,2024-05-09,19,Stock Delay
S006242,T006242,D005,A001,2025-01-14,2025-01-15,2025-01-15,15,None
S006243,T006243,D021,A005,2024-10-13,2024-10-14,2024-10-14,5,None
S006244,T006244,D029,A008,2024-08-06,2024-08-09,2024-08-09,13,None
S006245,T006245,D029,A008,2025-06-27,2025-06-30,2025-06-30,28,None
S006246,T006246,D021,A005,2025-05-29,2025-05-30,2025-05-30,9,None
S006247,T006247,D011,A002,2025-01-17,2025-01-20,2025-01-20,30,Stock Delay
S006248,T006248,D033,A009,2024-09-23,2024-09-25,2024-09-26,17,None
S006249,T006249,D027,A007,2026-01-18,2026-01-20,2026-01-20,28,None
S006250,T006250,D003,A001,2025-02-17,2025-02-19,2025-02-19,11,None
S006251,T006251,D015,A004,2024-03-04,2024-03-07,2024-03-08,11,None
S006252,T006252,D011,A002,2026-07-18,2026-07-20,2026-07-22,36,None
S006253,T006253,D017,A004,2024-04-19,2024-04-22,2024-04-22,17,None
S006254,T006254,D005,A001,2025-11-21,2025-11-24,2025-11-24,5,None
S006255,T006255,D017,A004,2026-07-13,2026-07-16,2026-07-17,6,None
S006256,T006256,D022,A005,2024-03-13,2024-03-16,2024-03-16,13,None
S006257,T006257,D021,A005,2024-06-24,2024-06-26,2024-06-27,4,None
S006258,T006258,D026,A006,2026-01-15,2026-01-18,2026-01-26,59,Parts Damage
S006259,T006259,D035,A010,2024-07-14,2024-07-15,2024-07-17,29,Stock Delay
S006260,T006260,D011,A002,2024-02-26,2024-02-27,2024-02-29,13,None
S006261,T006261,D004,A001,2024-03-19,2024-03-22,2024-03-22,5,None
S006262,T006262,D035,A010,2024-10-07,2024-10-08,2024-10-09,27,None
S006263,T006263,D007,A001,2025-11-03,2025-11-04,2025-11-04,7,None
S006264,T006264,D038,A013,2025-01-31,2025-02-03,2025-02-03,34,None
S006265,T006265,D035,A010,2024-02-10,2024-02-11,2024-02-11,18,Stock Delay
S006266,T006266,D020,A005,2026-08-30,2026-09-01,2026-09-01,11,None
S006267,T006267,D041,A013,2026-05-03,2026-05-06,2026-05-06,26,None
S006268,T006268,D002,A001,2025-05-02,2025-05-05,2025-05-05,10,None
S006269,T006269,D014,A004,2025-04-03,2025-04-06,2025-04-06,8,None
S006270,T006270,D019,A005,2024-02-14,2024-02-16,2024-02-16,18,None
S006271,T006271,D016,A004,2024-10-26,2024-10-27,2024-10-27,11,None
S006272,T006272,D039,A013,2024-05-15,2024-05-18,2024-05-19,24,None
S006273,T006273,D001,A001,2025-07-11,2025-07-13,2025-07-13,12,None
S006274,T006274,D020,A005,2026-04-10,2026-04-11,2026-04-11,4,None
S006275,T006275,D019,A005,2026-07-30,2026-07-31,2026-07-31,5,None
S006276,T006276,D023,A005,2026-04-28,2026-05-01,2026-05-01,5,None
S006277,T006277,D012,A003,2026-08-02,2026-08-03,2026-08-08,93,Transport Routing Delay
S006278,T006278,D018,A004,2025-01-22,2025-01-23,2025-01-23,15,None
S006279,T006279,D035,A010,2026-07-26,2026-07-28,2026-07-29,27,Stock Delay
S006280,T006280,D008,A002,2024-10-15,2024-10-17,2024-10-17,36,Transport Delay
S006281,T006281,D034,A010,2025-07-26,2025-07-29,2025-07-29,15,None
S006282,T006282,D025,A005,2024-05-18,2024-05-21,2024-05-22,12,None
S006283,T006283,D029,A008,2025-04-01,2025-04-02,2025-04-02,27,None
S006284,T006284,D027,A007,2026-04-12,2026-04-14,2026-04-16,31,None
S006285,T006285,D008,A002,2024-06-09,2024-06-11,2024-06-13,17,Transport Delay
S006286,T006286,D025,A005,2025-06-14,2025-06-15,2025-06-16,17,None
S006287,T006287,D036,A011,2024-12-05,2024-12-07,2024-12-09,31,Stock Delay
S006288,T006288,D013,A004,2026-06-20,2026-06-22,2026-06-22,8,None
S006289,T006289,D041,A013,2024-08-08,2024-08-10,2024-08-10,15,None
S006290,T006290,D015,A004,2024-10-21,2024-10-23,2024-10-23,5,None
S006291,T006291,D002,A001,2024-01-03,2024-01-04,2024-01-04,15,None
S006292,T006292,D018,A004,2024-05-13,2024-05-14,2024-05-14,12,None
S006293,T006293,D041,A013,2024-10-13,2024-10-16,2024-10-18,17,None
S006294,T006294,D017,A004,2024-01-12,2024-01-13,2024-01-13,4,Minor Transport Delay
S006295,T006295,D036,A011,2025-09-18,2025-09-19,2025-09-19,30,Transport Delay
S006296,T006296,D036,A011,2026-06-06,2026-06-08,2026-06-08,24,None
S006297,T006297,D018,A004,2025-09-15,2025-09-17,2025-09-18,8,None
S006298,T006298,D001,A001,2026-07-17,2026-07-18,2026-07-18,15,None
S006299,T006299,D028,A007,2026-04-21,2026-04-23,2026-04-25,22,None
S006300,T006300,D015,A004,2026-01-20,2026-01-22,2026-01-22,11,None
S006301,T006301,D031,A009,2025-12-05,2025-12-08,2025-12-08,23,None
S006302,T006302,D016,A004,2025-05-29,2025-06-01,2025-06-01,17,None
S006303,T006303,D016,A004,2026-02-27,2026-02-28,2026-03-01,16,None
S006304,T006304,D033,A009,2025-03-12,2025-03-14,2025-03-15,29,None
S006305,T006305,D016,A004,2026-05-31,2026-06-03,2026-06-03,8,Minor Transport Delay
S006306,T006306,D015,A004,2024-12-16,2024-12-18,2024-12-18,7,None
S006307,T006307,D018,A004,2024-01-29,2024-02-01,2024-02-01,8,None
S006308,T006308,D015,A004,2026-02-13,2026-02-16,2026-02-16,18,None
S006309,T006309,D023,A005,2024-06-25,2024-06-26,2024-06-28,8,None
S006310,T006310,D031,A009,2024-08-11,2024-08-13,2024-08-13,17,Transport Delay
S006311,T006311,D017,A004,2025-09-05,2025-09-07,2025-09-08,16,None
S006312,T006312,D021,A005,2025-09-11,2025-09-14,2025-09-14,4,Minor Transport Delay
S006313,T006313,D026,A006,2024-04-25,2024-04-26,2024-05-01,65,Transport Routing Delay
S006314,T006314,D012,A003,2026-07-10,2026-07-13,2026-07-16,36,Dealer Stockout
S006315,T006315,D012,A003,2024-04-27,2024-04-28,2024-05-01,85,Transport Routing Delay
S006316,T006316,D041,A013,2026-05-07,2026-05-08,2026-05-08,19,None
S006317,T006317,D027,A007,2024-04-25,2024-04-28,2024-04-28,35,Transport Delay
S006318,T006318,D019,A005,2025-08-13,2025-08-14,2025-08-14,18,None
S006319,T006319,D024,A005,2025-01-08,2025-01-10,2025-01-11,17,None
S006320,T006320,D007,A001,2026-02-16,2026-02-17,2026-02-18,9,None
S006321,T006321,D023,A005,2025-07-24,2025-07-25,2025-07-25,14,None
S006322,T006322,D021,A005,2024-08-14,2024-08-15,2024-08-15,11,None
S006323,T006323,D019,A005,2025-11-24,2025-11-26,2025-11-26,8,None
S006324,T006324,D016,A004,2025-10-05,2025-10-08,2025-10-08,14,None
S006325,T006325,D007,A001,2024-07-21,2024-07-22,2024-07-23,16,None
S006326,T006326,D009,A002,2025-12-12,2025-12-13,2025-12-13,19,None
S006327,T006327,D041,A013,2024-12-13,2024-12-16,2024-12-17,27,Transport Delay
S006328,T006328,D013,A004,2024-09-29,2024-09-30,2024-09-30,18,None
S006329,T006329,D014,A004,2024-02-01,2024-02-03,2024-02-03,16,None
S006330,T006330,D001,A001,2024-10-15,2024-10-18,2024-10-18,17,None
S006331,T006331,D007,A001,2026-02-02,2026-02-04,2026-02-04,15,None
S006332,T006332,D028,A007,2026-07-19,2026-07-20,2026-07-20,21,None
S006333,T006333,D020,A005,2025-07-25,2025-07-28,2025-07-28,18,None
S006334,T006334,D023,A005,2026-08-29,2026-08-31,2026-09-01,6,None
S006335,T006335,D012,A003,2026-07-23,2026-07-26,2026-08-03,70,Dealer Stockout
S006336,T006336,D029,A008,2024-12-14,2024-12-17,2024-12-17,35,None
S006337,T006337,D009,A002,2024-05-05,2024-05-06,2024-05-06,32,None
S006338,T006338,D008,A002,2024-04-22,2024-04-24,2024-04-24,22,Stock Delay
S006339,T006339,D014,A004,2025-08-02,2025-08-05,2025-08-05,9,None
S006340,T006340,D017,A004,2025-01-24,2025-01-25,2025-01-27,10,None
S006341,T006341,D012,A003,2024-08-30,2024-09-01,2024-09-06,95,None
S006342,T006342,D019,A005,2024-02-03,2024-02-06,2024-02-06,6,None
S006343,T006343,D021,A005,2026-08-22,2026-08-25,2026-08-25,14,None
S006344,T006344,D032,A009,2025-02-13,2025-02-14,2025-02-14,27,None
S006345,T006345,D013,A004,2024-06-28,2024-06-30,2024-06-30,9,None
S006346,T006346,D004,A001,2026-04-06,2026-04-07,2026-04-07,5,None
S006347,T006347,D012,A003,2025-03-31,2025-04-01,2025-04-04,78,Dealer Stockout
S006348,T006348,D039,A013,2025-02-25,2025-02-27,2025-03-01,32,None
S006349,T006349,D019,A005,2024-12-13,2024-12-16,2024-12-16,7,None
S006350,T006350,D028,A007,2024-03-12,2024-03-13,2024-03-13,33,Stock Delay
S006351,T006351,D003,A001,2026-07-06,2026-07-09,2026-07-09,13,None
S006352,T006352,D021,A005,2026-03-13,2026-03-15,2026-03-15,16,None
S006353,T006353,D003,A001,2025-03-19,2025-03-22,2025-03-23,7,None
S006354,T006354,D021,A005,2024-07-22,2024-07-23,2024-07-24,10,None
S006355,T006355,D037,A012,2025-10-21,2025-10-24,2025-10-24,29,None
S006356,T006356,D041,A013,2025-07-25,2025-07-26,2025-07-27,27,None
S006357,T006357,D021,A005,2024-08-15,2024-08-18,2024-08-18,6,None
S006358,T006358,D016,A004,2026-05-31,2026-06-02,2026-06-02,10,None
S006359,T006359,D038,A013,2025-12-01,2025-12-04,2025-12-04,35,None
S006360,T006360,D026,A006,2025-06-14,2025-06-17,2025-06-25,54,Dealer Stockout
S006361,T006361,D007,A001,2025-08-08,2025-08-09,2025-08-09,18,None
S006362,T006362,D016,A004,2026-02-13,2026-02-16,2026-02-16,8,Minor Transport Delay
S006363,T006363,D012,A003,2026-02-05,2026-02-06,2026-02-06,38,Transport Routing Delay
S006364,T006364,D018,A004,2026-03-14,2026-03-17,2026-03-17,10,None
S006365,T006365,D018,A004,2025-01-13,2025-01-14,2025-01-14,17,None
S006366,T006366,D024,A005,2024-04-01,2024-04-03,2024-04-03,7,None
S006367,T006367,D016,A004,2026-01-22,2026-01-23,2026-01-23,12,Minor Transport Delay
S006368,T006368,D010,A002,2025-06-07,2025-06-10,2025-06-10,20,None
S006369,T006369,D020,A005,2024-01-31,2024-02-02,2024-02-02,16,None
S006370,T006370,D035,A010,2026-01-25,2026-01-27,2026-01-29,15,None
S006371,T006371,D026,A006,2026-04-21,2026-04-24,2026-04-29,58,Parts Damage
S006372,T006372,D014,A004,2024-04-09,2024-04-10,2024-04-10,6,None
S006373,T006373,D039,A013,2025-12-23,2025-12-24,2025-12-24,26,None
S006374,T006374,D037,A012,2025-02-17,2025-02-18,2025-02-18,13,None
S006375,T006375,D010,A002,2024-01-24,2024-01-27,2024-01-31,25,None
S006376,T006376,D004,A001,2025-08-12,2025-08-15,2025-08-15,12,Minor Transport Delay
S006377,T006377,D029,A008,2025-03-12,2025-03-13,2025-03-13,31,None
S006378,T006378,D034,A010,2024-05-19,2024-05-21,2024-05-21,15,None
S006379,T006379,D038,A013,2024-07-03,2024-07-05,2024-07-05,36,Stock Delay
S006380,T006380,D036,A011,2025-06-16,2025-06-19,2025-06-21,22,None
S006381,T006381,D022,A005,2024-02-21,2024-02-22,2024-02-23,12,None
S006382,T006382,D019,A005,2026-07-12,2026-07-14,2026-07-14,14,None
S006383,T006383,D005,A001,2024-05-04,2024-05-05,2024-05-05,13,None
S006384,T006384,D012,A003,2024-03-24,2024-03-25,2024-03-28,72,Warehouse Delay
S006385,T006385,D013,A004,2025-09-17,2025-09-19,2025-09-20,6,None
S006386,T006386,D019,A005,2024-04-09,2024-04-12,2024-04-14,11,None
S006387,T006387,D022,A005,2026-02-01,2026-02-02,2026-02-02,12,None
S006388,T006388,D029,A008,2026-02-06,2026-02-07,2026-02-07,21,None
S006389,T006389,D012,A003,2024-05-11,2024-05-14,2024-05-19,46,Transport Routing Delay
S006390,T006390,D025,A005,2026-05-03,2026-05-05,2026-05-05,15,None
S006391,T006391,D002,A001,2024-03-20,2024-03-21,2024-03-22,16,None
S006392,T006392,D015,A004,2025-08-06,2025-08-07,2025-08-07,6,None
S006393,T006393,D029,A008,2025-11-23,2025-11-24,2025-11-25,23,None
S006394,T006394,D028,A007,2025-03-09,2025-03-11,2025-03-11,28,Stock Delay
S006395,T006395,D041,A013,2026-02-10,2026-02-12,2026-02-13,22,None
S006396,T006396,D012,A003,2025-04-11,2025-04-13,2025-04-13,57,Dealer Stockout
S006397,T006397,D020,A005,2025-02-27,2025-03-02,2025-03-02,15,Minor Transport Delay
S006398,T006398,D015,A004,2024-05-04,2024-05-06,2024-05-06,7,None
S006399,T006399,D018,A004,2025-04-29,2025-05-02,2025-05-02,14,Minor Transport Delay
S006400,T006400,D035,A010,2025-04-01,2025-04-04,2025-04-05,25,None
S006401,T006401,D028,A007,2025-07-05,2025-07-06,2025-07-07,27,None
S006402,T006402,D036,A011,2024-04-18,2024-04-19,2024-04-21,22,None
S006403,T006403,D011,A002,2024-10-13,2024-10-14,2024-10-16,23,None
S006404,T006404,D036,A011,2024-12-14,2024-12-15,2024-12-15,33,None
S006405,T006405,D005,A001,2025-12-22,2025-12-24,2025-12-24,10,None
S006406,T006406,D036,A011,2025-12-07,2025-12-08,2025-12-09,20,None
S006407,T006407,D016,A004,2024-03-21,2024-03-23,2024-03-23,9,None
S006408,T006408,D017,A004,2026-05-05,2026-05-08,2026-05-08,17,None
S006409,T006409,D022,A005,2025-01-12,2025-01-14,2025-01-15,6,None
S006410,T006410,D041,A013,2025-03-07,2025-03-09,2025-03-09,36,None
S006411,T006411,D007,A001,2024-02-13,2024-02-15,2024-02-16,14,None
S006412,T006412,D017,A004,2024-08-26,2024-08-28,2024-08-28,14,None
S006413,T006413,D035,A010,2026-05-17,2026-05-18,2026-05-20,33,None
S006414,T006414,D017,A004,2025-04-25,2025-04-26,2025-04-26,16,None
S006415,T006415,D008,A002,2026-07-12,2026-07-13,2026-07-14,20,None
S006416,T006416,D014,A004,2024-12-09,2024-12-12,2024-12-12,15,None
S006417,T006417,D016,A004,2024-07-21,2024-07-24,2024-07-25,17,Minor Transport Delay
S006418,T006418,D037,A012,2024-03-22,2024-03-23,2024-03-23,24,None
S006419,T006419,D029,A008,2024-04-08,2024-04-11,2024-04-13,27,None
S006420,T006420,D022,A005,2026-01-03,2026-01-06,2026-01-06,12,None
S006421,T006421,D040,A013,2026-05-24,2026-05-27,2026-05-28,27,None
S006422,T006422,D015,A004,2025-04-21,2025-04-24,2025-04-24,5,None
S006423,T006423,D001,A001,2025-04-14,2025-04-17,2025-04-18,10,None
S006424,T006424,D012,A003,2026-08-11,2026-08-14,2026-08-19,96,Dealer Stockout
S006425,T006425,D018,A004,2026-01-04,2026-01-06,2026-01-06,12,None
S006426,T006426,D006,A001,2026-03-10,2026-03-11,2026-03-12,16,None
S006427,T006427,D041,A013,2025-02-05,2025-02-07,2025-02-08,33,Transport Delay
S006428,T006428,D032,A009,2024-05-29,2024-05-30,2024-05-30,24,Transport Delay
S006429,T006429,D012,A003,2025-10-18,2025-10-19,2025-10-27,94,Dealer Stockout
S006430,T006430,D019,A005,2024-10-06,2024-10-07,2024-10-07,11,Minor Transport Delay
S006431,T006431,D027,A007,2026-04-05,2026-04-06,2026-04-06,30,None
S006432,T006432,D041,A013,2025-03-23,2025-03-24,2025-03-25,32,Stock Delay
S006433,T006433,D036,A011,2024-02-01,2024-02-03,2024-02-04,32,None
S006434,T006434,D025,A005,2026-01-05,2026-01-07,2026-01-07,16,None
S006435,T006435,D033,A009,2025-07-09,2025-07-11,2025-07-11,34,Stock Delay
S006436,T006436,D022,A005,2025-05-17,2025-05-18,2025-05-18,14,Minor Transport Delay
S006437,T006437,D021,A005,2024-11-03,2024-11-05,2024-11-05,5,Minor Transport Delay
S006438,T006438,D002,A001,2026-05-21,2026-05-23,2026-05-23,18,None
S006439,T006439,D006,A001,2024-07-14,2024-07-16,2024-07-16,17,None
S006440,T006440,D023,A005,2025-12-31,2026-01-02,2026-01-02,18,None
S006441,T006441,D012,A003,2024-02-02,2024-02-04,2024-02-07,38,Dealer Stockout
S006442,T006442,D001,A001,2026-06-07,2026-06-09,2026-06-09,14,None
S006443,T006443,D028,A007,2026-01-03,2026-01-04,2026-01-06,27,None
S006444,T006444,D001,A001,2024-07-28,2024-07-31,2024-07-31,5,None
S006445,T006445,D022,A005,2024-05-06,2024-05-09,2024-05-09,11,None
S006446,T006446,D020,A005,2026-05-15,2026-05-17,2026-05-17,11,None
S006447,T006447,D040,A013,2026-01-15,2026-01-18,2026-01-19,15,None
S006448,T006448,D016,A004,2024-05-19,2024-05-21,2024-05-21,6,None
S006449,T006449,D001,A001,2026-07-13,2026-07-15,2026-07-17,15,Minor Transport Delay
S006450,T006450,D023,A005,2025-03-07,2025-03-08,2025-03-08,8,None
S006451,T006451,D035,A010,2025-08-23,2025-08-24,2025-08-25,25,None
S006452,T006452,D040,A013,2024-04-04,2024-04-06,2024-04-06,27,None
S006453,T006453,D016,A004,2024-02-22,2024-02-24,2024-02-25,12,None
S006454,T006454,D017,A004,2025-03-22,2025-03-23,2025-03-23,9,None
S006455,T006455,D037,A012,2024-04-08,2024-04-10,2024-04-10,14,None
S006456,T006456,D009,A002,2026-05-24,2026-05-27,2026-05-29,14,None
S006457,T006457,D024,A005,2025-05-04,2025-05-07,2025-05-08,11,None
S006458,T006458,D014,A004,2024-06-24,2024-06-26,2024-06-26,10,None
S006459,T006459,D003,A001,2024-11-09,2024-11-10,2024-11-10,17,None
S006460,T006460,D013,A004,2025-12-17,2025-12-18,2025-12-18,11,None
S006461,T006461,D012,A003,2025-03-06,2025-03-08,2025-03-11,96,Dealer Stockout
S006462,T006462,D028,A007,2026-01-25,2026-01-26,2026-01-27,29,None
S006463,T006463,D040,A013,2025-09-07,2025-09-10,2025-09-10,20,None
S006464,T006464,D012,A003,2024-01-08,2024-01-11,2024-01-14,46,Transport Routing Delay
S006465,T006465,D033,A009,2025-05-28,2025-05-29,2025-05-30,18,None
S006466,T006466,D006,A001,2026-03-22,2026-03-25,2026-03-25,17,None
S006467,T006467,D024,A005,2025-12-11,2025-12-13,2025-12-14,7,None
S006468,T006468,D003,A001,2026-02-04,2026-02-06,2026-02-06,18,None
S006469,T006469,D039,A013,2024-06-02,2024-06-04,2024-06-08,23,None
S006470,T006470,D031,A009,2024-06-16,2024-06-18,2024-06-18,19,None
S006471,T006471,D026,A006,2025-08-08,2025-08-10,2025-08-13,83,Transport Routing Delay
S006472,T006472,D031,A009,2024-04-10,2024-04-13,2024-04-13,25,None
S006473,T006473,D025,A005,2025-11-04,2025-11-06,2025-11-06,4,None
S006474,T006474,D039,A013,2026-04-04,2026-04-07,2026-04-07,14,None
S006475,T006475,D028,A007,2024-11-19,2024-11-22,2024-11-23,36,None
S006476,T006476,D041,A013,2025-11-01,2025-11-02,2025-11-03,24,None
S006477,T006477,D020,A005,2025-11-04,2025-11-07,2025-11-07,16,None
S006478,T006478,D002,A001,2025-06-01,2025-06-04,2025-06-04,11,None
S006479,T006479,D023,A005,2024-08-03,2024-08-06,2024-08-06,12,None
S006480,T006480,D002,A001,2024-12-19,2024-12-20,2024-12-22,7,None
S006481,T006481,D022,A005,2025-07-05,2025-07-07,2025-07-07,15,None
S006482,T006482,D013,A004,2025-05-17,2025-05-20,2025-05-20,15,None
S006483,T006483,D022,A005,2025-07-10,2025-07-11,2025-07-11,9,None
S006484,T006484,D005,A001,2025-06-19,2025-06-21,2025-06-22,8,Minor Transport Delay
S006485,T006485,D011,A002,2024-02-01,2024-02-02,2024-02-04,21,None
S006486,T006486,D017,A004,2026-01-12,2026-01-13,2026-01-13,11,None
S006487,T006487,D039,A013,2025-02-22,2025-02-25,2025-02-25,29,None
S006488,T006488,D016,A004,2025-02-17,2025-02-19,2025-02-19,11,None
S006489,T006489,D016,A004,2025-03-29,2025-04-01,2025-04-01,13,None
S006490,T006490,D027,A007,2025-09-15,2025-09-17,2025-09-18,26,None
S006491,T006491,D023,A005,2026-08-30,2026-09-02,2026-09-03,7,None
S006492,T006492,D014,A004,2025-12-09,2025-12-11,2025-12-11,10,None
S006493,T006493,D014,A004,2025-02-01,2025-02-02,2025-02-02,7,None
S006494,T006494,D011,A002,2025-05-25,2025-05-27,2025-05-27,28,None
S006495,T006495,D038,A013,2025-09-20,2025-09-22,2025-09-23,14,None
S006496,T006496,D003,A001,2024-01-22,2024-01-23,2024-01-24,11,None
S006497,T006497,D016,A004,2026-05-18,2026-05-21,2026-05-21,11,None
S006498,T006498,D004,A001,2025-11-07,2025-11-10,2025-11-10,4,None
S006499,T006499,D010,A002,2026-05-13,2026-05-16,2026-05-17,34,None
S006500,T006500,D030,A009,2024-01-28,2024-01-31,2024-02-02,28,None
S006501,T006501,D009,A002,2026-03-13,2026-03-15,2026-03-16,22,None
S006502,T006502,D003,A001,2024-03-07,2024-03-09,2024-03-09,8,None
S006503,T006503,D018,A004,2024-08-16,2024-08-19,2024-08-19,9,None
S006504,T006504,D003,A001,2026-03-24,2026-03-25,2026-03-27,17,None
S006505,T006505,D004,A001,2024-04-12,2024-04-13,2024-04-13,15,None
S006506,T006506,D033,A009,2025-04-12,2025-04-13,2025-04-13,34,None
S006507,T006507,D033,A009,2026-01-17,2026-01-18,2026-01-19,22,Transport Delay
S006508,T006508,D037,A012,2024-01-11,2024-01-13,2024-01-13,26,Stock Delay
S006509,T006509,D034,A010,2026-05-26,2026-05-28,2026-05-30,31,None
S006510,T006510,D026,A006,2025-12-11,2025-12-12,2025-12-20,80,Dealer Stockout
S006511,T006511,D001,A001,2024-09-15,2024-09-16,2024-09-17,10,None
S006512,T006512,D030,A009,2024-04-29,2024-05-01,2024-05-02,14,None
S006513,T006513,D034,A010,2025-05-24,2025-05-25,2025-05-25,24,None
S006514,T006514,D030,A009,2026-08-31,2026-09-02,2026-09-03,23,Transport Delay
S006515,T006515,D025,A005,2025-08-22,2025-08-25,2025-08-25,6,None
S006516,T006516,D010,A002,2024-12-30,2025-01-01,2025-01-01,17,None
S006517,T006517,D035,A010,2024-10-13,2024-10-14,2024-10-14,36,None
S006518,T006518,D027,A007,2026-07-20,2026-07-22,2026-07-23,18,None
S006519,T006519,D039,A013,2025-07-18,2025-07-20,2025-07-20,22,None
S006520,T006520,D004,A001,2024-01-14,2024-01-17,2024-01-17,16,None
S006521,T006521,D008,A002,2024-01-14,2024-01-16,2024-01-18,18,None
S006522,T006522,D008,A002,2026-04-07,2026-04-10,2026-04-12,21,None
S006523,T006523,D030,A009,2024-03-06,2024-03-07,2024-03-11,33,None
S006524,T006524,D009,A002,2026-05-02,2026-05-03,2026-05-03,22,None
S006525,T006525,D007,A001,2025-06-15,2025-06-18,2025-06-18,18,None
S006526,T006526,D039,A013,2024-01-08,2024-01-11,2024-01-11,21,None
S006527,T006527,D001,A001,2025-05-29,2025-05-30,2025-05-30,17,None
S006528,T006528,D034,A010,2026-01-31,2026-02-03,2026-02-03,32,None
S006529,T006529,D018,A004,2026-01-17,2026-01-19,2026-01-19,12,None
S006530,T006530,D035,A010,2025-09-19,2025-09-22,2025-09-22,20,None
S006531,T006531,D023,A005,2026-06-13,2026-06-16,2026-06-17,17,None
S006532,T006532,D037,A012,2024-03-12,2024-03-13,2024-03-15,32,Stock Delay
S006533,T006533,D040,A013,2024-09-16,2024-09-18,2024-09-18,27,None
S006534,T006534,D004,A001,2024-06-05,2024-06-06,2024-06-07,18,None
S006535,T006535,D003,A001,2025-02-05,2025-02-08,2025-02-08,8,None
S006536,T006536,D012,A003,2025-01-04,2025-01-05,2025-01-06,92,None
S006537,T006537,D026,A006,2026-07-27,2026-07-28,2026-07-31,76,Transport Routing Delay
S006538,T006538,D036,A011,2026-05-06,2026-05-08,2026-05-08,23,None
S006539,T006539,D017,A004,2026-05-23,2026-05-26,2026-05-26,11,None
S006540,T006540,D023,A005,2026-07-01,2026-07-02,2026-07-03,11,None
S006541,T006541,D008,A002,2026-08-06,2026-08-08,2026-08-08,19,None
S006542,T006542,D030,A009,2025-12-22,2025-12-24,2025-12-26,14,None
S006543,T006543,D041,A013,2026-04-07,2026-04-08,2026-04-09,12,None
S006544,T006544,D012,A003,2025-05-24,2025-05-26,2025-05-27,79,Warehouse Delay
S006545,T006545,D013,A004,2024-04-13,2024-04-16,2024-04-16,6,None
S006546,T006546,D007,A001,2025-11-20,2025-11-21,2025-11-21,7,Minor Transport Delay
S006547,T006547,D023,A005,2024-04-21,2024-04-22,2024-04-23,16,None
S006548,T006548,D023,A005,2024-09-06,2024-09-08,2024-09-08,6,None
S006549,T006549,D007,A001,2026-03-25,2026-03-26,2026-03-26,7,None
S006550,T006550,D014,A004,2025-06-11,2025-06-13,2025-06-13,16,None
S006551,T006551,D016,A004,2026-07-09,2026-07-12,2026-07-12,16,None
S006552,T006552,D024,A005,2024-12-07,2024-12-10,2024-12-10,4,None
S006553,T006553,D023,A005,2025-08-12,2025-08-14,2025-08-15,15,None
S006554,T006554,D001,A001,2024-12-01,2024-12-03,2024-12-04,4,None
S006555,T006555,D029,A008,2024-10-03,2024-10-06,2024-10-07,34,None
S006556,T006556,D028,A007,2025-07-07,2025-07-10,2025-07-11,27,None
S006557,T006557,D018,A004,2026-03-30,2026-04-02,2026-04-03,18,None
S006558,T006558,D005,A001,2025-06-16,2025-06-17,2025-06-17,16,None
S006559,T006559,D029,A008,2024-10-29,2024-10-31,2024-10-31,31,None
S006560,T006560,D040,A013,2024-04-23,2024-04-24,2024-04-24,25,Transport Delay
S006561,T006561,D012,A003,2026-07-21,2026-07-23,2026-07-26,71,Transport Routing Delay
S006562,T006562,D015,A004,2025-11-14,2025-11-15,2025-11-15,14,None
S006563,T006563,D011,A002,2026-08-11,2026-08-13,2026-08-13,23,None
S006564,T006564,D021,A005,2025-09-25,2025-09-26,2025-09-26,7,None
S006565,T006565,D007,A001,2026-03-27,2026-03-28,2026-03-29,12,None
S006566,T006566,D014,A004,2024-07-07,2024-07-09,2024-07-11,12,None
S006567,T006567,D027,A007,2025-06-23,2025-06-25,2025-06-25,24,Stock Delay
S006568,T006568,D023,A005,2024-08-27,2024-08-28,2024-08-28,12,Minor Transport Delay
S006569,T006569,D015,A004,2026-02-08,2026-02-09,2026-02-09,9,None
S006570,T006570,D013,A004,2025-11-24,2025-11-26,2025-11-26,17,None
S006571,T006571,D019,A005,2024-06-16,2024-06-19,2024-06-19,7,None
S006572,T006572,D007,A001,2025-08-14,2025-08-15,2025-08-15,15,None
S006573,T006573,D005,A001,2026-06-29,2026-07-02,2026-07-02,16,None
S006574,T006574,D036,A011,2025-07-24,2025-07-25,2025-07-25,29,None
S006575,T006575,D007,A001,2024-10-06,2024-10-07,2024-10-07,14,None
S006576,T006576,D028,A007,2024-11-07,2024-11-10,2024-11-10,26,None
S006577,T006577,D037,A012,2024-07-18,2024-07-20,2024-07-20,32,None
S006578,T006578,D012,A003,2024-12-21,2024-12-23,2024-12-26,73,Transport Routing Delay
S006579,T006579,D013,A004,2025-01-29,2025-02-01,2025-02-02,15,None
S006580,T006580,D021,A005,2024-05-07,2024-05-10,2024-05-10,9,None
S006581,T006581,D036,A011,2025-08-22,2025-08-25,2025-08-25,15,None
S006582,T006582,D041,A013,2024-08-30,2024-09-02,2024-09-02,14,Transport Delay
S006583,T006583,D029,A008,2025-11-17,2025-11-18,2025-11-20,32,None
S006584,T006584,D005,A001,2026-07-20,2026-07-22,2026-07-22,7,Minor Transport Delay
S006585,T006585,D026,A006,2026-05-13,2026-05-14,2026-05-14,59,Transport Routing Delay
S006586,T006586,D015,A004,2025-03-21,2025-03-22,2025-03-22,8,Minor Transport Delay
S006587,T006587,D016,A004,2024-08-21,2024-08-23,2024-08-23,12,None
S006588,T006588,D005,A001,2024-03-31,2024-04-02,2024-04-02,11,None
S006589,T006589,D008,A002,2025-05-13,2025-05-16,2025-05-16,32,None
S006590,T006590,D032,A009,2024-04-14,2024-04-17,2024-04-17,20,None
S006591,T006591,D018,A004,2025-01-02,2025-01-05,2025-01-05,12,None
S006592,T006592,D016,A004,2025-07-16,2025-07-18,2025-07-18,10,None
S006593,T006593,D017,A004,2024-02-20,2024-02-22,2024-02-22,12,None
S006594,T006594,D035,A010,2026-04-27,2026-04-29,2026-04-30,26,None
S006595,T006595,D029,A008,2026-04-22,2026-04-25,2026-04-25,12,Stock Delay
S006596,T006596,D012,A003,2024-10-09,2024-10-11,2024-10-11,37,Warehouse Delay
S006597,T006597,D006,A001,2024-01-03,2024-01-05,2024-01-05,5,None
S006598,T006598,D012,A003,2025-06-07,2025-06-10,2025-06-13,49,Dealer Stockout
S006599,T006599,D037,A012,2025-10-15,2025-10-17,2025-10-17,16,Stock Delay
S006600,T006600,D020,A005,2024-06-19,2024-06-21,2024-06-21,10,None
S006601,T006601,D019,A005,2024-09-25,2024-09-26,2024-09-26,14,None
S006602,T006602,D021,A005,2025-08-22,2025-08-24,2025-08-24,9,None
S006603,T006603,D014,A004,2024-06-17,2024-06-20,2024-06-21,8,None
S006604,T006604,D032,A009,2026-05-31,2026-06-03,2026-06-03,18,Stock Delay
S006605,T006605,D021,A005,2024-04-08,2024-04-11,2024-04-11,16,None
S006606,T006606,D003,A001,2024-05-28,2024-05-29,2024-05-29,17,None
S006607,T006607,D005,A001,2025-07-29,2025-08-01,2025-08-01,11,None
S006608,T006608,D024,A005,2024-11-17,2024-11-19,2024-11-19,7,None
S006609,T006609,D041,A013,2024-10-24,2024-10-25,2024-10-26,14,None
S006610,T006610,D015,A004,2025-03-05,2025-03-08,2025-03-08,14,Minor Transport Delay
S006611,T006611,D036,A011,2026-08-04,2026-08-05,2026-08-05,13,None
S006612,T006612,D031,A009,2024-06-20,2024-06-23,2024-06-23,23,Stock Delay
S006613,T006613,D012,A003,2025-07-04,2025-07-07,2025-07-10,72,Dealer Stockout
S006614,T006614,D005,A001,2025-08-01,2025-08-02,2025-08-02,14,None
S006615,T006615,D004,A001,2024-11-25,2024-11-28,2024-11-28,11,None
S006616,T006616,D028,A007,2024-11-18,2024-11-19,2024-11-20,36,Stock Delay
S006617,T006617,D010,A002,2025-03-22,2025-03-25,2025-03-25,27,None
S006618,T006618,D016,A004,2024-02-29,2024-03-01,2024-03-01,5,None
S006619,T006619,D019,A005,2024-09-08,2024-09-11,2024-09-11,15,Minor Transport Delay
S006620,T006620,D028,A007,2026-03-15,2026-03-18,2026-03-19,20,None
S006621,T006621,D003,A001,2026-01-24,2026-01-25,2026-01-26,9,None
S006622,T006622,D015,A004,2026-02-11,2026-02-13,2026-02-13,12,None
S006623,T006623,D014,A004,2025-09-25,2025-09-28,2025-09-30,12,None
S006624,T006624,D020,A005,2025-01-15,2025-01-17,2025-01-17,13,None
S006625,T006625,D031,A009,2026-08-12,2026-08-14,2026-08-14,14,None
S006626,T006626,D009,A002,2025-11-27,2025-11-29,2025-11-29,12,Transport Delay
S006627,T006627,D031,A009,2026-02-05,2026-02-07,2026-02-07,23,None
S006628,T006628,D028,A007,2026-07-01,2026-07-02,2026-07-03,33,Transport Delay
S006629,T006629,D025,A005,2024-08-06,2024-08-07,2024-08-07,18,None
S006630,T006630,D027,A007,2025-08-19,2025-08-21,2025-08-21,15,Stock Delay
S006631,T006631,D017,A004,2025-06-08,2025-06-09,2025-06-09,12,None
S006632,T006632,D001,A001,2024-09-25,2024-09-26,2024-09-26,7,None
S006633,T006633,D026,A006,2024-04-26,2024-04-28,2024-05-01,94,Transport Routing Delay
S006634,T006634,D024,A005,2024-02-07,2024-02-09,2024-02-09,13,None
S006635,T006635,D025,A005,2025-03-27,2025-03-30,2025-03-30,4,None
S006636,T006636,D018,A004,2024-05-07,2024-05-09,2024-05-09,5,None
S006637,T006637,D037,A012,2024-07-09,2024-07-10,2024-07-11,24,None
S006638,T006638,D025,A005,2024-10-02,2024-10-05,2024-10-05,7,None
S006639,T006639,D007,A001,2026-01-23,2026-01-26,2026-01-26,4,None
S006640,T006640,D015,A004,2025-03-31,2025-04-03,2025-04-03,6,None
S006641,T006641,D029,A008,2024-12-28,2024-12-30,2024-12-30,26,Transport Delay
S006642,T006642,D033,A009,2025-03-23,2025-03-24,2025-03-25,12,Stock Delay
S006643,T006643,D014,A004,2024-12-03,2024-12-05,2024-12-05,14,None
S006644,T006644,D036,A011,2025-06-05,2025-06-06,2025-06-07,23,None
S006645,T006645,D012,A003,2025-05-22,2025-05-24,2025-05-27,74,Transport Routing Delay
S006646,T006646,D017,A004,2026-08-31,2026-09-03,2026-09-05,5,None
S006647,T006647,D037,A012,2025-07-29,2025-08-01,2025-08-01,24,None
S006648,T006648,D036,A011,2025-09-04,2025-09-07,2025-09-07,16,None
S006649,T006649,D028,A007,2024-04-25,2024-04-27,2024-04-28,24,Transport Delay
S006650,T006650,D035,A010,2024-08-03,2024-08-04,2024-08-04,27,None
S006651,T006651,D007,A001,2026-04-14,2026-04-17,2026-04-17,10,None
S006652,T006652,D035,A010,2026-04-12,2026-04-15,2026-04-15,14,None
S006653,T006653,D013,A004,2024-03-01,2024-03-04,2024-03-04,9,None
S006654,T006654,D008,A002,2024-11-08,2024-11-11,2024-11-11,26,None
S006655,T006655,D012,A003,2026-01-21,2026-01-24,2026-01-29,83,Dealer Stockout
S006656,T006656,D015,A004,2024-12-28,2024-12-30,2024-12-30,4,Minor Transport Delay
S006657,T006657,D012,A003,2025-11-08,2025-11-09,2025-11-12,72,Transport Routing Delay
S006658,T006658,D018,A004,2025-07-12,2025-07-14,2025-07-14,13,None
S006659,T006659,D003,A001,2026-06-07,2026-06-09,2026-06-09,18,None
S006660,T006660,D015,A004,2025-08-03,2025-08-05,2025-08-05,5,None
S006661,T006661,D025,A005,2026-08-13,2026-08-15,2026-08-15,6,None
S006662,T006662,D013,A004,2026-02-13,2026-02-16,2026-02-16,4,None
S006663,T006663,D018,A004,2025-08-11,2025-08-14,2025-08-14,17,None
S006664,T006664,D029,A008,2024-05-07,2024-05-09,2024-05-10,21,None
S006665,T006665,D036,A011,2025-07-25,2025-07-26,2025-07-27,34,None
S006666,T006666,D029,A008,2025-10-06,2025-10-09,2025-10-09,31,None
S006667,T006667,D014,A004,2026-03-13,2026-03-15,2026-03-15,6,None
S006668,T006668,D029,A008,2025-04-08,2025-04-10,2025-04-11,34,None
S006669,T006669,D006,A001,2026-06-02,2026-06-04,2026-06-04,13,Minor Transport Delay
S006670,T006670,D001,A001,2026-05-17,2026-05-18,2026-05-18,12,Minor Transport Delay
S006671,T006671,D015,A004,2025-12-25,2025-12-27,2025-12-27,14,None
S006672,T006672,D033,A009,2025-06-24,2025-06-26,2025-06-27,17,None
S006673,T006673,D012,A003,2025-05-30,2025-05-31,2025-05-31,42,Transport Routing Delay
S006674,T006674,D001,A001,2024-06-18,2024-06-20,2024-06-20,16,None
S006675,T006675,D003,A001,2026-06-23,2026-06-26,2026-06-26,16,None
S006676,T006676,D034,A010,2025-09-14,2025-09-16,2025-09-17,12,None
S006677,T006677,D020,A005,2025-01-01,2025-01-02,2025-01-03,14,None
S006678,T006678,D012,A003,2025-04-25,2025-04-28,2025-04-29,43,Transport Routing Delay
S006679,T006679,D024,A005,2026-05-15,2026-05-16,2026-05-16,13,None
S006680,T006680,D022,A005,2024-02-22,2024-02-25,2024-02-25,16,None
S006681,T006681,D026,A006,2024-07-03,2024-07-05,2024-07-06,41,Transport Routing Delay
S006682,T006682,D008,A002,2024-11-27,2024-11-28,2024-11-28,12,None
S006683,T006683,D034,A010,2024-12-10,2024-12-13,2024-12-15,25,None
S006684,T006684,D015,A004,2026-07-27,2026-07-28,2026-07-28,18,None
S006685,T006685,D027,A007,2024-12-31,2025-01-03,2025-01-03,19,None
S006686,T006686,D007,A001,2026-03-19,2026-03-21,2026-03-21,10,None
S006687,T006687,D013,A004,2025-01-11,2025-01-12,2025-01-12,18,None
S006688,T006688,D014,A004,2025-10-19,2025-10-21,2025-10-21,5,None
S006689,T006689,D025,A005,2025-01-25,2025-01-27,2025-01-27,17,None
S006690,T006690,D004,A001,2024-03-31,2024-04-02,2024-04-02,18,None
S006691,T006691,D032,A009,2024-03-26,2024-03-28,2024-03-28,17,None
S006692,T006692,D009,A002,2024-08-05,2024-08-07,2024-08-08,21,None
S006693,T006693,D026,A006,2026-04-23,2026-04-26,2026-04-29,75,Transport Routing Delay
S006694,T006694,D032,A009,2025-09-02,2025-09-04,2025-09-04,26,None
S006695,T006695,D020,A005,2025-10-18,2025-10-20,2025-10-20,14,None
S006696,T006696,D029,A008,2024-10-28,2024-10-30,2024-10-30,16,None
S006697,T006697,D026,A006,2024-11-27,2024-11-28,2024-11-29,52,None
S006698,T006698,D014,A004,2024-01-09,2024-01-11,2024-01-12,4,None
S006699,T006699,D031,A009,2025-05-24,2025-05-25,2025-05-29,32,None
S006700,T006700,D015,A004,2024-04-14,2024-04-15,2024-04-15,6,None
S006701,T006701,D024,A005,2025-02-10,2025-02-12,2025-02-13,6,None
S006702,T006702,D029,A008,2024-07-10,2024-07-12,2024-07-14,20,None
S006703,T006703,D014,A004,2025-01-31,2025-02-02,2025-02-02,16,None
S006704,T006704,D016,A004,2025-11-05,2025-11-07,2025-11-07,17,Minor Transport Delay
S006705,T006705,D017,A004,2025-06-10,2025-06-13,2025-06-13,18,None
S006706,T006706,D031,A009,2024-07-30,2024-07-31,2024-07-31,36,None
S006707,T006707,D039,A013,2026-04-11,2026-04-13,2026-04-13,32,Transport Delay
S006708,T006708,D025,A005,2025-05-10,2025-05-13,2025-05-13,5,None
S006709,T006709,D026,A006,2025-09-30,2025-10-03,2025-10-06,55,Warehouse Delay
S006710,T006710,D037,A012,2026-08-31,2026-09-02,2026-09-03,18,None
S006711,T006711,D003,A001,2025-12-08,2025-12-10,2025-12-10,10,None
S006712,T006712,D009,A002,2025-05-28,2025-05-31,2025-05-31,24,None
S006713,T006713,D027,A007,2026-02-10,2026-02-13,2026-02-15,24,None
S006714,T006714,D032,A009,2025-09-21,2025-09-24,2025-09-26,17,None
S006715,T006715,D034,A010,2026-07-21,2026-07-24,2026-07-24,13,None
S006716,T006716,D014,A004,2024-02-26,2024-02-29,2024-03-01,7,None
S006717,T006717,D004,A001,2026-01-24,2026-01-27,2026-01-29,15,None
S006718,T006718,D013,A004,2024-05-20,2024-05-21,2024-05-21,17,None
S006719,T006719,D009,A002,2026-06-13,2026-06-16,2026-06-18,23,None
S006720,T006720,D015,A004,2025-12-20,2025-12-21,2025-12-21,6,None
S006721,T006721,D030,A009,2025-04-20,2025-04-21,2025-04-21,18,None
S006722,T006722,D005,A001,2024-06-02,2024-06-03,2024-06-03,13,None
S006723,T006723,D034,A010,2025-12-16,2025-12-17,2025-12-18,31,None
S006724,T006724,D018,A004,2025-04-25,2025-04-26,2025-04-26,14,None
S006725,T006725,D022,A005,2025-07-18,2025-07-20,2025-07-22,12,None
S006726,T006726,D004,A001,2024-01-08,2024-01-11,2024-01-11,6,None
S006727,T006727,D016,A004,2026-04-09,2026-04-11,2026-04-11,8,None
S006728,T006728,D007,A001,2025-06-05,2025-06-07,2025-06-07,7,None
S006729,T006729,D039,A013,2026-04-19,2026-04-21,2026-04-22,21,None
S006730,T006730,D032,A009,2026-04-08,2026-04-11,2026-04-12,30,None
S006731,T006731,D014,A004,2024-02-21,2024-02-24,2024-02-24,5,None
S006732,T006732,D008,A002,2025-06-14,2025-06-15,2025-06-17,18,None
S006733,T006733,D038,A013,2025-08-16,2025-08-19,2025-08-19,14,None
S006734,T006734,D016,A004,2025-08-28,2025-08-29,2025-08-30,4,None
S006735,T006735,D004,A001,2026-02-10,2026-02-13,2026-02-15,4,None
S006736,T006736,D020,A005,2026-05-17,2026-05-18,2026-05-18,17,None
S006737,T006737,D038,A013,2024-05-25,2024-05-28,2024-05-28,32,None
S006738,T006738,D001,A001,2026-03-26,2026-03-28,2026-03-28,10,None
S006739,T006739,D011,A002,2026-04-08,2026-04-10,2026-04-12,28,None
S006740,T006740,D040,A013,2026-06-03,2026-06-06,2026-06-07,19,None
S006741,T006741,D008,A002,2024-07-19,2024-07-20,2024-07-24,35,None
S006742,T006742,D006,A001,2024-10-28,2024-10-29,2024-10-29,10,Minor Transport Delay
S006743,T006743,D022,A005,2026-05-23,2026-05-25,2026-05-25,5,None
S006744,T006744,D035,A010,2026-08-11,2026-08-14,2026-08-14,23,None
S006745,T006745,D014,A004,2024-11-18,2024-11-21,2024-11-21,16,None
S006746,T006746,D040,A013,2026-01-01,2026-01-03,2026-01-05,20,Stock Delay
S006747,T006747,D026,A006,2024-06-23,2024-06-26,2024-06-26,93,Dealer Stockout
S006748,T006748,D002,A001,2026-05-02,2026-05-05,2026-05-05,9,None
S006749,T006749,D040,A013,2025-12-02,2025-12-03,2025-12-04,28,None
S006750,T006750,D013,A004,2024-04-06,2024-04-08,2024-04-08,7,None
S006751,T006751,D014,A004,2026-06-30,2026-07-03,2026-07-03,10,None
S006752,T006752,D023,A005,2024-01-16,2024-01-18,2024-01-20,12,None
S006753,T006753,D018,A004,2024-09-05,2024-09-07,2024-09-07,5,None
S006754,T006754,D004,A001,2025-02-08,2025-02-09,2025-02-09,10,None
S006755,T006755,D004,A001,2025-06-25,2025-06-28,2025-06-28,8,None
S006756,T006756,D018,A004,2026-03-20,2026-03-21,2026-03-21,17,None
S006757,T006757,D034,A010,2024-11-10,2024-11-13,2024-11-15,35,None
S006758,T006758,D019,A005,2025-10-25,2025-10-28,2025-10-28,11,None
S006759,T006759,D038,A013,2024-07-08,2024-07-09,2024-07-11,18,None
S006760,T006760,D018,A004,2024-11-01,2024-11-04,2024-11-04,14,None
S006761,T006761,D012,A003,2026-01-25,2026-01-26,2026-01-27,54,Dealer Stockout
S006762,T006762,D004,A001,2025-06-29,2025-07-02,2025-07-02,16,None
S006763,T006763,D009,A002,2024-11-03,2024-11-04,2024-11-05,14,None
S006764,T006764,D017,A004,2026-01-07,2026-01-10,2026-01-10,8,None
S006765,T006765,D032,A009,2024-04-16,2024-04-18,2024-04-18,14,None
S006766,T006766,D037,A012,2024-01-27,2024-01-29,2024-01-31,14,None
S006767,T006767,D038,A013,2025-02-01,2025-02-04,2025-02-04,35,None
S006768,T006768,D010,A002,2026-03-26,2026-03-29,2026-03-30,16,Stock Delay
S006769,T006769,D036,A011,2024-05-09,2024-05-11,2024-05-12,14,None
S006770,T006770,D016,A004,2025-08-10,2025-08-13,2025-08-13,16,None
S006771,T006771,D003,A001,2024-02-27,2024-02-29,2024-02-29,17,Minor Transport Delay
S006772,T006772,D036,A011,2024-06-24,2024-06-25,2024-06-26,25,Stock Delay
S006773,T006773,D022,A005,2024-06-05,2024-06-08,2024-06-10,5,None
S006774,T006774,D010,A002,2025-08-21,2025-08-23,2025-08-27,27,None
S006775,T006775,D014,A004,2024-03-10,2024-03-13,2024-03-13,11,None
S006776,T006776,D016,A004,2025-03-09,2025-03-12,2025-03-13,7,None
S006777,T006777,D027,A007,2025-12-15,2025-12-17,2025-12-18,30,None
S006778,T006778,D017,A004,2026-08-21,2026-08-24,2026-08-24,16,None
S006779,T006779,D040,A013,2025-05-07,2025-05-09,2025-05-10,14,Stock Delay
S006780,T006780,D002,A001,2026-05-01,2026-05-03,2026-05-03,9,None
S006781,T006781,D018,A004,2024-10-11,2024-10-14,2024-10-14,10,None
S006782,T006782,D013,A004,2024-12-09,2024-12-10,2024-12-12,17,None
S006783,T006783,D022,A005,2024-01-19,2024-01-22,2024-01-22,4,None
S006784,T006784,D017,A004,2026-02-25,2026-02-26,2026-02-26,13,None
S006785,T006785,D027,A007,2026-04-03,2026-04-05,2026-04-05,35,Stock Delay
S006786,T006786,D036,A011,2025-04-16,2025-04-17,2025-04-17,34,None
S006787,T006787,D039,A013,2024-07-11,2024-07-14,2024-07-15,28,None
S006788,T006788,D030,A009,2026-05-10,2026-05-12,2026-05-12,25,None
S006789,T006789,D034,A010,2026-02-08,2026-02-10,2026-02-10,16,None
S006790,T006790,D025,A005,2025-11-12,2025-11-14,2025-11-14,7,None
S006791,T006791,D034,A010,2025-12-08,2025-12-09,2025-12-09,19,None
S006792,T006792,D017,A004,2025-08-01,2025-08-02,2025-08-02,4,None
S006793,T006793,D014,A004,2025-05-16,2025-05-18,2025-05-18,8,None
S006794,T006794,D018,A004,2025-08-03,2025-08-04,2025-08-04,8,None
S006795,T006795,D016,A004,2024-12-06,2024-12-07,2024-12-07,9,None
S006796,T006796,D013,A004,2025-11-19,2025-11-22,2025-11-22,9,None
S006797,T006797,D041,A013,2026-01-23,2026-01-26,2026-01-26,24,None
S006798,T006798,D013,A004,2026-03-07,2026-03-10,2026-03-11,12,None
S006799,T006799,D005,A001,2025-03-06,2025-03-08,2025-03-08,12,None
S006800,T006800,D022,A005,2025-08-23,2025-08-25,2025-08-25,15,None
S006801,T006801,D006,A001,2025-05-01,2025-05-02,2025-05-02,15,None
S006802,T006802,D005,A001,2025-02-24,2025-02-27,2025-02-27,8,Minor Transport Delay
S006803,T006803,D009,A002,2025-12-06,2025-12-09,2025-12-09,20,None
S006804,T006804,D017,A004,2025-04-18,2025-04-21,2025-04-21,5,None
S006805,T006805,D013,A004,2025-12-07,2025-12-09,2025-12-09,6,None
S006806,T006806,D033,A009,2024-02-06,2024-02-07,2024-02-08,27,None
S006807,T006807,D029,A008,2024-11-25,2024-11-26,2024-11-26,29,None
S006808,T006808,D018,A004,2026-06-14,2026-06-17,2026-06-17,17,None
S006809,T006809,D017,A004,2025-08-28,2025-08-30,2025-08-31,5,None
S006810,T006810,D013,A004,2026-07-31,2026-08-01,2026-08-01,4,None
S006811,T006811,D030,A009,2024-11-01,2024-11-02,2024-11-02,19,None
S006812,T006812,D007,A001,2025-11-03,2025-11-06,2025-11-07,7,None
S006813,T006813,D006,A001,2024-06-27,2024-06-30,2024-06-30,5,Minor Transport Delay
S006814,T006814,D030,A009,2024-10-26,2024-10-27,2024-10-27,29,None
S006815,T006815,D014,A004,2026-03-25,2026-03-27,2026-03-28,6,None
S006816,T006816,D002,A001,2025-05-08,2025-05-09,2025-05-09,12,None
S006817,T006817,D009,A002,2024-11-09,2024-11-11,2024-11-11,32,None
S006818,T006818,D039,A013,2026-02-18,2026-02-19,2026-02-23,13,Stock Delay
S006819,T006819,D035,A010,2024-10-30,2024-11-01,2024-11-02,15,None
S006820,T006820,D027,A007,2024-02-28,2024-03-01,2024-03-02,12,None
S006821,T006821,D018,A004,2026-06-10,2026-06-13,2026-06-13,18,Minor Transport Delay
S006822,T006822,D025,A005,2026-05-13,2026-05-16,2026-05-17,17,Minor Transport Delay
S006823,T006823,D041,A013,2025-04-01,2025-04-02,2025-04-02,31,None
S006824,T006824,D038,A013,2026-02-09,2026-02-10,2026-02-11,23,None
S006825,T006825,D010,A002,2025-05-09,2025-05-11,2025-05-11,13,Transport Delay
S006826,T006826,D030,A009,2024-05-25,2024-05-26,2024-05-26,36,Transport Delay
S006827,T006827,D010,A002,2025-01-17,2025-01-18,2025-01-20,36,None
S006828,T006828,D008,A002,2024-12-18,2024-12-20,2024-12-21,13,Transport Delay
S006829,T006829,D026,A006,2026-07-06,2026-07-08,2026-07-11,45,Warehouse Delay
S006830,T006830,D014,A004,2024-01-23,2024-01-24,2024-01-24,12,None
S006831,T006831,D039,A013,2025-07-31,2025-08-01,2025-08-01,26,None
S006832,T006832,D002,A001,2025-10-19,2025-10-22,2025-10-22,15,None
S006833,T006833,D022,A005,2024-07-08,2024-07-11,2024-07-12,6,None
S006834,T006834,D037,A012,2026-04-30,2026-05-01,2026-05-01,26,Stock Delay
S006835,T006835,D037,A012,2025-03-06,2025-03-08,2025-03-09,20,Transport Delay
S006836,T006836,D007,A001,2025-07-12,2025-07-13,2025-07-14,8,None
S006837,T006837,D015,A004,2025-06-01,2025-06-02,2025-06-02,12,None
S006838,T006838,D024,A005,2024-02-06,2024-02-08,2024-02-08,11,None
S006839,T006839,D003,A001,2025-03-23,2025-03-25,2025-03-25,14,None
S006840,T006840,D040,A013,2025-02-07,2025-02-09,2025-02-09,36,None
S006841,T006841,D037,A012,2024-05-20,2024-05-23,2024-05-23,24,None
S006842,T006842,D010,A002,2024-04-03,2024-04-05,2024-04-05,33,None
S006843,T006843,D002,A001,2024-11-30,2024-12-01,2024-12-01,11,None
S006844,T006844,D003,A001,2025-10-04,2025-10-06,2025-10-06,18,None
S006845,T006845,D037,A012,2024-11-03,2024-11-05,2024-11-06,30,None
S006846,T006846,D008,A002,2024-01-19,2024-01-20,2024-01-21,26,Stock Delay
S006847,T006847,D014,A004,2025-05-24,2025-05-27,2025-05-28,4,None
S006848,T006848,D017,A004,2025-06-01,2025-06-04,2025-06-04,11,None
S006849,T006849,D021,A005,2026-01-17,2026-01-18,2026-01-20,9,None
S006850,T006850,D006,A001,2026-04-20,2026-04-22,2026-04-22,8,None
S006851,T006851,D008,A002,2025-02-18,2025-02-20,2025-02-21,22,None
S006852,T006852,D041,A013,2026-05-28,2026-05-29,2026-05-29,14,None
S006853,T006853,D037,A012,2025-11-23,2025-11-24,2025-11-25,16,None
S006854,T006854,D033,A009,2025-09-30,2025-10-03,2025-10-04,35,None
S006855,T006855,D004,A001,2024-11-18,2024-11-19,2024-11-20,8,None
S006856,T006856,D013,A004,2026-03-13,2026-03-14,2026-03-14,16,None
S006857,T006857,D023,A005,2024-08-30,2024-09-01,2024-09-01,5,Minor Transport Delay
S006858,T006858,D012,A003,2025-01-13,2025-01-14,2025-01-15,55,Dealer Stockout
S006859,T006859,D037,A012,2025-01-30,2025-02-01,2025-02-01,34,None
S006860,T006860,D023,A005,2025-01-04,2025-01-06,2025-01-06,16,Minor Transport Delay
S006861,T006861,D003,A001,2024-04-27,2024-04-30,2024-04-30,4,Minor Transport Delay
S006862,T006862,D037,A012,2026-03-28,2026-03-30,2026-03-31,14,None
S006863,T006863,D038,A013,2024-03-02,2024-03-03,2024-03-04,31,None
S006864,T006864,D006,A001,2026-02-22,2026-02-24,2026-02-24,14,None
S006865,T006865,D021,A005,2025-01-03,2025-01-06,2025-01-06,8,None
S006866,T006866,D014,A004,2025-07-27,2025-07-28,2025-07-29,5,None
S006867,T006867,D018,A004,2024-03-08,2024-03-11,2024-03-11,10,None
S006868,T006868,D010,A002,2025-09-30,2025-10-01,2025-10-01,28,None
S006869,T006869,D021,A005,2025-02-03,2025-02-06,2025-02-07,11,None
S006870,T006870,D041,A013,2026-07-02,2026-07-05,2026-07-05,22,None
S006871,T006871,D019,A005,2026-07-11,2026-07-12,2026-07-12,14,None
S006872,T006872,D003,A001,2025-02-05,2025-02-08,2025-02-08,9,None
S006873,T006873,D024,A005,2024-01-30,2024-01-31,2024-01-31,18,None
S006874,T006874,D015,A004,2025-04-23,2025-04-24,2025-04-26,17,None
S006875,T006875,D035,A010,2024-10-24,2024-10-27,2024-10-31,28,Stock Delay
S006876,T006876,D017,A004,2025-08-27,2025-08-29,2025-08-29,8,None
S006877,T006877,D011,A002,2026-07-18,2026-07-19,2026-07-19,28,None
S006878,T006878,D009,A002,2025-12-04,2025-12-05,2025-12-06,17,None
S006879,T006879,D031,A009,2025-12-02,2025-12-03,2025-12-04,14,None
S006880,T006880,D012,A003,2024-02-08,2024-02-09,2024-02-12,42,None
S006881,T006881,D032,A009,2024-03-21,2024-03-23,2024-03-24,13,None
S006882,T006882,D008,A002,2026-01-02,2026-01-05,2026-01-05,19,None
S006883,T006883,D017,A004,2026-05-30,2026-06-01,2026-06-01,9,None
S006884,T006884,D013,A004,2024-07-29,2024-07-30,2024-08-01,10,None
S006885,T006885,D040,A013,2026-02-17,2026-02-19,2026-02-20,21,None
S006886,T006886,D041,A013,2024-09-19,2024-09-22,2024-09-22,20,Transport Delay
S006887,T006887,D008,A002,2026-03-06,2026-03-07,2026-03-07,19,None
S006888,T006888,D015,A004,2026-04-10,2026-04-11,2026-04-11,10,Minor Transport Delay
S006889,T006889,D002,A001,2024-02-26,2024-02-28,2024-02-28,12,None
S006890,T006890,D022,A005,2026-06-25,2026-06-27,2026-06-27,13,Minor Transport Delay
S006891,T006891,D017,A004,2024-06-01,2024-06-03,2024-06-03,18,None
S006892,T006892,D037,A012,2024-06-01,2024-06-03,2024-06-05,28,None
S006893,T006893,D039,A013,2025-12-06,2025-12-07,2025-12-07,15,None
S006894,T006894,D015,A004,2025-04-23,2025-04-26,2025-04-26,18,None
S006895,T006895,D017,A004,2025-12-21,2025-12-24,2025-12-26,14,None
S006896,T006896,D036,A011,2024-09-16,2024-09-19,2024-09-21,21,None
S006897,T006897,D032,A009,2025-10-31,2025-11-02,2025-11-02,19,Stock Delay
S006898,T006898,D007,A001,2026-02-11,2026-02-13,2026-02-14,17,None
S006899,T006899,D018,A004,2024-02-12,2024-02-14,2024-02-14,16,None
S006900,T006900,D018,A004,2026-04-01,2026-04-02,2026-04-02,8,Minor Transport Delay
S006901,T006901,D010,A002,2025-01-15,2025-01-16,2025-01-17,12,Stock Delay
S006902,T006902,D009,A002,2026-05-27,2026-05-30,2026-05-31,28,None
S006903,T006903,D004,A001,2024-07-13,2024-07-14,2024-07-14,11,None
S006904,T006904,D020,A005,2025-05-17,2025-05-18,2025-05-18,10,None
S006905,T006905,D012,A003,2024-06-26,2024-06-29,2024-07-04,88,Dealer Stockout
S006906,T006906,D005,A001,2026-05-11,2026-05-12,2026-05-12,10,Minor Transport Delay
S006907,T006907,D010,A002,2025-08-05,2025-08-06,2025-08-06,31,Stock Delay
S006908,T006908,D030,A009,2026-01-15,2026-01-18,2026-01-19,30,Stock Delay
S006909,T006909,D035,A010,2024-08-13,2024-08-16,2024-08-20,19,None
S006910,T006910,D014,A004,2025-08-18,2025-08-19,2025-08-19,18,None
S006911,T006911,D017,A004,2025-04-27,2025-04-30,2025-04-30,4,None
S006912,T006912,D039,A013,2024-07-02,2024-07-03,2024-07-03,16,None
S006913,T006913,D009,A002,2025-08-12,2025-08-14,2025-08-14,36,None
S006914,T006914,D008,A002,2024-10-25,2024-10-27,2024-10-27,26,None
S006915,T006915,D013,A004,2026-06-04,2026-06-06,2026-06-06,12,None
S006916,T006916,D011,A002,2026-04-24,2026-04-27,2026-04-28,15,Stock Delay
S006917,T006917,D016,A004,2024-07-15,2024-07-16,2024-07-16,10,None
S006918,T006918,D037,A012,2025-06-11,2025-06-14,2025-06-15,23,None
S006919,T006919,D025,A005,2024-02-09,2024-02-11,2024-02-12,7,None
S006920,T006920,D014,A004,2026-04-29,2026-04-30,2026-04-30,8,None
S006921,T006921,D038,A013,2025-02-07,2025-02-08,2025-02-08,26,Stock Delay
S006922,T006922,D006,A001,2025-12-12,2025-12-14,2025-12-14,18,None
S006923,T006923,D011,A002,2025-09-15,2025-09-17,2025-09-18,32,None
S006924,T006924,D021,A005,2025-01-25,2025-01-27,2025-01-27,10,None
S006925,T006925,D024,A005,2026-01-19,2026-01-21,2026-01-21,17,Minor Transport Delay
S006926,T006926,D002,A001,2026-01-01,2026-01-03,2026-01-03,4,Minor Transport Delay
S006927,T006927,D013,A004,2026-05-06,2026-05-07,2026-05-07,11,None
S006928,T006928,D023,A005,2024-10-04,2024-10-07,2024-10-07,16,None
S006929,T006929,D027,A007,2024-07-14,2024-07-15,2024-07-15,35,Transport Delay
S006930,T006930,D023,A005,2025-12-07,2025-12-08,2025-12-08,16,None
S006931,T006931,D018,A004,2026-01-17,2026-01-18,2026-01-18,8,None
S006932,T006932,D003,A001,2024-10-09,2024-10-11,2024-10-11,9,None
S006933,T006933,D016,A004,2024-03-21,2024-03-24,2024-03-24,4,None
S006934,T006934,D005,A001,2024-03-29,2024-03-30,2024-03-30,10,None
S006935,T006935,D040,A013,2025-05-26,2025-05-27,2025-05-28,32,Transport Delay
S006936,T006936,D017,A004,2025-11-11,2025-11-12,2025-11-12,6,None
S006937,T006937,D018,A004,2025-11-22,2025-11-23,2025-11-23,9,Minor Transport Delay
S006938,T006938,D032,A009,2025-11-23,2025-11-24,2025-11-25,28,None
S006939,T006939,D025,A005,2024-12-12,2024-12-14,2024-12-14,15,None
S006940,T006940,D014,A004,2026-01-23,2026-01-26,2026-01-26,7,None
S006941,T006941,D032,A009,2024-10-08,2024-10-10,2024-10-11,32,None
S006942,T006942,D036,A011,2025-10-08,2025-10-09,2025-10-09,23,None
S006943,T006943,D026,A006,2026-05-23,2026-05-26,2026-06-03,47,Transport Routing Delay
S006944,T006944,D004,A001,2026-01-27,2026-01-29,2026-01-29,5,None
S006945,T006945,D022,A005,2024-09-12,2024-09-14,2024-09-14,5,None
S006946,T006946,D029,A008,2025-02-15,2025-02-17,2025-02-17,35,Stock Delay
S006947,T006947,D001,A001,2024-07-07,2024-07-10,2024-07-10,14,None
S006948,T006948,D011,A002,2024-06-17,2024-06-20,2024-06-20,22,None
S006949,T006949,D036,A011,2025-03-20,2025-03-21,2025-03-21,28,None
S006950,T006950,D004,A001,2024-01-11,2024-01-13,2024-01-13,17,None
S006951,T006951,D029,A008,2025-07-17,2025-07-18,2025-07-20,34,None
S006952,T006952,D015,A004,2025-05-29,2025-05-31,2025-05-31,12,None
S006953,T006953,D017,A004,2025-05-19,2025-05-20,2025-05-22,15,None
S006954,T006954,D003,A001,2025-08-15,2025-08-16,2025-08-16,13,None
S006955,T006955,D030,A009,2025-06-12,2025-06-14,2025-06-14,27,None
S006956,T006956,D017,A004,2025-03-18,2025-03-20,2025-03-21,14,None
S006957,T006957,D022,A005,2026-08-16,2026-08-19,2026-08-19,6,None
S006958,T006958,D026,A006,2024-12-12,2024-12-14,2024-12-17,51,Dealer Stockout
S006959,T006959,D028,A007,2025-07-01,2025-07-04,2025-07-05,29,Stock Delay
S006960,T006960,D041,A013,2025-10-03,2025-10-05,2025-10-06,31,None
S006961,T006961,D025,A005,2024-02-10,2024-02-13,2024-02-13,7,None
S006962,T006962,D017,A004,2024-09-02,2024-09-03,2024-09-04,17,None
S006963,T006963,D041,A013,2026-01-12,2026-01-14,2026-01-16,26,None
S006964,T006964,D021,A005,2024-02-18,2024-02-21,2024-02-22,14,None
S006965,T006965,D017,A004,2024-03-21,2024-03-22,2024-03-22,11,None
S006966,T006966,D004,A001,2025-11-12,2025-11-13,2025-11-13,8,None
S006967,T006967,D035,A010,2026-06-11,2026-06-13,2026-06-13,21,None
S006968,T006968,D015,A004,2024-04-18,2024-04-21,2024-04-21,12,None
S006969,T006969,D026,A006,2024-01-19,2024-01-20,2024-01-20,36,Parts Damage
S006970,T006970,D014,A004,2024-09-01,2024-09-04,2024-09-04,15,None
S006971,T006971,D008,A002,2024-09-18,2024-09-19,2024-09-19,35,Stock Delay
S006972,T006972,D025,A005,2026-03-17,2026-03-20,2026-03-20,5,None
S006973,T006973,D005,A001,2026-06-04,2026-06-05,2026-06-05,11,None
S006974,T006974,D015,A004,2024-10-22,2024-10-25,2024-10-25,10,Minor Transport Delay
S006975,T006975,D022,A005,2024-03-18,2024-03-21,2024-03-22,18,None
S006976,T006976,D017,A004,2025-08-10,2025-08-11,2025-08-11,15,None
S006977,T006977,D029,A008,2024-07-30,2024-08-01,2024-08-03,31,Stock Delay
S006978,T006978,D035,A010,2026-06-24,2026-06-27,2026-07-01,15,None
S006979,T006979,D030,A009,2025-09-09,2025-09-12,2025-09-13,36,None
S006980,T006980,D007,A001,2024-08-17,2024-08-20,2024-08-21,17,None
S006981,T006981,D011,A002,2024-05-04,2024-05-06,2024-05-07,36,None
S006982,T006982,D019,A005,2024-05-18,2024-05-20,2024-05-20,13,None
S006983,T006983,D039,A013,2026-01-16,2026-01-18,2026-01-20,33,None
S006984,T006984,D035,A010,2025-12-13,2025-12-15,2025-12-15,21,Transport Delay
S006985,T006985,D035,A010,2025-01-15,2025-01-18,2025-01-18,33,Transport Delay
S006986,T006986,D016,A004,2025-05-17,2025-05-19,2025-05-19,14,None
S006987,T006987,D017,A004,2024-01-17,2024-01-19,2024-01-19,15,None
S006988,T006988,D014,A004,2024-07-15,2024-07-18,2024-07-18,11,None
S006989,T006989,D002,A001,2025-08-02,2025-08-04,2025-08-04,8,None
S006990,T006990,D006,A001,2026-01-06,2026-01-08,2026-01-08,12,None
S006991,T006991,D041,A013,2024-02-23,2024-02-24,2024-02-25,29,Transport Delay
S006992,T006992,D012,A003,2026-05-10,2026-05-11,2026-05-16,84,Transport Routing Delay
S006993,T006993,D012,A003,2026-06-17,2026-06-18,2026-06-18,49,Dealer Stockout
S006994,T006994,D005,A001,2026-03-28,2026-03-31,2026-03-31,6,None
S006995,T006995,D038,A013,2024-06-17,2024-06-20,2024-06-22,30,None
S006996,T006996,D021,A005,2026-03-06,2026-03-08,2026-03-08,16,None
S006997,T006997,D026,A006,2025-05-25,2025-05-28,2025-05-28,74,Warehouse Delay
S006998,T006998,D037,A012,2026-05-02,2026-05-05,2026-05-06,35,None
S006999,T006999,D014,A004,2025-12-02,2025-12-05,2025-12-05,15,None
S007000,T007000,D021,A005,2024-10-27,2024-10-28,2024-10-28,11,None
S007001,T007001,D004,A001,2024-01-04,2024-01-07,2024-01-09,8,None
S007002,T007002,D011,A002,2024-05-07,2024-05-10,2024-05-10,36,None
S007003,T007003,D035,A010,2026-04-28,2026-04-30,2026-04-30,18,None
S007004,T007004,D030,A009,2025-09-23,2025-09-24,2025-09-24,16,None
S007005,T007005,D018,A004,2026-03-01,2026-03-03,2026-03-03,4,None
S007006,T007006,D014,A004,2025-07-27,2025-07-29,2025-07-29,18,None
S007007,T007007,D025,A005,2024-04-13,2024-04-15,2024-04-15,4,None
S007008,T007008,D005,A001,2024-03-19,2024-03-21,2024-03-21,5,None
S007009,T007009,D012,A003,2026-01-02,2026-01-05,2026-01-10,46,Warehouse Delay
S007010,T007010,D011,A002,2026-04-09,2026-04-12,2026-04-14,29,Transport Delay
S007011,T007011,D012,A003,2024-06-25,2024-06-26,2024-06-27,71,Transport Routing Delay
S007012,T007012,D030,A009,2024-11-16,2024-11-17,2024-11-19,24,None
S007013,T007013,D012,A003,2025-04-30,2025-05-02,2025-05-02,66,Parts Damage
S007014,T007014,D008,A002,2024-10-12,2024-10-14,2024-10-14,22,None
S007015,T007015,D020,A005,2026-05-30,2026-06-01,2026-06-01,5,None
S007016,T007016,D035,A010,2026-02-02,2026-02-03,2026-02-03,25,None
S007017,T007017,D012,A003,2025-01-26,2025-01-27,2025-01-30,81,Dealer Stockout
S007018,T007018,D003,A001,2024-01-20,2024-01-22,2024-01-23,8,None
S007019,T007019,D015,A004,2026-05-17,2026-05-18,2026-05-18,13,None
S007020,T007020,D029,A008,2025-02-11,2025-02-13,2025-02-13,24,None
S007021,T007021,D022,A005,2026-05-14,2026-05-17,2026-05-17,11,None
S007022,T007022,D030,A009,2026-04-21,2026-04-22,2026-04-22,21,Stock Delay
S007023,T007023,D040,A013,2026-08-28,2026-08-30,2026-08-31,25,None
S007024,T007024,D030,A009,2025-12-02,2025-12-04,2025-12-04,12,None
S007025,T007025,D021,A005,2024-07-20,2024-07-23,2024-07-23,17,None
S007026,T007026,D016,A004,2026-08-18,2026-08-21,2026-08-21,15,None
S007027,T007027,D004,A001,2025-01-07,2025-01-08,2025-01-08,11,None
S007028,T007028,D040,A013,2025-09-25,2025-09-28,2025-09-28,17,None
S007029,T007029,D015,A004,2026-02-09,2026-02-12,2026-02-12,11,None
S007030,T007030,D005,A001,2025-07-28,2025-07-31,2025-08-01,14,None
S007031,T007031,D026,A006,2025-01-27,2025-01-28,2025-01-29,79,Warehouse Delay
S007032,T007032,D018,A004,2024-09-06,2024-09-08,2024-09-08,13,Minor Transport Delay
S007033,T007033,D025,A005,2025-07-19,2025-07-21,2025-07-21,16,None
S007034,T007034,D025,A005,2026-07-22,2026-07-23,2026-07-23,13,None
S007035,T007035,D017,A004,2026-02-26,2026-02-27,2026-02-27,4,None
S007036,T007036,D034,A010,2026-02-15,2026-02-16,2026-02-17,32,None
S007037,T007037,D012,A003,2024-04-28,2024-04-30,2024-05-03,67,Transport Routing Delay
S007038,T007038,D018,A004,2026-01-02,2026-01-04,2026-01-04,13,None
S007039,T007039,D022,A005,2024-05-24,2024-05-25,2024-05-25,15,None
S007040,T007040,D026,A006,2026-01-19,2026-01-21,2026-01-22,93,Transport Routing Delay
S007041,T007041,D033,A009,2024-06-20,2024-06-23,2024-06-25,35,None
S007042,T007042,D015,A004,2025-12-15,2025-12-18,2025-12-18,8,None
S007043,T007043,D024,A005,2024-01-29,2024-01-31,2024-01-31,16,None
S007044,T007044,D001,A001,2026-02-13,2026-02-15,2026-02-15,12,None
S007045,T007045,D039,A013,2024-03-20,2024-03-23,2024-03-23,21,None
S007046,T007046,D013,A004,2025-02-13,2025-02-15,2025-02-15,11,None
S007047,T007047,D028,A007,2026-05-23,2026-05-25,2026-05-26,34,Transport Delay
S007048,T007048,D006,A001,2025-10-16,2025-10-18,2025-10-19,6,Minor Transport Delay
S007049,T007049,D009,A002,2026-07-16,2026-07-17,2026-07-17,25,None
S007050,T007050,D017,A004,2026-01-12,2026-01-14,2026-01-14,5,None
S007051,T007051,D036,A011,2024-10-27,2024-10-28,2024-10-30,36,None
S007052,T007052,D023,A005,2024-10-13,2024-10-15,2024-10-15,8,None
S007053,T007053,D038,A013,2025-03-29,2025-03-31,2025-03-31,20,None
S007054,T007054,D016,A004,2025-08-23,2025-08-26,2025-08-26,10,None
S007055,T007055,D015,A004,2024-08-10,2024-08-13,2024-08-13,6,None
S007056,T007056,D003,A001,2025-11-09,2025-11-10,2025-11-10,9,None
S007057,T007057,D032,A009,2024-11-22,2024-11-23,2024-11-24,32,None
S007058,T007058,D012,A003,2024-11-21,2024-11-23,2024-11-26,81,Transport Routing Delay
S007059,T007059,D037,A012,2025-11-15,2025-11-16,2025-11-18,25,None
S007060,T007060,D037,A012,2024-04-16,2024-04-18,2024-04-20,17,None
S007061,T007061,D041,A013,2025-03-30,2025-04-01,2025-04-02,21,None
S007062,T007062,D020,A005,2024-10-15,2024-10-17,2024-10-17,6,None
S007063,T007063,D026,A006,2026-08-05,2026-08-08,2026-08-16,51,Dealer Stockout
S007064,T007064,D033,A009,2025-07-16,2025-07-19,2025-07-19,29,Stock Delay
S007065,T007065,D002,A001,2024-01-22,2024-01-24,2024-01-24,17,None
S007066,T007066,D023,A005,2026-07-08,2026-07-09,2026-07-11,13,None
S007067,T007067,D002,A001,2025-10-03,2025-10-04,2025-10-04,16,None
S007068,T007068,D020,A005,2024-07-19,2024-07-21,2024-07-21,11,None
S007069,T007069,D001,A001,2026-01-17,2026-01-19,2026-01-20,13,None
S007070,T007070,D008,A002,2024-06-20,2024-06-21,2024-06-21,33,Transport Delay
S007071,T007071,D016,A004,2025-09-04,2025-09-05,2025-09-06,17,None
S007072,T007072,D017,A004,2026-04-28,2026-05-01,2026-05-01,16,None
S007073,T007073,D024,A005,2025-11-14,2025-11-15,2025-11-15,16,None
S007074,T007074,D007,A001,2024-06-23,2024-06-24,2024-06-24,17,None
S007075,T007075,D024,A005,2024-02-02,2024-02-03,2024-02-03,12,None
S007076,T007076,D010,A002,2024-02-20,2024-02-22,2024-02-23,16,None
S007077,T007077,D023,A005,2025-06-06,2025-06-09,2025-06-09,9,None
S007078,T007078,D024,A005,2024-02-21,2024-02-23,2024-02-23,9,None
S007079,T007079,D020,A005,2025-10-23,2025-10-26,2025-10-26,10,Minor Transport Delay
S007080,T007080,D029,A008,2025-12-07,2025-12-10,2025-12-10,15,None
S007081,T007081,D013,A004,2025-01-17,2025-01-18,2025-01-18,8,None
S007082,T007082,D033,A009,2024-09-11,2024-09-12,2024-09-13,31,None
S007083,T007083,D013,A004,2026-02-11,2026-02-12,2026-02-12,13,None
S007084,T007084,D017,A004,2025-12-07,2025-12-09,2025-12-09,15,None
S007085,T007085,D024,A005,2025-12-05,2025-12-08,2025-12-09,10,None
S007086,T007086,D003,A001,2024-11-15,2024-11-16,2024-11-17,15,None
S007087,T007087,D026,A006,2025-11-20,2025-11-23,2025-11-28,56,Warehouse Delay
S007088,T007088,D025,A005,2025-08-18,2025-08-20,2025-08-20,14,None
S007089,T007089,D016,A004,2024-03-31,2024-04-01,2024-04-01,15,None
S007090,T007090,D002,A001,2025-01-10,2025-01-11,2025-01-11,7,None
S007091,T007091,D002,A001,2024-04-27,2024-04-29,2024-04-29,8,None
S007092,T007092,D038,A013,2025-01-16,2025-01-19,2025-01-23,29,None
S007093,T007093,D028,A007,2024-09-10,2024-09-11,2024-09-15,32,None
S007094,T007094,D005,A001,2025-04-22,2025-04-24,2025-04-24,9,None
S007095,T007095,D013,A004,2024-04-25,2024-04-28,2024-04-28,12,None
S007096,T007096,D023,A005,2024-09-19,2024-09-22,2024-09-23,13,None
S007097,T007097,D035,A010,2024-11-29,2024-12-02,2024-12-02,27,None
S007098,T007098,D006,A001,2025-02-03,2025-02-05,2025-02-05,8,None
S007099,T007099,D011,A002,2026-07-11,2026-07-12,2026-07-16,35,None
S007100,T007100,D036,A011,2026-06-30,2026-07-01,2026-07-01,25,None
S007101,T007101,D002,A001,2024-10-07,2024-10-09,2024-10-09,10,None
S007102,T007102,D010,A002,2024-03-23,2024-03-26,2024-03-27,33,None
S007103,T007103,D041,A013,2025-05-27,2025-05-30,2025-05-30,22,None
S007104,T007104,D023,A005,2024-04-25,2024-04-27,2024-04-28,10,None
S007105,T007105,D012,A003,2026-07-02,2026-07-03,2026-07-04,74,Warehouse Delay
S007106,T007106,D005,A001,2024-07-28,2024-07-30,2024-07-30,4,None
S007107,T007107,D001,A001,2024-02-04,2024-02-06,2024-02-06,10,None
S007108,T007108,D012,A003,2024-07-11,2024-07-12,2024-07-12,66,Transport Routing Delay
S007109,T007109,D036,A011,2025-02-02,2025-02-04,2025-02-04,36,Transport Delay
S007110,T007110,D014,A004,2025-12-25,2025-12-27,2025-12-27,9,None
S007111,T007111,D027,A007,2025-11-02,2025-11-04,2025-11-04,15,None
S007112,T007112,D037,A012,2024-02-28,2024-02-29,2024-02-29,24,None
S007113,T007113,D015,A004,2025-09-11,2025-09-12,2025-09-12,9,None
S007114,T007114,D010,A002,2025-08-16,2025-08-18,2025-08-19,34,None
S007115,T007115,D020,A005,2024-03-28,2024-03-30,2024-03-31,15,None
S007116,T007116,D037,A012,2024-09-19,2024-09-22,2024-09-26,20,Transport Delay
S007117,T007117,D030,A009,2026-03-23,2026-03-25,2026-03-26,28,None
S007118,T007118,D004,A001,2025-10-04,2025-10-07,2025-10-07,17,None
S007119,T007119,D027,A007,2024-06-29,2024-06-30,2024-07-01,13,None
S007120,T007120,D019,A005,2025-05-17,2025-05-20,2025-05-20,15,None
S007121,T007121,D037,A012,2024-11-30,2024-12-03,2024-12-04,14,None
S007122,T007122,D007,A001,2025-09-28,2025-09-29,2025-09-29,11,None
S007123,T007123,D021,A005,2026-05-21,2026-05-24,2026-05-24,12,None
S007124,T007124,D036,A011,2024-09-26,2024-09-28,2024-09-28,34,Stock Delay
S007125,T007125,D013,A004,2024-09-17,2024-09-20,2024-09-21,16,Minor Transport Delay
S007126,T007126,D016,A004,2026-06-21,2026-06-23,2026-06-23,6,None
S007127,T007127,D007,A001,2024-12-24,2024-12-26,2024-12-26,11,None
S007128,T007128,D012,A003,2024-03-30,2024-04-01,2024-04-01,72,Parts Damage
S007129,T007129,D013,A004,2026-05-15,2026-05-18,2026-05-18,4,None
S007130,T007130,D038,A013,2024-12-08,2024-12-11,2024-12-11,30,None
S007131,T007131,D018,A004,2026-08-03,2026-08-04,2026-08-05,10,None
S007132,T007132,D017,A004,2025-04-12,2025-04-15,2025-04-15,13,Minor Transport Delay
S007133,T007133,D026,A006,2025-04-13,2025-04-15,2025-04-18,61,Transport Routing Delay
S007134,T007134,D009,A002,2026-05-17,2026-05-20,2026-05-20,12,Transport Delay
S007135,T007135,D013,A004,2026-05-07,2026-05-09,2026-05-09,13,None
S007136,T007136,D029,A008,2026-03-13,2026-03-14,2026-03-14,16,None
S007137,T007137,D034,A010,2026-03-25,2026-03-27,2026-03-28,25,None
S007138,T007138,D024,A005,2026-03-27,2026-03-29,2026-03-29,4,None
S007139,T007139,D026,A006,2024-05-29,2024-05-30,2024-06-04,62,Transport Routing Delay
S007140,T007140,D007,A001,2026-07-18,2026-07-21,2026-07-21,6,None
S007141,T007141,D038,A013,2025-04-17,2025-04-19,2025-04-19,25,None
S007142,T007142,D001,A001,2026-05-07,2026-05-08,2026-05-08,10,None
S007143,T007143,D032,A009,2026-08-18,2026-08-20,2026-08-22,12,None
S007144,T007144,D012,A003,2024-08-06,2024-08-09,2024-08-14,44,Transport Routing Delay
S007145,T007145,D038,A013,2024-02-22,2024-02-24,2024-02-26,33,None
S007146,T007146,D028,A007,2025-04-27,2025-04-29,2025-04-29,26,None
S007147,T007147,D029,A008,2024-08-13,2024-08-14,2024-08-15,22,None
S007148,T007148,D009,A002,2024-11-27,2024-11-29,2024-11-29,35,None
S007149,T007149,D015,A004,2024-07-16,2024-07-17,2024-07-17,8,None
S007150,T007150,D025,A005,2024-08-30,2024-09-01,2024-09-01,6,None
S007151,T007151,D033,A009,2024-09-16,2024-09-19,2024-09-19,14,None
S007152,T007152,D006,A001,2025-09-18,2025-09-21,2025-09-21,6,None
S007153,T007153,D038,A013,2025-04-22,2025-04-23,2025-04-24,14,Stock Delay
S007154,T007154,D036,A011,2024-12-10,2024-12-12,2024-12-16,33,None
S007155,T007155,D012,A003,2024-04-12,2024-04-13,2024-04-16,48,None
S007156,T007156,D031,A009,2024-10-24,2024-10-27,2024-10-27,30,None
S007157,T007157,D021,A005,2024-09-29,2024-10-02,2024-10-02,9,None
S007158,T007158,D016,A004,2026-01-24,2026-01-27,2026-01-27,10,None
S007159,T007159,D016,A004,2025-04-07,2025-04-08,2025-04-08,5,None
S007160,T007160,D020,A005,2024-11-08,2024-11-11,2024-11-13,15,None
S007161,T007161,D028,A007,2024-12-14,2024-12-16,2024-12-20,31,None
S007162,T007162,D014,A004,2024-01-06,2024-01-07,2024-01-07,6,None
S007163,T007163,D019,A005,2025-02-16,2025-02-18,2025-02-18,7,None
S007164,T007164,D028,A007,2026-07-27,2026-07-30,2026-07-31,26,None
S007165,T007165,D027,A007,2024-03-08,2024-03-10,2024-03-10,31,None
S007166,T007166,D007,A001,2024-01-09,2024-01-12,2024-01-13,13,None
S007167,T007167,D035,A010,2026-04-11,2026-04-13,2026-04-14,16,None
S007168,T007168,D018,A004,2026-03-18,2026-03-21,2026-03-21,11,Minor Transport Delay
S007169,T007169,D012,A003,2024-03-17,2024-03-18,2024-03-18,91,Dealer Stockout
S007170,T007170,D012,A003,2025-02-05,2025-02-06,2025-02-11,47,Transport Routing Delay
S007171,T007171,D015,A004,2025-08-22,2025-08-24,2025-08-25,12,None
S007172,T007172,D036,A011,2024-04-01,2024-04-02,2024-04-03,31,None
S007173,T007173,D018,A004,2025-10-10,2025-10-11,2025-10-11,15,None
S007174,T007174,D029,A008,2026-01-25,2026-01-26,2026-01-26,18,None
S007175,T007175,D005,A001,2025-07-10,2025-07-11,2025-07-11,10,None
S007176,T007176,D018,A004,2025-03-22,2025-03-24,2025-03-24,10,None
S007177,T007177,D040,A013,2025-09-02,2025-09-05,2025-09-06,20,None
S007178,T007178,D030,A009,2024-06-19,2024-06-22,2024-06-23,22,None
S007179,T007179,D011,A002,2024-09-24,2024-09-27,2024-09-28,14,Transport Delay
S007180,T007180,D019,A005,2026-01-14,2026-01-16,2026-01-16,11,None
S007181,T007181,D009,A002,2024-05-28,2024-05-29,2024-05-30,20,None
S007182,T007182,D017,A004,2026-03-28,2026-03-30,2026-03-30,16,None
S007183,T007183,D032,A009,2025-06-21,2025-06-24,2025-06-24,31,Stock Delay
S007184,T007184,D032,A009,2024-11-04,2024-11-05,2024-11-06,17,None
S007185,T007185,D011,A002,2024-05-23,2024-05-26,2024-05-27,20,None
S007186,T007186,D038,A013,2025-05-06,2025-05-07,2025-05-07,30,None
S007187,T007187,D023,A005,2024-05-12,2024-05-14,2024-05-14,14,None
S007188,T007188,D014,A004,2024-08-04,2024-08-07,2024-08-07,8,None
S007189,T007189,D024,A005,2026-07-31,2026-08-02,2026-08-02,16,None
S007190,T007190,D022,A005,2024-06-25,2024-06-26,2024-06-27,16,None
S007191,T007191,D025,A005,2025-11-14,2025-11-15,2025-11-16,14,None
S007192,T007192,D014,A004,2026-05-23,2026-05-26,2026-05-26,8,None
S007193,T007193,D020,A005,2024-02-22,2024-02-24,2024-02-24,7,None
S007194,T007194,D008,A002,2026-02-18,2026-02-21,2026-02-22,18,None
S007195,T007195,D030,A009,2025-06-06,2025-06-09,2025-06-09,35,None
S007196,T007196,D020,A005,2025-09-29,2025-10-01,2025-10-01,9,None
S007197,T007197,D001,A001,2025-02-04,2025-02-05,2025-02-05,14,None
S007198,T007198,D031,A009,2025-04-16,2025-04-18,2025-04-18,32,None
S007199,T007199,D041,A013,2026-08-15,2026-08-17,2026-08-19,33,None
S007200,T007200,D039,A013,2024-11-13,2024-11-16,2024-11-18,21,None
S007201,T007201,D016,A004,2026-06-08,2026-06-10,2026-06-10,17,None
S007202,T007202,D005,A001,2025-04-08,2025-04-09,2025-04-09,5,None
S007203,T007203,D024,A005,2024-08-05,2024-08-08,2024-08-08,9,None
S007204,T007204,D001,A001,2024-04-01,2024-04-04,2024-04-04,5,None
S007205,T007205,D040,A013,2025-07-27,2025-07-28,2025-07-28,13,Transport Delay
S007206,T007206,D009,A002,2024-02-27,2024-03-01,2024-03-02,34,None
S007207,T007207,D012,A003,2025-10-31,2025-11-01,2025-11-02,38,Dealer Stockout
S007208,T007208,D015,A004,2026-06-17,2026-06-19,2026-06-19,18,None
S007209,T007209,D013,A004,2026-04-19,2026-04-22,2026-04-22,12,None
S007210,T007210,D031,A009,2025-07-19,2025-07-21,2025-07-22,26,None
S007211,T007211,D013,A004,2025-11-13,2025-11-16,2025-11-17,14,None
S007212,T007212,D010,A002,2025-12-08,2025-12-10,2025-12-11,25,None
S007213,T007213,D012,A003,2025-08-28,2025-08-31,2025-09-01,41,Dealer Stockout
S007214,T007214,D020,A005,2024-02-23,2024-02-24,2024-02-24,8,None
S007215,T007215,D004,A001,2026-01-16,2026-01-18,2026-01-18,7,None
S007216,T007216,D022,A005,2025-10-11,2025-10-13,2025-10-13,4,None
S007217,T007217,D021,A005,2025-06-11,2025-06-12,2025-06-12,13,None
S007218,T007218,D028,A007,2026-02-11,2026-02-13,2026-02-13,23,None
S007219,T007219,D039,A013,2024-04-13,2024-04-16,2024-04-17,36,Stock Delay
S007220,T007220,D037,A012,2026-06-19,2026-06-21,2026-06-21,16,None
S007221,T007221,D040,A013,2026-03-28,2026-03-29,2026-03-29,28,Stock Delay
S007222,T007222,D012,A003,2024-02-25,2024-02-26,2024-02-27,71,Transport Routing Delay
S007223,T007223,D005,A001,2025-08-13,2025-08-16,2025-08-16,15,None
S007224,T007224,D017,A004,2026-01-18,2026-01-21,2026-01-21,10,None
S007225,T007225,D036,A011,2024-04-10,2024-04-12,2024-04-13,22,Transport Delay
S007226,T007226,D039,A013,2025-06-26,2025-06-28,2025-07-02,35,None
S007227,T007227,D034,A010,2025-11-07,2025-11-10,2025-11-14,15,Transport Delay
S007228,T007228,D007,A001,2024-04-07,2024-04-08,2024-04-08,4,None
S007229,T007229,D041,A013,2026-07-23,2026-07-26,2026-07-26,12,None
S007230,T007230,D018,A004,2026-05-24,2026-05-25,2026-05-25,13,None
S007231,T007231,D001,A001,2026-06-26,2026-06-29,2026-06-29,7,None
S007232,T007232,D016,A004,2026-01-21,2026-01-24,2026-01-25,4,Minor Transport Delay
S007233,T007233,D003,A001,2025-08-22,2025-08-24,2025-08-24,4,None
S007234,T007234,D021,A005,2024-06-23,2024-06-25,2024-06-25,11,None
S007235,T007235,D013,A004,2024-11-11,2024-11-13,2024-11-13,5,None
S007236,T007236,D017,A004,2026-05-30,2026-06-02,2026-06-02,17,None
S007237,T007237,D025,A005,2026-03-15,2026-03-17,2026-03-17,10,None
S007238,T007238,D036,A011,2024-05-17,2024-05-18,2024-05-20,18,None
S007239,T007239,D026,A006,2025-10-05,2025-10-07,2025-10-10,54,Warehouse Delay
S007240,T007240,D018,A004,2025-05-04,2025-05-06,2025-05-06,7,None
S007241,T007241,D032,A009,2025-04-27,2025-04-30,2025-05-01,21,None
S007242,T007242,D037,A012,2026-02-24,2026-02-27,2026-02-27,26,Stock Delay
S007243,T007243,D004,A001,2026-04-21,2026-04-23,2026-04-23,10,None
S007244,T007244,D022,A005,2024-10-13,2024-10-15,2024-10-15,16,Minor Transport Delay
S007245,T007245,D015,A004,2026-04-27,2026-04-28,2026-04-28,5,None
S007246,T007246,D004,A001,2024-03-10,2024-03-13,2024-03-13,10,None
S007247,T007247,D026,A006,2026-06-18,2026-06-20,2026-06-20,67,Dealer Stockout
S007248,T007248,D035,A010,2024-11-04,2024-11-07,2024-11-07,25,None
S007249,T007249,D009,A002,2024-06-26,2024-06-27,2024-06-27,14,None
S007250,T007250,D031,A009,2025-12-11,2025-12-13,2025-12-14,36,None
S007251,T007251,D034,A010,2024-03-27,2024-03-30,2024-03-30,14,None
S007252,T007252,D037,A012,2025-04-23,2025-04-26,2025-04-27,22,None
S007253,T007253,D012,A003,2024-04-08,2024-04-10,2024-04-18,48,Warehouse Delay
S007254,T007254,D037,A012,2026-01-26,2026-01-27,2026-01-27,34,None
S007255,T007255,D016,A004,2026-02-06,2026-02-09,2026-02-11,15,None
S007256,T007256,D020,A005,2025-04-17,2025-04-20,2025-04-20,11,None
S007257,T007257,D004,A001,2025-12-11,2025-12-12,2025-12-12,6,None
S007258,T007258,D004,A001,2024-03-03,2024-03-05,2024-03-05,5,None
S007259,T007259,D028,A007,2025-02-12,2025-02-14,2025-02-15,16,Transport Delay
S007260,T007260,D016,A004,2026-03-04,2026-03-05,2026-03-05,6,None
S007261,T007261,D012,A003,2025-12-18,2025-12-21,2025-12-29,77,Transport Routing Delay
S007262,T007262,D011,A002,2026-08-22,2026-08-23,2026-08-23,21,Stock Delay
S007263,T007263,D026,A006,2024-08-24,2024-08-26,2024-09-03,91,Parts Damage
S007264,T007264,D002,A001,2025-08-06,2025-08-09,2025-08-09,7,Minor Transport Delay
S007265,T007265,D032,A009,2025-02-02,2025-02-05,2025-02-06,16,None
S007266,T007266,D001,A001,2026-08-13,2026-08-14,2026-08-14,7,None
S007267,T007267,D011,A002,2025-07-19,2025-07-22,2025-07-24,31,Stock Delay
S007268,T007268,D018,A004,2026-06-15,2026-06-17,2026-06-18,11,None
S007269,T007269,D015,A004,2025-04-11,2025-04-12,2025-04-12,18,None
S007270,T007270,D014,A004,2025-02-14,2025-02-17,2025-02-17,16,None
S007271,T007271,D017,A004,2026-02-27,2026-02-28,2026-02-28,12,None
S007272,T007272,D038,A013,2024-01-15,2024-01-18,2024-01-18,27,None
S007273,T007273,D024,A005,2025-05-08,2025-05-11,2025-05-11,8,None
S007274,T007274,D003,A001,2024-07-26,2024-07-29,2024-07-29,6,Minor Transport Delay
S007275,T007275,D014,A004,2025-06-10,2025-06-11,2025-06-11,4,None
S007276,T007276,D036,A011,2026-03-03,2026-03-04,2026-03-05,16,None
S007277,T007277,D014,A004,2024-08-18,2024-08-20,2024-08-20,5,None
S007278,T007278,D004,A001,2026-05-20,2026-05-23,2026-05-23,12,Minor Transport Delay
S007279,T007279,D029,A008,2024-09-17,2024-09-20,2024-09-21,31,None
S007280,T007280,D020,A005,2025-11-17,2025-11-18,2025-11-18,7,None
S007281,T007281,D024,A005,2024-11-04,2024-11-06,2024-11-06,13,None
S007282,T007282,D001,A001,2025-06-04,2025-06-05,2025-06-05,10,None
S007283,T007283,D001,A001,2024-09-02,2024-09-03,2024-09-03,16,None
S007284,T007284,D024,A005,2026-05-25,2026-05-26,2026-05-26,9,None
S007285,T007285,D010,A002,2024-09-20,2024-09-21,2024-09-21,12,None
S007286,T007286,D021,A005,2025-06-12,2025-06-15,2025-06-16,14,None
S007287,T007287,D025,A005,2024-09-26,2024-09-28,2024-09-28,6,None
S007288,T007288,D018,A004,2026-05-30,2026-05-31,2026-05-31,11,None
S007289,T007289,D040,A013,2025-10-25,2025-10-28,2025-10-28,26,Stock Delay
S007290,T007290,D034,A010,2024-05-28,2024-05-29,2024-05-30,13,None
S007291,T007291,D027,A007,2024-01-03,2024-01-05,2024-01-05,25,None
S007292,T007292,D004,A001,2026-02-17,2026-02-20,2026-02-20,12,None
S007293,T007293,D001,A001,2026-01-14,2026-01-17,2026-01-17,17,None
S007294,T007294,D015,A004,2024-08-15,2024-08-16,2024-08-16,13,Minor Transport Delay
S007295,T007295,D002,A001,2025-06-30,2025-07-03,2025-07-03,8,None
S007296,T007296,D040,A013,2025-03-23,2025-03-26,2025-03-26,26,None
S007297,T007297,D005,A001,2024-06-21,2024-06-24,2024-06-25,5,None
S007298,T007298,D013,A004,2025-04-17,2025-04-20,2025-04-20,8,None
S007299,T007299,D017,A004,2026-03-27,2026-03-29,2026-03-29,8,None
S007300,T007300,D022,A005,2024-12-01,2024-12-02,2024-12-03,15,None
S007301,T007301,D002,A001,2024-02-25,2024-02-27,2024-02-28,15,None
S007302,T007302,D013,A004,2024-04-25,2024-04-27,2024-04-27,9,None
S007303,T007303,D012,A003,2026-06-12,2026-06-14,2026-06-15,43,Dealer Stockout
S007304,T007304,D036,A011,2026-01-02,2026-01-04,2026-01-04,31,Stock Delay
S007305,T007305,D005,A001,2025-07-31,2025-08-03,2025-08-03,5,None
S007306,T007306,D037,A012,2025-06-15,2025-06-18,2025-06-19,13,None
S007307,T007307,D034,A010,2024-10-20,2024-10-23,2024-10-25,19,None
S007308,T007308,D013,A004,2026-07-30,2026-08-02,2026-08-02,8,None
S007309,T007309,D033,A009,2026-04-04,2026-04-06,2026-04-07,33,None
S007310,T007310,D002,A001,2025-09-23,2025-09-24,2025-09-24,17,None
S007311,T007311,D038,A013,2024-07-13,2024-07-15,2024-07-15,15,Stock Delay
S007312,T007312,D022,A005,2026-01-23,2026-01-24,2026-01-24,15,None
S007313,T007313,D018,A004,2024-01-30,2024-02-01,2024-02-01,12,None
S007314,T007314,D018,A004,2025-07-12,2025-07-15,2025-07-15,15,None
S007315,T007315,D005,A001,2025-04-18,2025-04-19,2025-04-19,14,None
S007316,T007316,D041,A013,2025-06-21,2025-06-24,2025-06-25,28,None
S007317,T007317,D006,A001,2025-11-09,2025-11-12,2025-11-12,17,None
S007318,T007318,D026,A006,2025-03-05,2025-03-06,2025-03-07,63,Warehouse Delay
S007319,T007319,D016,A004,2026-07-21,2026-07-22,2026-07-22,12,None
S007320,T007320,D038,A013,2026-07-24,2026-07-26,2026-07-27,27,None
S007321,T007321,D012,A003,2025-12-16,2025-12-19,2025-12-24,90,Parts Damage
S007322,T007322,D021,A005,2026-04-25,2026-04-28,2026-04-28,12,None
S007323,T007323,D013,A004,2024-12-17,2024-12-20,2024-12-20,16,Minor Transport Delay
S007324,T007324,D028,A007,2026-06-28,2026-06-29,2026-06-29,15,Transport Delay
S007325,T007325,D001,A001,2025-06-22,2025-06-23,2025-06-23,8,None
S007326,T007326,D008,A002,2024-05-14,2024-05-17,2024-05-18,17,None
S007327,T007327,D010,A002,2024-06-11,2024-06-14,2024-06-14,17,None
S007328,T007328,D029,A008,2024-09-04,2024-09-05,2024-09-06,19,None
S007329,T007329,D011,A002,2025-01-27,2025-01-28,2025-01-29,25,None
S007330,T007330,D021,A005,2026-03-24,2026-03-26,2026-03-26,11,None
S007331,T007331,D010,A002,2025-02-21,2025-02-23,2025-02-23,21,Transport Delay
S007332,T007332,D035,A010,2025-10-15,2025-10-17,2025-10-17,36,Stock Delay
S007333,T007333,D041,A013,2026-03-22,2026-03-23,2026-03-23,32,None
S007334,T007334,D025,A005,2025-10-02,2025-10-05,2025-10-05,10,None
S007335,T007335,D016,A004,2026-03-18,2026-03-21,2026-03-21,5,None
S007336,T007336,D009,A002,2025-02-02,2025-02-03,2025-02-03,36,Stock Delay
S007337,T007337,D005,A001,2026-07-20,2026-07-21,2026-07-21,4,None
S007338,T007338,D012,A003,2025-07-07,2025-07-08,2025-07-16,69,Warehouse Delay
S007339,T007339,D026,A006,2024-07-27,2024-07-30,2024-07-31,73,Transport Routing Delay
S007340,T007340,D024,A005,2024-02-18,2024-02-19,2024-02-19,4,None
S007341,T007341,D039,A013,2024-08-24,2024-08-27,2024-08-27,27,Transport Delay
S007342,T007342,D018,A004,2024-10-25,2024-10-27,2024-10-27,15,None
S007343,T007343,D028,A007,2026-07-23,2026-07-24,2026-07-24,27,None
S007344,T007344,D014,A004,2024-10-24,2024-10-26,2024-10-27,15,None
S007345,T007345,D025,A005,2024-03-18,2024-03-20,2024-03-20,18,None
S007346,T007346,D012,A003,2025-08-05,2025-08-08,2025-08-13,44,Parts Damage
S007347,T007347,D016,A004,2024-05-03,2024-05-05,2024-05-05,12,None
S007348,T007348,D016,A004,2025-01-19,2025-01-22,2025-01-22,15,None
S007349,T007349,D027,A007,2026-07-22,2026-07-25,2026-07-25,36,None
S007350,T007350,D038,A013,2024-06-30,2024-07-01,2024-07-01,14,Transport Delay
S007351,T007351,D016,A004,2024-08-10,2024-08-13,2024-08-13,5,None
S007352,T007352,D001,A001,2024-02-04,2024-02-06,2024-02-06,15,None
S007353,T007353,D024,A005,2024-04-14,2024-04-15,2024-04-15,10,None
S007354,T007354,D023,A005,2026-06-04,2026-06-06,2026-06-06,14,None
S007355,T007355,D009,A002,2026-06-23,2026-06-26,2026-06-26,35,Stock Delay
S007356,T007356,D029,A008,2024-12-29,2025-01-01,2025-01-01,13,None
S007357,T007357,D038,A013,2025-07-30,2025-08-02,2025-08-02,36,None
S007358,T007358,D040,A013,2025-05-08,2025-05-11,2025-05-11,25,None
S007359,T007359,D011,A002,2025-06-09,2025-06-10,2025-06-10,15,None
S007360,T007360,D036,A011,2024-02-21,2024-02-24,2024-02-24,27,None
S007361,T007361,D028,A007,2025-03-01,2025-03-04,2025-03-05,20,None
S007362,T007362,D018,A004,2025-10-30,2025-11-02,2025-11-02,10,None
S007363,T007363,D025,A005,2024-04-12,2024-04-14,2024-04-15,5,None
S007364,T007364,D035,A010,2025-09-28,2025-09-30,2025-09-30,28,None
S007365,T007365,D017,A004,2024-09-25,2024-09-27,2024-09-28,12,None
S007366,T007366,D015,A004,2025-10-11,2025-10-14,2025-10-15,15,None
S007367,T007367,D013,A004,2024-02-18,2024-02-20,2024-02-20,6,None
S007368,T007368,D025,A005,2025-09-14,2025-09-16,2025-09-16,17,Minor Transport Delay
S007369,T007369,D011,A002,2026-03-15,2026-03-18,2026-03-19,13,None
S007370,T007370,D037,A012,2025-09-23,2025-09-26,2025-09-28,33,None
S007371,T007371,D026,A006,2025-05-01,2025-05-03,2025-05-04,54,Warehouse Delay
S007372,T007372,D025,A005,2025-01-09,2025-01-11,2025-01-11,7,None
S007373,T007373,D005,A001,2024-11-20,2024-11-21,2024-11-21,16,None
S007374,T007374,D020,A005,2024-08-31,2024-09-02,2024-09-02,11,None
S007375,T007375,D001,A001,2025-03-30,2025-03-31,2025-03-31,12,None
S007376,T007376,D002,A001,2025-02-18,2025-02-20,2025-02-20,8,None
S007377,T007377,D023,A005,2026-05-06,2026-05-07,2026-05-07,11,None
S007378,T007378,D017,A004,2026-01-11,2026-01-13,2026-01-13,12,None
S007379,T007379,D019,A005,2024-10-19,2024-10-22,2024-10-22,8,None
S007380,T007380,D006,A001,2024-07-05,2024-07-06,2024-07-07,13,None
S007381,T007381,D013,A004,2025-11-12,2025-11-14,2025-11-14,8,None
S007382,T007382,D010,A002,2025-08-07,2025-08-08,2025-08-09,22,None
S007383,T007383,D039,A013,2024-05-18,2024-05-21,2024-05-21,23,Transport Delay
S007384,T007384,D024,A005,2025-05-14,2025-05-16,2025-05-17,12,None
S007385,T007385,D028,A007,2025-09-28,2025-10-01,2025-10-02,23,None
S007386,T007386,D013,A004,2025-04-30,2025-05-03,2025-05-04,17,None
S007387,T007387,D006,A001,2025-12-15,2025-12-17,2025-12-17,7,None
S007388,T007388,D041,A013,2026-08-09,2026-08-10,2026-08-12,13,None
S007389,T007389,D015,A004,2024-11-30,2024-12-01,2024-12-02,5,None
S007390,T007390,D016,A004,2025-11-29,2025-12-01,2025-12-01,6,None
S007391,T007391,D023,A005,2025-07-02,2025-07-05,2025-07-05,9,Minor Transport Delay
S007392,T007392,D007,A001,2024-11-23,2024-11-25,2024-11-25,14,None
S007393,T007393,D030,A009,2025-03-12,2025-03-14,2025-03-15,13,None
S007394,T007394,D019,A005,2024-04-17,2024-04-20,2024-04-22,18,None
S007395,T007395,D012,A003,2025-10-21,2025-10-24,2025-10-27,86,Dealer Stockout
S007396,T007396,D006,A001,2025-04-08,2025-04-10,2025-04-10,11,None
S007397,T007397,D011,A002,2024-01-24,2024-01-25,2024-01-26,32,Stock Delay
S007398,T007398,D036,A011,2025-07-19,2025-07-22,2025-07-23,21,None
S007399,T007399,D028,A007,2024-10-17,2024-10-20,2024-10-20,17,Stock Delay
S007400,T007400,D012,A003,2024-11-11,2024-11-12,2024-11-17,56,Transport Routing Delay
S007401,T007401,D004,A001,2025-04-09,2025-04-10,2025-04-11,9,None
S007402,T007402,D027,A007,2025-02-03,2025-02-06,2025-02-07,14,None
S007403,T007403,D021,A005,2024-05-08,2024-05-11,2024-05-11,4,None
S007404,T007404,D016,A004,2024-08-31,2024-09-01,2024-09-01,16,None
S007405,T007405,D018,A004,2026-08-06,2026-08-07,2026-08-07,14,None
S007406,T007406,D009,A002,2026-06-01,2026-06-02,2026-06-02,22,None
S007407,T007407,D026,A006,2025-06-11,2025-06-12,2025-06-17,50,Dealer Stockout
S007408,T007408,D040,A013,2025-08-18,2025-08-21,2025-08-21,21,None
S007409,T007409,D009,A002,2025-05-28,2025-05-31,2025-05-31,12,Transport Delay
S007410,T007410,D022,A005,2025-03-15,2025-03-17,2025-03-17,11,None
S007411,T007411,D018,A004,2026-02-26,2026-02-27,2026-02-27,4,None
S007412,T007412,D013,A004,2024-01-01,2024-01-02,2024-01-02,6,None
S007413,T007413,D012,A003,2026-05-19,2026-05-21,2026-05-24,68,Warehouse Delay
S007414,T007414,D033,A009,2026-03-26,2026-03-28,2026-03-29,34,None
S007415,T007415,D016,A004,2024-05-27,2024-05-30,2024-05-30,10,None
S007416,T007416,D025,A005,2026-01-19,2026-01-21,2026-01-22,6,None
S007417,T007417,D013,A004,2024-06-06,2024-06-09,2024-06-09,7,None
S007418,T007418,D010,A002,2025-08-22,2025-08-23,2025-08-27,14,Transport Delay
S007419,T007419,D007,A001,2025-02-08,2025-02-10,2025-02-11,10,None
S007420,T007420,D027,A007,2024-08-05,2024-08-06,2024-08-06,33,None
S007421,T007421,D011,A002,2026-06-22,2026-06-23,2026-06-23,26,Stock Delay
S007422,T007422,D028,A007,2024-11-11,2024-11-12,2024-11-13,21,Transport Delay
S007423,T007423,D016,A004,2024-09-28,2024-09-29,2024-09-29,9,None
S007424,T007424,D014,A004,2024-04-07,2024-04-08,2024-04-10,7,None
S007425,T007425,D018,A004,2024-08-19,2024-08-22,2024-08-22,6,None
S007426,T007426,D015,A004,2024-03-14,2024-03-15,2024-03-16,14,None
S007427,T007427,D001,A001,2024-11-01,2024-11-03,2024-11-03,15,None
S007428,T007428,D016,A004,2025-06-24,2025-06-27,2025-06-27,18,Minor Transport Delay
S007429,T007429,D026,A006,2025-11-21,2025-11-22,2025-11-30,44,Transport Routing Delay
S007430,T007430,D026,A006,2024-06-12,2024-06-15,2024-06-16,75,None
S007431,T007431,D016,A004,2024-08-08,2024-08-10,2024-08-10,9,None
S007432,T007432,D013,A004,2024-05-24,2024-05-27,2024-05-27,16,None
S007433,T007433,D010,A002,2026-08-04,2026-08-07,2026-08-08,23,None
S007434,T007434,D010,A002,2025-08-13,2025-08-14,2025-08-16,14,Stock Delay
S007435,T007435,D003,A001,2024-10-05,2024-10-08,2024-10-08,9,None
S007436,T007436,D036,A011,2024-09-19,2024-09-22,2024-09-23,30,None
S007437,T007437,D009,A002,2026-02-28,2026-03-01,2026-03-01,13,None
S007438,T007438,D011,A002,2024-01-02,2024-01-04,2024-01-04,35,None
S007439,T007439,D012,A003,2026-08-23,2026-08-24,2026-08-25,94,Dealer Stockout
S007440,T007440,D001,A001,2024-02-04,2024-02-06,2024-02-06,13,None
S007441,T007441,D019,A005,2024-02-11,2024-02-12,2024-02-12,12,None
S007442,T007442,D002,A001,2024-12-21,2024-12-23,2024-12-23,15,None
S007443,T007443,D002,A001,2024-07-06,2024-07-09,2024-07-09,15,None
S007444,T007444,D021,A005,2024-10-17,2024-10-18,2024-10-18,4,None
S007445,T007445,D016,A004,2025-05-24,2025-05-27,2025-05-27,13,None
S007446,T007446,D028,A007,2026-02-11,2026-02-12,2026-02-12,12,Stock Delay
S007447,T007447,D024,A005,2025-06-12,2025-06-14,2025-06-14,7,None
S007448,T007448,D012,A003,2026-08-27,2026-08-30,2026-09-07,78,Parts Damage
S007449,T007449,D021,A005,2024-03-25,2024-03-27,2024-03-27,4,None
S007450,T007450,D001,A001,2024-02-10,2024-02-13,2024-02-13,4,None
S007451,T007451,D022,A005,2024-05-12,2024-05-13,2024-05-14,9,None
S007452,T007452,D014,A004,2025-04-16,2025-04-19,2025-04-19,12,None
S007453,T007453,D012,A003,2026-02-19,2026-02-20,2026-02-28,57,Dealer Stockout
S007454,T007454,D025,A005,2024-08-01,2024-08-04,2024-08-04,7,None
S007455,T007455,D036,A011,2026-07-05,2026-07-06,2026-07-06,25,None
S007456,T007456,D040,A013,2026-08-07,2026-08-08,2026-08-08,13,Stock Delay
S007457,T007457,D024,A005,2024-10-29,2024-10-30,2024-10-30,15,None
S007458,T007458,D017,A004,2025-05-21,2025-05-22,2025-05-23,5,None
S007459,T007459,D010,A002,2026-02-12,2026-02-13,2026-02-13,23,Stock Delay
S007460,T007460,D012,A003,2026-04-17,2026-04-20,2026-04-28,51,Warehouse Delay
S007461,T007461,D018,A004,2025-08-16,2025-08-18,2025-08-18,4,None
S007462,T007462,D016,A004,2026-06-17,2026-06-20,2026-06-20,12,None
S007463,T007463,D037,A012,2024-06-08,2024-06-10,2024-06-10,26,None
S007464,T007464,D015,A004,2025-04-23,2025-04-25,2025-04-25,17,None
S007465,T007465,D015,A004,2024-05-24,2024-05-25,2024-05-25,9,None
S007466,T007466,D014,A004,2024-05-29,2024-05-31,2024-05-31,10,None
S007467,T007467,D035,A010,2024-05-20,2024-05-21,2024-05-22,17,None
S007468,T007468,D019,A005,2025-09-19,2025-09-21,2025-09-21,12,None
S007469,T007469,D023,A005,2025-07-14,2025-07-15,2025-07-15,6,None
S007470,T007470,D018,A004,2024-08-15,2024-08-17,2024-08-17,11,None
S007471,T007471,D030,A009,2024-06-30,2024-07-01,2024-07-01,19,None
S007472,T007472,D002,A001,2025-01-19,2025-01-20,2025-01-22,18,None
S007473,T007473,D036,A011,2024-07-27,2024-07-30,2024-07-30,32,None
S007474,T007474,D022,A005,2025-10-27,2025-10-28,2025-10-28,16,None
S007475,T007475,D015,A004,2025-07-03,2025-07-06,2025-07-06,18,None
S007476,T007476,D021,A005,2026-08-03,2026-08-06,2026-08-06,17,Minor Transport Delay
S007477,T007477,D026,A006,2024-12-19,2024-12-22,2024-12-30,72,Transport Routing Delay
S007478,T007478,D001,A001,2025-10-17,2025-10-20,2025-10-20,12,Minor Transport Delay
S007479,T007479,D036,A011,2026-07-30,2026-08-02,2026-08-03,34,Stock Delay
S007480,T007480,D018,A004,2026-06-03,2026-06-06,2026-06-06,15,None
S007481,T007481,D016,A004,2025-02-23,2025-02-26,2025-02-26,9,None
S007482,T007482,D001,A001,2024-04-11,2024-04-14,2024-04-14,16,None
S007483,T007483,D013,A004,2024-02-14,2024-02-16,2024-02-17,14,None
S007484,T007484,D023,A005,2025-02-15,2025-02-18,2025-02-19,18,None
S007485,T007485,D017,A004,2025-06-24,2025-06-25,2025-06-25,5,None
S007486,T007486,D026,A006,2025-08-29,2025-08-30,2025-09-04,82,Dealer Stockout
S007487,T007487,D017,A004,2024-08-06,2024-08-07,2024-08-07,10,None
S007488,T007488,D040,A013,2024-07-09,2024-07-11,2024-07-11,32,Stock Delay
S007489,T007489,D025,A005,2024-04-08,2024-04-11,2024-04-11,11,None
S007490,T007490,D032,A009,2024-09-29,2024-10-01,2024-10-02,24,Stock Delay
S007491,T007491,D002,A001,2026-01-22,2026-01-23,2026-01-23,18,None
S007492,T007492,D013,A004,2025-08-18,2025-08-19,2025-08-19,14,None
S007493,T007493,D018,A004,2024-04-17,2024-04-20,2024-04-20,7,None
S007494,T007494,D021,A005,2025-09-30,2025-10-01,2025-10-01,6,None
S007495,T007495,D034,A010,2026-05-31,2026-06-03,2026-06-04,36,Stock Delay
S007496,T007496,D003,A001,2025-02-23,2025-02-25,2025-02-27,7,Minor Transport Delay
S007497,T007497,D001,A001,2025-03-29,2025-03-30,2025-03-30,14,None
S007498,T007498,D035,A010,2024-08-02,2024-08-03,2024-08-04,28,None
S007499,T007499,D011,A002,2026-06-11,2026-06-14,2026-06-14,29,None
S007500,T007500,D026,A006,2024-12-24,2024-12-27,2024-12-30,95,Dealer Stockout
S007501,T007501,D020,A005,2024-04-21,2024-04-22,2024-04-22,5,None
S007502,T007502,D035,A010,2024-01-04,2024-01-07,2024-01-08,18,None
S007503,T007503,D002,A001,2025-01-01,2025-01-02,2025-01-03,8,None
S007504,T007504,D007,A001,2025-02-25,2025-02-27,2025-02-27,12,None
S007505,T007505,D024,A005,2024-05-13,2024-05-16,2024-05-16,10,None
S007506,T007506,D039,A013,2024-03-31,2024-04-02,2024-04-04,19,Stock Delay
S007507,T007507,D017,A004,2025-10-27,2025-10-29,2025-10-30,16,None
S007508,T007508,D016,A004,2026-02-21,2026-02-23,2026-02-23,9,None
S007509,T007509,D021,A005,2024-12-03,2024-12-05,2024-12-05,6,None
S007510,T007510,D041,A013,2025-01-22,2025-01-23,2025-01-23,29,Transport Delay
S007511,T007511,D035,A010,2026-06-14,2026-06-15,2026-06-15,26,None
S007512,T007512,D040,A013,2024-09-17,2024-09-19,2024-09-19,15,None
S007513,T007513,D001,A001,2025-02-19,2025-02-21,2025-02-21,6,None
S007514,T007514,D001,A001,2026-05-21,2026-05-24,2026-05-24,10,None
S007515,T007515,D021,A005,2024-07-23,2024-07-26,2024-07-26,4,None
S007516,T007516,D032,A009,2024-06-20,2024-06-22,2024-06-24,23,Transport Delay
S007517,T007517,D014,A004,2025-04-16,2025-04-18,2025-04-18,8,None
S007518,T007518,D012,A003,2024-11-14,2024-11-16,2024-11-19,68,Warehouse Delay
S007519,T007519,D031,A009,2024-06-18,2024-06-20,2024-06-22,36,None
S007520,T007520,D002,A001,2024-07-05,2024-07-07,2024-07-07,10,None
S007521,T007521,D014,A004,2024-08-23,2024-08-25,2024-08-25,5,None
S007522,T007522,D019,A005,2024-12-13,2024-12-15,2024-12-16,15,None
S007523,T007523,D020,A005,2024-06-15,2024-06-16,2024-06-17,18,None
S007524,T007524,D027,A007,2024-02-04,2024-02-06,2024-02-06,16,None
S007525,T007525,D014,A004,2026-08-09,2026-08-10,2026-08-10,17,None
S007526,T007526,D020,A005,2025-07-20,2025-07-22,2025-07-23,17,None
S007527,T007527,D019,A005,2026-03-23,2026-03-24,2026-03-24,14,None
S007528,T007528,D023,A005,2024-07-22,2024-07-24,2024-07-24,8,None
S007529,T007529,D022,A005,2026-06-11,2026-06-14,2026-06-14,13,Minor Transport Delay
S007530,T007530,D012,A003,2025-09-12,2025-09-14,2025-09-17,92,Dealer Stockout
S007531,T007531,D001,A001,2026-05-09,2026-05-12,2026-05-12,8,None
S007532,T007532,D006,A001,2024-11-24,2024-11-27,2024-11-27,10,None
S007533,T007533,D011,A002,2026-05-23,2026-05-26,2026-05-26,16,None
S007534,T007534,D023,A005,2025-10-24,2025-10-27,2025-10-27,5,None
S007535,T007535,D035,A010,2024-08-23,2024-08-25,2024-08-25,28,Stock Delay
S007536,T007536,D027,A007,2024-04-09,2024-04-11,2024-04-12,24,None
S007537,T007537,D033,A009,2025-04-12,2025-04-14,2025-04-15,20,None
S007538,T007538,D013,A004,2026-08-04,2026-08-07,2026-08-07,4,Minor Transport Delay
S007539,T007539,D015,A004,2025-10-20,2025-10-22,2025-10-22,5,Minor Transport Delay
S007540,T007540,D016,A004,2025-05-09,2025-05-12,2025-05-13,15,None
S007541,T007541,D008,A002,2025-04-14,2025-04-15,2025-04-15,18,None
S007542,T007542,D003,A001,2025-02-27,2025-03-02,2025-03-02,8,None
S007543,T007543,D022,A005,2026-05-16,2026-05-17,2026-05-17,12,None
S007544,T007544,D039,A013,2026-05-16,2026-05-19,2026-05-21,21,None
S007545,T007545,D010,A002,2025-08-04,2025-08-06,2025-08-06,35,Stock Delay
S007546,T007546,D007,A001,2025-03-19,2025-03-20,2025-03-20,18,None
S007547,T007547,D031,A009,2026-03-03,2026-03-05,2026-03-05,21,None
S007548,T007548,D012,A003,2025-08-18,2025-08-21,2025-08-26,68,Transport Routing Delay
S007549,T007549,D034,A010,2026-05-18,2026-05-19,2026-05-21,32,None
S007550,T007550,D028,A007,2024-08-06,2024-08-08,2024-08-09,33,None
S007551,T007551,D039,A013,2024-03-27,2024-03-30,2024-03-30,24,None
S007552,T007552,D016,A004,2025-04-03,2025-04-05,2025-04-06,8,None
S007553,T007553,D026,A006,2026-05-03,2026-05-05,2026-05-06,36,Transport Routing Delay
S007554,T007554,D013,A004,2024-04-09,2024-04-12,2024-04-12,17,None
S007555,T007555,D020,A005,2025-02-07,2025-02-10,2025-02-10,14,None
S007556,T007556,D016,A004,2025-12-03,2025-12-06,2025-12-06,7,None
S007557,T007557,D011,A002,2024-10-01,2024-10-02,2024-10-02,20,None
S007558,T007558,D023,A005,2026-04-05,2026-04-08,2026-04-08,15,None
S007559,T007559,D023,A005,2025-10-10,2025-10-13,2025-10-13,17,None
S007560,T007560,D032,A009,2024-06-21,2024-06-22,2024-06-22,16,Stock Delay
S007561,T007561,D027,A007,2024-10-30,2024-10-31,2024-11-04,17,None
S007562,T007562,D026,A006,2025-10-27,2025-10-28,2025-10-31,39,Warehouse Delay
S007563,T007563,D004,A001,2025-11-30,2025-12-01,2025-12-02,12,None
S007564,T007564,D027,A007,2024-01-31,2024-02-03,2024-02-05,17,None
S007565,T007565,D025,A005,2026-02-15,2026-02-16,2026-02-16,9,None
S007566,T007566,D036,A011,2026-07-11,2026-07-13,2026-07-14,19,None
S007567,T007567,D037,A012,2025-06-08,2025-06-09,2025-06-10,25,None
S007568,T007568,D003,A001,2026-08-08,2026-08-09,2026-08-09,9,None
S007569,T007569,D030,A009,2024-08-06,2024-08-08,2024-08-09,24,None
S007570,T007570,D006,A001,2025-06-24,2025-06-25,2025-06-26,13,None
S007571,T007571,D017,A004,2025-05-29,2025-05-31,2025-05-31,13,None
S007572,T007572,D024,A005,2026-03-30,2026-04-01,2026-04-03,12,None
S007573,T007573,D001,A001,2024-06-28,2024-06-29,2024-06-29,13,None
S007574,T007574,D029,A008,2026-02-14,2026-02-15,2026-02-16,16,None
S007575,T007575,D003,A001,2024-05-22,2024-05-24,2024-05-24,16,None
S007576,T007576,D008,A002,2024-09-08,2024-09-11,2024-09-12,29,None
S007577,T007577,D021,A005,2025-04-25,2025-04-27,2025-04-27,13,None
S007578,T007578,D028,A007,2026-07-27,2026-07-30,2026-07-30,13,None
S007579,T007579,D037,A012,2024-09-18,2024-09-19,2024-09-19,30,None
S007580,T007580,D027,A007,2026-04-04,2026-04-07,2026-04-09,32,None
S007581,T007581,D026,A006,2024-05-05,2024-05-07,2024-05-10,71,None
S007582,T007582,D016,A004,2026-03-14,2026-03-17,2026-03-17,7,None
S007583,T007583,D005,A001,2025-04-06,2025-04-08,2025-04-08,13,None
S007584,T007584,D006,A001,2025-02-04,2025-02-05,2025-02-06,13,None
S007585,T007585,D022,A005,2026-01-19,2026-01-20,2026-01-20,18,Minor Transport Delay
S007586,T007586,D026,A006,2024-04-24,2024-04-26,2024-05-01,92,Transport Routing Delay
S007587,T007587,D014,A004,2026-06-07,2026-06-10,2026-06-10,10,None
S007588,T007588,D027,A007,2025-11-21,2025-11-23,2025-11-23,14,None
S007589,T007589,D023,A005,2026-06-20,2026-06-21,2026-06-21,10,None
S007590,T007590,D002,A001,2024-02-10,2024-02-12,2024-02-12,9,None
S007591,T007591,D011,A002,2024-08-14,2024-08-16,2024-08-17,18,None
S007592,T007592,D034,A010,2024-08-01,2024-08-04,2024-08-04,33,Stock Delay
S007593,T007593,D027,A007,2024-08-03,2024-08-04,2024-08-06,36,None
S007594,T007594,D036,A011,2025-05-18,2025-05-21,2025-05-25,30,None
S007595,T007595,D001,A001,2024-11-05,2024-11-08,2024-11-08,15,None
S007596,T007596,D038,A013,2026-07-26,2026-07-27,2026-07-27,18,None
S007597,T007597,D009,A002,2026-01-27,2026-01-30,2026-01-30,35,None
S007598,T007598,D001,A001,2024-07-02,2024-07-03,2024-07-03,14,None
S007599,T007599,D039,A013,2026-06-28,2026-06-29,2026-06-29,26,None
S007600,T007600,D012,A003,2026-06-23,2026-06-25,2026-06-30,78,Transport Routing Delay
S007601,T007601,D026,A006,2026-08-04,2026-08-06,2026-08-11,74,Transport Routing Delay
S007602,T007602,D008,A002,2024-08-19,2024-08-20,2024-08-21,18,Stock Delay
S007603,T007603,D023,A005,2025-03-08,2025-03-10,2025-03-10,12,None
S007604,T007604,D037,A012,2025-07-28,2025-07-29,2025-07-29,12,None
S007605,T007605,D018,A004,2024-08-11,2024-08-14,2024-08-14,7,None
S007606,T007606,D026,A006,2026-02-04,2026-02-05,2026-02-13,61,Dealer Stockout
S007607,T007607,D008,A002,2024-10-17,2024-10-20,2024-10-20,31,None
S007608,T007608,D022,A005,2024-03-30,2024-04-02,2024-04-02,12,None
S007609,T007609,D018,A004,2024-03-17,2024-03-19,2024-03-19,13,None
S007610,T007610,D009,A002,2026-03-28,2026-03-31,2026-03-31,19,None
S007611,T007611,D016,A004,2026-01-31,2026-02-03,2026-02-03,17,None
S007612,T007612,D009,A002,2025-10-21,2025-10-22,2025-10-22,13,Transport Delay
S007613,T007613,D037,A012,2026-07-29,2026-07-31,2026-07-31,16,None
S007614,T007614,D018,A004,2026-07-05,2026-07-08,2026-07-09,11,None
S007615,T007615,D012,A003,2025-06-15,2025-06-16,2025-06-16,92,Warehouse Delay
S007616,T007616,D013,A004,2024-01-07,2024-01-10,2024-01-10,16,Minor Transport Delay
S007617,T007617,D014,A004,2024-12-13,2024-12-15,2024-12-15,8,None
S007618,T007618,D029,A008,2026-04-06,2026-04-09,2026-04-09,20,None
S007619,T007619,D038,A013,2024-06-08,2024-06-11,2024-06-11,33,None
S007620,T007620,D013,A004,2025-09-09,2025-09-11,2025-09-11,5,None
S007621,T007621,D034,A010,2024-10-26,2024-10-27,2024-10-28,26,Stock Delay
S007622,T007622,D025,A005,2024-06-28,2024-06-29,2024-07-01,18,None
S007623,T007623,D006,A001,2026-06-04,2026-06-06,2026-06-06,4,None
S007624,T007624,D028,A007,2024-07-27,2024-07-28,2024-07-30,36,None
S007625,T007625,D023,A005,2024-10-27,2024-10-28,2024-10-29,11,None
S007626,T007626,D025,A005,2025-03-18,2025-03-21,2025-03-22,13,None
S007627,T007627,D036,A011,2026-08-06,2026-08-09,2026-08-10,34,None
S007628,T007628,D014,A004,2026-01-11,2026-01-12,2026-01-12,16,None
S007629,T007629,D037,A012,2024-02-29,2024-03-03,2024-03-07,21,None
S007630,T007630,D029,A008,2025-06-23,2025-06-24,2025-06-24,30,None
S007631,T007631,D013,A004,2025-01-31,2025-02-01,2025-02-01,10,None
S007632,T007632,D025,A005,2024-11-28,2024-11-29,2024-11-29,6,None
S007633,T007633,D017,A004,2025-06-10,2025-06-11,2025-06-11,18,None
S007634,T007634,D040,A013,2024-10-07,2024-10-10,2024-10-10,13,None
S007635,T007635,D026,A006,2025-11-04,2025-11-06,2025-11-11,36,None
S007636,T007636,D007,A001,2024-02-20,2024-02-22,2024-02-22,17,None
S007637,T007637,D016,A004,2025-07-26,2025-07-28,2025-07-28,6,None
S007638,T007638,D020,A005,2026-06-11,2026-06-14,2026-06-15,8,None
S007639,T007639,D006,A001,2024-07-15,2024-07-18,2024-07-18,17,None
S007640,T007640,D001,A001,2024-03-02,2024-03-04,2024-03-04,4,None
S007641,T007641,D014,A004,2024-11-21,2024-11-22,2024-11-22,16,None
S007642,T007642,D016,A004,2024-06-27,2024-06-29,2024-06-29,15,None
S007643,T007643,D015,A004,2025-04-29,2025-04-30,2025-05-01,17,None
S007644,T007644,D012,A003,2024-06-20,2024-06-22,2024-06-30,52,Dealer Stockout
S007645,T007645,D010,A002,2024-08-18,2024-08-20,2024-08-20,34,None
S007646,T007646,D027,A007,2026-01-02,2026-01-05,2026-01-06,30,None
S007647,T007647,D025,A005,2024-12-20,2024-12-22,2024-12-22,8,None
S007648,T007648,D010,A002,2026-01-10,2026-01-11,2026-01-15,13,None
S007649,T007649,D014,A004,2026-07-11,2026-07-12,2026-07-12,17,None
S007650,T007650,D023,A005,2026-03-07,2026-03-10,2026-03-10,14,None
S007651,T007651,D002,A001,2024-12-17,2024-12-19,2024-12-19,6,None
S007652,T007652,D005,A001,2025-11-10,2025-11-13,2025-11-13,16,None
S007653,T007653,D001,A001,2025-08-06,2025-08-08,2025-08-08,11,Minor Transport Delay
S007654,T007654,D031,A009,2024-03-09,2024-03-12,2024-03-14,34,None
S007655,T007655,D029,A008,2024-12-10,2024-12-13,2024-12-13,33,None
S007656,T007656,D029,A008,2024-01-10,2024-01-13,2024-01-13,18,None
S007657,T007657,D028,A007,2026-04-16,2026-04-19,2026-04-20,34,None
S007658,T007658,D026,A006,2024-03-07,2024-03-08,2024-03-16,83,Dealer Stockout
S007659,T007659,D013,A004,2025-07-13,2025-07-16,2025-07-16,13,None
S007660,T007660,D019,A005,2025-10-06,2025-10-07,2025-10-07,8,None
S007661,T007661,D005,A001,2026-07-15,2026-07-16,2026-07-16,4,None
S007662,T007662,D025,A005,2024-03-18,2024-03-21,2024-03-21,14,None
S007663,T007663,D030,A009,2025-07-29,2025-08-01,2025-08-01,15,Stock Delay
S007664,T007664,D025,A005,2024-09-04,2024-09-07,2024-09-07,10,None
S007665,T007665,D015,A004,2025-01-03,2025-01-06,2025-01-06,17,None
S007666,T007666,D012,A003,2024-07-25,2024-07-27,2024-08-04,44,Warehouse Delay
S007667,T007667,D025,A005,2025-07-13,2025-07-14,2025-07-14,18,None
S007668,T007668,D027,A007,2026-07-08,2026-07-11,2026-07-12,13,None
S007669,T007669,D036,A011,2025-05-20,2025-05-23,2025-05-23,29,None
S007670,T007670,D015,A004,2024-02-09,2024-02-10,2024-02-10,12,None
S007671,T007671,D032,A009,2024-01-14,2024-01-17,2024-01-18,23,Transport Delay
S007672,T007672,D024,A005,2025-06-13,2025-06-15,2025-06-16,18,None
S007673,T007673,D036,A011,2025-12-25,2025-12-26,2025-12-28,21,None
S007674,T007674,D021,A005,2025-08-22,2025-08-25,2025-08-25,8,None
S007675,T007675,D020,A005,2026-08-20,2026-08-23,2026-08-23,8,None
S007676,T007676,D023,A005,2026-08-10,2026-08-12,2026-08-12,10,None
S007677,T007677,D029,A008,2025-09-24,2025-09-25,2025-09-25,23,Stock Delay
S007678,T007678,D040,A013,2026-01-28,2026-01-30,2026-01-30,20,Stock Delay
S007679,T007679,D006,A001,2024-07-12,2024-07-15,2024-07-15,8,None
S007680,T007680,D003,A001,2025-07-22,2025-07-24,2025-07-25,12,None
S007681,T007681,D039,A013,2025-12-08,2025-12-11,2025-12-11,21,None
S007682,T007682,D022,A005,2026-07-17,2026-07-18,2026-07-20,14,Minor Transport Delay
S007683,T007683,D023,A005,2024-01-22,2024-01-23,2024-01-23,5,None
S007684,T007684,D013,A004,2024-08-15,2024-08-16,2024-08-16,14,None
S007685,T007685,D003,A001,2025-01-17,2025-01-19,2025-01-19,10,None
S007686,T007686,D033,A009,2026-07-17,2026-07-19,2026-07-20,35,None
S007687,T007687,D029,A008,2026-08-19,2026-08-21,2026-08-21,20,Transport Delay
S007688,T007688,D016,A004,2024-12-10,2024-12-12,2024-12-12,12,None
S007689,T007689,D017,A004,2024-05-28,2024-05-31,2024-05-31,5,Minor Transport Delay
S007690,T007690,D034,A010,2026-08-28,2026-08-31,2026-08-31,22,None
S007691,T007691,D007,A001,2026-03-02,2026-03-04,2026-03-04,17,None
S007692,T007692,D036,A011,2024-05-04,2024-05-06,2024-05-06,22,None
S007693,T007693,D012,A003,2025-03-21,2025-03-24,2025-03-29,49,Warehouse Delay
S007694,T007694,D024,A005,2026-07-19,2026-07-22,2026-07-22,4,None
S007695,T007695,D039,A013,2024-07-23,2024-07-24,2024-07-25,36,None
S007696,T007696,D026,A006,2025-09-16,2025-09-17,2025-09-25,44,Transport Routing Delay
S007697,T007697,D015,A004,2024-01-30,2024-02-01,2024-02-01,12,None
S007698,T007698,D028,A007,2025-01-10,2025-01-11,2025-01-11,35,None
S007699,T007699,D013,A004,2025-06-03,2025-06-06,2025-06-06,8,None
S007700,T007700,D012,A003,2026-04-17,2026-04-20,2026-04-25,41,Dealer Stockout
S007701,T007701,D039,A013,2025-04-30,2025-05-02,2025-05-03,20,Transport Delay
S007702,T007702,D029,A008,2025-11-03,2025-11-05,2025-11-09,29,Stock Delay
S007703,T007703,D024,A005,2026-03-06,2026-03-07,2026-03-07,17,None
S007704,T007704,D013,A004,2025-02-20,2025-02-21,2025-02-21,10,None
S007705,T007705,D003,A001,2024-09-23,2024-09-24,2024-09-24,7,None
S007706,T007706,D007,A001,2026-02-25,2026-02-27,2026-02-27,17,None
S007707,T007707,D020,A005,2024-10-24,2024-10-27,2024-10-27,8,None
S007708,T007708,D029,A008,2025-04-19,2025-04-22,2025-04-22,29,None
S007709,T007709,D021,A005,2025-08-01,2025-08-02,2025-08-02,14,Minor Transport Delay
S007710,T007710,D034,A010,2025-09-25,2025-09-27,2025-09-27,16,None
S007711,T007711,D006,A001,2024-04-17,2024-04-19,2024-04-19,4,None
S007712,T007712,D014,A004,2026-02-24,2026-02-26,2026-02-26,11,None
S007713,T007713,D010,A002,2026-05-27,2026-05-30,2026-05-31,31,None
S007714,T007714,D013,A004,2025-05-14,2025-05-15,2025-05-17,11,None
S007715,T007715,D002,A001,2025-03-01,2025-03-02,2025-03-02,7,None
S007716,T007716,D038,A013,2024-10-26,2024-10-27,2024-10-27,13,None
S007717,T007717,D010,A002,2025-06-27,2025-06-28,2025-06-28,36,Stock Delay
S007718,T007718,D041,A013,2024-08-10,2024-08-11,2024-08-11,17,None
S007719,T007719,D015,A004,2026-08-23,2026-08-25,2026-08-25,14,None
S007720,T007720,D041,A013,2025-02-06,2025-02-07,2025-02-07,16,None
S007721,T007721,D023,A005,2024-09-10,2024-09-11,2024-09-11,17,None
S007722,T007722,D040,A013,2026-03-10,2026-03-13,2026-03-13,33,None
S007723,T007723,D005,A001,2025-12-08,2025-12-11,2025-12-11,11,None
S007724,T007724,D029,A008,2025-01-07,2025-01-10,2025-01-11,22,Stock Delay
S007725,T007725,D037,A012,2026-01-29,2026-01-31,2026-01-31,25,None
S007726,T007726,D004,A001,2026-05-15,2026-05-18,2026-05-18,17,None
S007727,T007727,D004,A001,2026-01-22,2026-01-23,2026-01-23,10,None
S007728,T007728,D016,A004,2025-01-31,2025-02-01,2025-02-01,6,None
S007729,T007729,D041,A013,2025-10-26,2025-10-28,2025-11-01,30,None
S007730,T007730,D021,A005,2024-09-28,2024-09-30,2024-09-30,4,None
S007731,T007731,D020,A005,2026-07-02,2026-07-04,2026-07-04,10,None
S007732,T007732,D005,A001,2024-04-13,2024-04-15,2024-04-15,10,None
S007733,T007733,D003,A001,2024-09-07,2024-09-09,2024-09-09,4,None
S007734,T007734,D030,A009,2024-02-09,2024-02-12,2024-02-13,17,None
S007735,T007735,D006,A001,2026-02-28,2026-03-03,2026-03-03,18,None
S007736,T007736,D022,A005,2026-02-11,2026-02-14,2026-02-14,17,None
S007737,T007737,D037,A012,2024-03-17,2024-03-20,2024-03-22,29,Stock Delay
S007738,T007738,D011,A002,2024-05-25,2024-05-28,2024-06-01,30,None
S007739,T007739,D026,A006,2024-12-02,2024-12-05,2024-12-06,39,Transport Routing Delay
S007740,T007740,D007,A001,2026-04-11,2026-04-14,2026-04-14,8,None
S007741,T007741,D022,A005,2025-06-19,2025-06-20,2025-06-20,8,None
S007742,T007742,D010,A002,2025-04-12,2025-04-15,2025-04-16,30,None
S007743,T007743,D028,A007,2026-03-05,2026-03-08,2026-03-08,25,Stock Delay
S007744,T007744,D018,A004,2025-12-20,2025-12-21,2025-12-21,13,None
S007745,T007745,D017,A004,2025-02-07,2025-02-09,2025-02-09,16,None
S007746,T007746,D024,A005,2025-05-16,2025-05-18,2025-05-18,10,None
S007747,T007747,D010,A002,2024-05-11,2024-05-12,2024-05-12,12,Stock Delay
S007748,T007748,D029,A008,2025-01-11,2025-01-13,2025-01-13,29,None
S007749,T007749,D014,A004,2025-06-06,2025-06-09,2025-06-09,5,None
S007750,T007750,D026,A006,2026-03-23,2026-03-26,2026-03-27,87,None
S007751,T007751,D004,A001,2025-09-03,2025-09-05,2025-09-05,14,None
S007752,T007752,D028,A007,2024-05-06,2024-05-09,2024-05-09,25,None
S007753,T007753,D004,A001,2024-09-24,2024-09-25,2024-09-25,4,None
S007754,T007754,D017,A004,2024-01-27,2024-01-28,2024-01-29,6,None
S007755,T007755,D012,A003,2025-03-19,2025-03-22,2025-03-25,41,Transport Routing Delay
S007756,T007756,D029,A008,2025-07-29,2025-07-31,2025-07-31,17,Stock Delay
S007757,T007757,D012,A003,2026-04-13,2026-04-15,2026-04-23,70,Warehouse Delay
S007758,T007758,D036,A011,2026-02-11,2026-02-12,2026-02-12,33,None
S007759,T007759,D036,A011,2025-09-29,2025-10-02,2025-10-02,36,None
S007760,T007760,D008,A002,2025-04-11,2025-04-13,2025-04-14,23,None
S007761,T007761,D021,A005,2024-06-20,2024-06-21,2024-06-22,13,None
S007762,T007762,D001,A001,2025-11-26,2025-11-29,2025-11-30,11,None
S007763,T007763,D015,A004,2024-11-03,2024-11-04,2024-11-04,13,None
S007764,T007764,D028,A007,2025-12-05,2025-12-06,2025-12-07,25,None
S007765,T007765,D026,A006,2026-07-12,2026-07-13,2026-07-16,89,None
S007766,T007766,D022,A005,2025-02-23,2025-02-24,2025-02-24,18,None
S007767,T007767,D013,A004,2024-01-30,2024-01-31,2024-02-01,13,None
S007768,T007768,D016,A004,2026-08-22,2026-08-23,2026-08-23,6,None
S007769,T007769,D002,A001,2025-12-06,2025-12-08,2025-12-08,6,None
S007770,T007770,D027,A007,2024-09-11,2024-09-13,2024-09-13,12,None
S007771,T007771,D020,A005,2024-09-23,2024-09-26,2024-09-26,6,None
S007772,T007772,D027,A007,2026-01-28,2026-01-29,2026-01-29,20,Transport Delay
S007773,T007773,D012,A003,2025-08-13,2025-08-14,2025-08-14,48,Transport Routing Delay
S007774,T007774,D015,A004,2024-09-24,2024-09-25,2024-09-25,9,None
S007775,T007775,D016,A004,2024-11-23,2024-11-26,2024-11-26,7,None
S007776,T007776,D005,A001,2026-08-20,2026-08-21,2026-08-22,14,None
S007777,T007777,D014,A004,2025-06-07,2025-06-10,2025-06-11,9,None
S007778,T007778,D031,A009,2024-03-01,2024-03-04,2024-03-05,34,Stock Delay
S007779,T007779,D036,A011,2026-05-25,2026-05-27,2026-05-27,19,Stock Delay
S007780,T007780,D023,A005,2026-08-27,2026-08-30,2026-08-30,8,None
S007781,T007781,D018,A004,2025-08-19,2025-08-20,2025-08-20,13,None
S007782,T007782,D001,A001,2025-07-19,2025-07-20,2025-07-20,17,None
S007783,T007783,D036,A011,2024-11-06,2024-11-07,2024-11-07,33,None
S007784,T007784,D004,A001,2024-09-16,2024-09-19,2024-09-21,4,None
S007785,T007785,D041,A013,2025-06-11,2025-06-14,2025-06-16,18,None
S007786,T007786,D018,A004,2026-04-01,2026-04-03,2026-04-03,4,None
S007787,T007787,D017,A004,2026-01-30,2026-02-01,2026-02-01,15,None
S007788,T007788,D040,A013,2024-08-05,2024-08-07,2024-08-11,30,None
S007789,T007789,D002,A001,2025-08-05,2025-08-07,2025-08-07,16,None
S007790,T007790,D023,A005,2024-01-04,2024-01-05,2024-01-05,5,None
S007791,T007791,D020,A005,2024-06-17,2024-06-20,2024-06-20,14,None
S007792,T007792,D010,A002,2025-10-12,2025-10-13,2025-10-14,20,Stock Delay
S007793,T007793,D014,A004,2026-08-12,2026-08-13,2026-08-14,15,None
S007794,T007794,D022,A005,2025-01-08,2025-01-10,2025-01-10,18,None
S007795,T007795,D028,A007,2025-07-29,2025-08-01,2025-08-01,19,None
S007796,T007796,D001,A001,2024-03-06,2024-03-08,2024-03-08,8,None
S007797,T007797,D041,A013,2024-08-12,2024-08-15,2024-08-15,34,None
S007798,T007798,D010,A002,2026-06-22,2026-06-23,2026-06-23,18,Stock Delay
S007799,T007799,D010,A002,2024-08-19,2024-08-20,2024-08-21,26,None
S007800,T007800,D012,A003,2025-04-30,2025-05-03,2025-05-08,43,Transport Routing Delay
S007801,T007801,D002,A001,2024-12-01,2024-12-04,2024-12-04,4,None
S007802,T007802,D004,A001,2025-06-17,2025-06-18,2025-06-19,6,None
S007803,T007803,D038,A013,2025-02-04,2025-02-06,2025-02-08,20,None
S007804,T007804,D014,A004,2025-01-28,2025-01-31,2025-01-31,18,None
S007805,T007805,D001,A001,2026-04-03,2026-04-05,2026-04-06,18,Minor Transport Delay
S007806,T007806,D007,A001,2025-08-15,2025-08-16,2025-08-16,7,None
S007807,T007807,D027,A007,2024-03-18,2024-03-19,2024-03-19,26,None
S007808,T007808,D035,A010,2026-03-17,2026-03-18,2026-03-18,28,None
S007809,T007809,D012,A003,2024-06-17,2024-06-19,2024-06-20,62,Dealer Stockout
S007810,T007810,D002,A001,2026-03-01,2026-03-03,2026-03-03,13,None
S007811,T007811,D011,A002,2025-11-21,2025-11-22,2025-11-23,22,None
S007812,T007812,D004,A001,2025-10-01,2025-10-02,2025-10-02,18,None
S007813,T007813,D002,A001,2025-04-29,2025-05-01,2025-05-01,15,None
S007814,T007814,D016,A004,2026-04-14,2026-04-16,2026-04-16,18,None
S007815,T007815,D008,A002,2026-08-14,2026-08-17,2026-08-19,23,Transport Delay
S007816,T007816,D025,A005,2024-06-10,2024-06-11,2024-06-11,15,None
S007817,T007817,D012,A003,2024-08-05,2024-08-07,2024-08-15,57,Transport Routing Delay
S007818,T007818,D041,A013,2026-01-04,2026-01-07,2026-01-07,26,Stock Delay
S007819,T007819,D037,A012,2024-03-15,2024-03-16,2024-03-17,32,None
S007820,T007820,D023,A005,2024-03-09,2024-03-11,2024-03-11,7,None
S007821,T007821,D015,A004,2025-10-03,2025-10-05,2025-10-05,10,None
S007822,T007822,D015,A004,2024-10-23,2024-10-24,2024-10-25,9,None
S007823,T007823,D017,A004,2026-06-25,2026-06-28,2026-06-28,17,Minor Transport Delay
S007824,T007824,D027,A007,2025-01-31,2025-02-01,2025-02-01,30,Stock Delay
S007825,T007825,D017,A004,2025-06-24,2025-06-27,2025-06-27,8,None
S007826,T007826,D035,A010,2026-02-24,2026-02-25,2026-02-25,16,Stock Delay
S007827,T007827,D038,A013,2025-08-07,2025-08-09,2025-08-10,13,None
S007828,T007828,D014,A004,2024-04-17,2024-04-20,2024-04-20,4,None
S007829,T007829,D025,A005,2026-02-28,2026-03-02,2026-03-02,4,None
S007830,T007830,D005,A001,2026-06-19,2026-06-21,2026-06-21,6,Minor Transport Delay
S007831,T007831,D009,A002,2024-07-26,2024-07-28,2024-07-28,23,None
S007832,T007832,D017,A004,2024-05-19,2024-05-20,2024-05-20,5,None
S007833,T007833,D011,A002,2025-08-25,2025-08-26,2025-08-27,16,None
S007834,T007834,D036,A011,2024-05-23,2024-05-25,2024-05-26,29,None
S007835,T007835,D007,A001,2025-10-22,2025-10-25,2025-10-25,16,None
S007836,T007836,D016,A004,2024-10-08,2024-10-09,2024-10-09,14,None
S007837,T007837,D024,A005,2026-05-10,2026-05-12,2026-05-12,8,None
S007838,T007838,D028,A007,2024-01-16,2024-01-19,2024-01-19,25,None
S007839,T007839,D018,A004,2025-12-08,2025-12-10,2025-12-11,5,None
S007840,T007840,D036,A011,2024-09-09,2024-09-11,2024-09-11,30,Stock Delay
S007841,T007841,D020,A005,2024-01-16,2024-01-19,2024-01-19,5,None
S007842,T007842,D016,A004,2024-01-11,2024-01-12,2024-01-13,6,None
S007843,T007843,D002,A001,2025-10-12,2025-10-15,2025-10-15,4,None
S007844,T007844,D013,A004,2024-04-15,2024-04-16,2024-04-16,9,Minor Transport Delay
S007845,T007845,D031,A009,2026-07-10,2026-07-12,2026-07-12,14,None
S007846,T007846,D025,A005,2024-02-03,2024-02-04,2024-02-04,8,None
S007847,T007847,D034,A010,2025-06-25,2025-06-28,2025-06-30,25,None
S007848,T007848,D016,A004,2024-10-27,2024-10-30,2024-11-01,17,None
S007849,T007849,D002,A001,2025-01-26,2025-01-27,2025-01-27,6,None
S007850,T007850,D005,A001,2026-01-31,2026-02-02,2026-02-02,9,None
S007851,T007851,D017,A004,2026-07-09,2026-07-12,2026-07-12,15,None
S007852,T007852,D027,A007,2024-03-09,2024-03-11,2024-03-11,28,None
S007853,T007853,D031,A009,2025-05-02,2025-05-03,2025-05-05,16,None
S007854,T007854,D016,A004,2025-07-05,2025-07-06,2025-07-06,15,None
S007855,T007855,D020,A005,2024-12-07,2024-12-08,2024-12-08,12,None
S007856,T007856,D014,A004,2026-03-03,2026-03-06,2026-03-06,10,None
S007857,T007857,D018,A004,2026-01-09,2026-01-12,2026-01-12,14,None
S007858,T007858,D009,A002,2024-09-12,2024-09-13,2024-09-13,30,None
S007859,T007859,D005,A001,2024-06-18,2024-06-19,2024-06-19,6,None
S007860,T007860,D011,A002,2024-03-14,2024-03-16,2024-03-17,32,None
S007861,T007861,D003,A001,2025-02-09,2025-02-10,2025-02-11,8,Minor Transport Delay
S007862,T007862,D010,A002,2026-01-08,2026-01-10,2026-01-11,33,None
S007863,T007863,D001,A001,2026-07-17,2026-07-19,2026-07-19,5,None
S007864,T007864,D024,A005,2026-02-16,2026-02-19,2026-02-19,6,None
S007865,T007865,D013,A004,2024-07-08,2024-07-10,2024-07-10,13,None
S007866,T007866,D041,A013,2024-02-18,2024-02-21,2024-02-21,21,None
S007867,T007867,D010,A002,2024-05-29,2024-06-01,2024-06-01,24,None
S007868,T007868,D016,A004,2024-02-26,2024-02-28,2024-02-28,4,None
S007869,T007869,D016,A004,2024-06-13,2024-06-15,2024-06-16,18,None
S007870,T007870,D001,A001,2026-07-28,2026-07-31,2026-07-31,17,None
S007871,T007871,D035,A010,2026-02-13,2026-02-14,2026-02-14,27,None
S007872,T007872,D006,A001,2025-09-09,2025-09-10,2025-09-10,15,None
S007873,T007873,D039,A013,2024-11-08,2024-11-11,2024-11-11,20,None
S007874,T007874,D036,A011,2026-03-12,2026-03-13,2026-03-13,29,None
S007875,T007875,D022,A005,2026-02-27,2026-02-28,2026-02-28,15,None
S007876,T007876,D019,A005,2024-06-12,2024-06-15,2024-06-15,17,None
S007877,T007877,D022,A005,2025-09-15,2025-09-18,2025-09-19,14,Minor Transport Delay
S007878,T007878,D017,A004,2024-03-16,2024-03-18,2024-03-18,4,None
S007879,T007879,D019,A005,2024-06-30,2024-07-02,2024-07-02,5,None
S007880,T007880,D001,A001,2025-07-26,2025-07-28,2025-07-29,7,None
S007881,T007881,D005,A001,2026-08-17,2026-08-20,2026-08-22,12,None
S007882,T007882,D014,A004,2024-10-09,2024-10-10,2024-10-11,10,None
S007883,T007883,D023,A005,2024-07-17,2024-07-20,2024-07-20,12,None
S007884,T007884,D036,A011,2024-03-12,2024-03-13,2024-03-13,20,None
S007885,T007885,D002,A001,2025-05-29,2025-06-01,2025-06-01,10,None
S007886,T007886,D033,A009,2026-02-23,2026-02-24,2026-02-24,30,None
S007887,T007887,D008,A002,2026-06-25,2026-06-26,2026-06-27,18,None
S007888,T007888,D013,A004,2025-02-13,2025-02-14,2025-02-14,5,None
S007889,T007889,D017,A004,2025-08-30,2025-09-01,2025-09-01,18,None
S007890,T007890,D014,A004,2025-01-09,2025-01-10,2025-01-10,4,None
S007891,T007891,D007,A001,2025-08-02,2025-08-04,2025-08-04,12,None
S007892,T007892,D021,A005,2024-05-21,2024-05-22,2024-05-22,4,None
S007893,T007893,D032,A009,2026-03-18,2026-03-21,2026-03-22,12,None
S007894,T007894,D016,A004,2026-02-21,2026-02-22,2026-02-22,12,None
S007895,T007895,D017,A004,2024-06-09,2024-06-11,2024-06-11,14,Minor Transport Delay
S007896,T007896,D034,A010,2024-12-10,2024-12-13,2024-12-14,17,None
S007897,T007897,D028,A007,2024-02-27,2024-02-28,2024-02-28,29,None
S007898,T007898,D018,A004,2026-04-17,2026-04-18,2026-04-19,13,None
S007899,T007899,D012,A003,2025-06-21,2025-06-22,2025-06-23,68,Transport Routing Delay
S007900,T007900,D036,A011,2026-06-28,2026-07-01,2026-07-02,15,Stock Delay
S007901,T007901,D023,A005,2024-04-23,2024-04-25,2024-04-27,14,None
S007902,T007902,D009,A002,2025-01-28,2025-01-29,2025-01-30,14,None
S007903,T007903,D012,A003,2024-08-15,2024-08-17,2024-08-22,90,Warehouse Delay
S007904,T007904,D031,A009,2024-10-16,2024-10-19,2024-10-19,13,None
S007905,T007905,D002,A001,2025-03-16,2025-03-19,2025-03-19,8,None
S007906,T007906,D041,A013,2025-03-20,2025-03-21,2025-03-21,22,Transport Delay
S007907,T007907,D005,A001,2025-10-22,2025-10-24,2025-10-25,13,Minor Transport Delay
S007908,T007908,D030,A009,2025-01-13,2025-01-16,2025-01-16,25,None
S007909,T007909,D018,A004,2024-03-18,2024-03-21,2024-03-21,13,None
S007910,T007910,D015,A004,2026-02-05,2026-02-07,2026-02-07,11,None
S007911,T007911,D036,A011,2024-06-02,2024-06-05,2024-06-05,34,None
S007912,T007912,D016,A004,2024-07-26,2024-07-27,2024-07-28,18,None
S007913,T007913,D025,A005,2026-06-08,2026-06-10,2026-06-10,9,None
S007914,T007914,D002,A001,2024-04-18,2024-04-20,2024-04-21,14,None
S007915,T007915,D005,A001,2026-07-21,2026-07-24,2026-07-24,7,None
S007916,T007916,D012,A003,2026-04-26,2026-04-27,2026-05-02,37,Warehouse Delay
S007917,T007917,D026,A006,2024-04-18,2024-04-20,2024-04-23,93,Transport Routing Delay
S007918,T007918,D006,A001,2026-04-11,2026-04-14,2026-04-14,11,None
S007919,T007919,D001,A001,2024-12-16,2024-12-18,2024-12-18,13,Minor Transport Delay
S007920,T007920,D018,A004,2024-05-14,2024-05-15,2024-05-15,10,None
S007921,T007921,D019,A005,2024-05-08,2024-05-11,2024-05-11,6,None
S007922,T007922,D028,A007,2024-08-08,2024-08-09,2024-08-09,32,Stock Delay
S007923,T007923,D011,A002,2024-07-30,2024-08-02,2024-08-02,28,None
S007924,T007924,D004,A001,2025-01-10,2025-01-12,2025-01-12,17,None
S007925,T007925,D038,A013,2025-11-21,2025-11-23,2025-11-23,19,None
S007926,T007926,D012,A003,2024-04-20,2024-04-23,2024-05-01,75,Transport Routing Delay
S007927,T007927,D035,A010,2024-04-26,2024-04-28,2024-04-28,18,Stock Delay
S007928,T007928,D035,A010,2024-02-29,2024-03-01,2024-03-01,13,None
S007929,T007929,D033,A009,2026-04-12,2026-04-13,2026-04-13,25,None
S007930,T007930,D011,A002,2024-06-15,2024-06-17,2024-06-18,28,None
S007931,T007931,D031,A009,2024-08-07,2024-08-08,2024-08-08,18,Transport Delay
S007932,T007932,D030,A009,2025-08-01,2025-08-04,2025-08-04,18,None
S007933,T007933,D019,A005,2026-02-11,2026-02-12,2026-02-12,11,None
S007934,T007934,D016,A004,2024-06-10,2024-06-12,2024-06-12,9,Minor Transport Delay
S007935,T007935,D012,A003,2025-10-15,2025-10-18,2025-10-23,87,None
S007936,T007936,D002,A001,2025-09-25,2025-09-28,2025-09-28,14,None
S007937,T007937,D025,A005,2024-09-18,2024-09-20,2024-09-20,18,None
S007938,T007938,D022,A005,2024-01-28,2024-01-31,2024-01-31,4,None
S007939,T007939,D018,A004,2025-11-25,2025-11-27,2025-11-28,12,None
S007940,T007940,D013,A004,2024-02-02,2024-02-04,2024-02-04,15,None
S007941,T007941,D016,A004,2025-06-30,2025-07-02,2025-07-02,6,None
S007942,T007942,D025,A005,2026-01-26,2026-01-27,2026-01-27,18,None
S007943,T007943,D037,A012,2025-10-24,2025-10-26,2025-10-27,21,None
S007944,T007944,D008,A002,2024-03-25,2024-03-28,2024-03-30,18,Transport Delay
S007945,T007945,D013,A004,2026-01-04,2026-01-07,2026-01-08,11,None
S007946,T007946,D001,A001,2026-08-04,2026-08-05,2026-08-05,15,None
S007947,T007947,D022,A005,2025-10-19,2025-10-20,2025-10-22,16,None
S007948,T007948,D027,A007,2026-03-29,2026-04-01,2026-04-01,15,None
S007949,T007949,D041,A013,2024-04-21,2024-04-22,2024-04-22,24,None
S007950,T007950,D012,A003,2026-06-22,2026-06-24,2026-06-29,70,Dealer Stockout
S007951,T007951,D038,A013,2025-02-20,2025-02-22,2025-02-22,33,None
S007952,T007952,D004,A001,2026-03-28,2026-03-31,2026-03-31,16,Minor Transport Delay
S007953,T007953,D025,A005,2024-02-09,2024-02-11,2024-02-12,14,None
S007954,T007954,D002,A001,2026-05-28,2026-05-31,2026-05-31,4,None
S007955,T007955,D036,A011,2026-04-30,2026-05-03,2026-05-04,27,None
S007956,T007956,D021,A005,2025-06-26,2025-06-27,2025-06-27,10,None
S007957,T007957,D026,A006,2024-09-23,2024-09-25,2024-09-28,83,Transport Routing Delay
S007958,T007958,D035,A010,2026-08-05,2026-08-07,2026-08-07,15,None
S007959,T007959,D007,A001,2025-01-12,2025-01-14,2025-01-15,5,None
S007960,T007960,D004,A001,2024-07-09,2024-07-10,2024-07-10,7,None
S007961,T007961,D036,A011,2024-01-11,2024-01-14,2024-01-18,30,None
S007962,T007962,D013,A004,2024-02-10,2024-02-11,2024-02-11,5,None
S007963,T007963,D007,A001,2025-05-29,2025-05-30,2025-06-01,11,None
S007964,T007964,D016,A004,2025-11-25,2025-11-28,2025-11-28,5,None
S007965,T007965,D020,A005,2026-05-15,2026-05-18,2026-05-18,14,None
S007966,T007966,D003,A001,2024-12-15,2024-12-18,2024-12-18,14,None
S007967,T007967,D012,A003,2025-09-07,2025-09-08,2025-09-13,51,Dealer Stockout
S007968,T007968,D007,A001,2024-02-03,2024-02-06,2024-02-06,4,None
S007969,T007969,D016,A004,2024-08-20,2024-08-21,2024-08-21,11,None
S007970,T007970,D036,A011,2025-05-18,2025-05-19,2025-05-19,15,None
S007971,T007971,D040,A013,2026-01-15,2026-01-18,2026-01-18,28,None
S007972,T007972,D019,A005,2026-08-19,2026-08-22,2026-08-22,18,None
S007973,T007973,D006,A001,2025-12-29,2025-12-30,2025-12-30,13,None
S007974,T007974,D037,A012,2024-09-17,2024-09-19,2024-09-19,35,None
S007975,T007975,D019,A005,2026-05-22,2026-05-25,2026-05-25,15,None
S007976,T007976,D005,A001,2025-05-17,2025-05-19,2025-05-19,8,None
S007977,T007977,D037,A012,2025-07-18,2025-07-21,2025-07-23,17,None
S007978,T007978,D029,A008,2025-12-06,2025-12-07,2025-12-07,17,Stock Delay
S007979,T007979,D027,A007,2025-12-26,2025-12-27,2025-12-27,24,None
S007980,T007980,D028,A007,2024-03-19,2024-03-20,2024-03-20,32,None
S007981,T007981,D008,A002,2026-04-07,2026-04-10,2026-04-10,27,Transport Delay
S007982,T007982,D010,A002,2024-08-17,2024-08-20,2024-08-20,18,None
S007983,T007983,D027,A007,2026-07-16,2026-07-19,2026-07-23,26,None
S007984,T007984,D011,A002,2025-01-07,2025-01-09,2025-01-10,22,None
S007985,T007985,D018,A004,2024-07-10,2024-07-12,2024-07-13,15,None
S007986,T007986,D030,A009,2025-12-17,2025-12-20,2025-12-20,30,Transport Delay
S007987,T007987,D030,A009,2026-07-07,2026-07-08,2026-07-09,16,Transport Delay
S007988,T007988,D014,A004,2025-05-06,2025-05-07,2025-05-07,15,None
S007989,T007989,D030,A009,2025-01-30,2025-02-02,2025-02-02,27,None
S007990,T007990,D035,A010,2024-03-22,2024-03-23,2024-03-23,15,None
S007991,T007991,D026,A006,2025-07-16,2025-07-17,2025-07-17,86,None
S007992,T007992,D008,A002,2024-11-07,2024-11-08,2024-11-09,30,None
S007993,T007993,D012,A003,2026-05-13,2026-05-15,2026-05-20,51,None
S007994,T007994,D013,A004,2025-12-24,2025-12-27,2025-12-27,7,None
S007995,T007995,D002,A001,2024-03-22,2024-03-25,2024-03-25,13,None
S007996,T007996,D012,A003,2025-06-25,2025-06-27,2025-06-27,94,None
S007997,T007997,D008,A002,2024-11-05,2024-11-06,2024-11-07,33,None
S007998,T007998,D013,A004,2026-01-29,2026-01-30,2026-01-30,11,None
S007999,T007999,D037,A012,2025-09-23,2025-09-25,2025-09-25,26,Stock Delay
S008000,T008000,D001,A001,2025-09-12,2025-09-14,2025-09-14,9,None
S008001,T008001,D027,A007,2024-07-11,2024-07-14,2024-07-14,21,Transport Delay
S008002,T008002,D027,A007,2026-06-01,2026-06-03,2026-06-04,20,None
S008003,T008003,D006,A001,2024-12-09,2024-12-12,2024-12-12,13,None
S008004,T008004,D039,A013,2025-11-18,2025-11-19,2025-11-19,13,None
S008005,T008005,D023,A005,2025-10-30,2025-11-01,2025-11-01,18,None
S008006,T008006,D017,A004,2025-09-12,2025-09-15,2025-09-16,11,None
S008007,T008007,D029,A008,2024-10-07,2024-10-09,2024-10-09,22,None
S008008,T008008,D012,A003,2024-10-21,2024-10-23,2024-10-28,71,Warehouse Delay
S008009,T008009,D027,A007,2026-04-24,2026-04-26,2026-04-26,27,Transport Delay
S008010,T008010,D002,A001,2026-08-26,2026-08-29,2026-08-29,11,None
S008011,T008011,D034,A010,2025-01-12,2025-01-13,2025-01-13,28,None
S008012,T008012,D018,A004,2024-04-24,2024-04-27,2024-04-28,16,None
S008013,T008013,D023,A005,2025-06-16,2025-06-18,2025-06-18,8,None
S008014,T008014,D009,A002,2024-04-02,2024-04-05,2024-04-06,34,None
S008015,T008015,D026,A006,2025-02-01,2025-02-04,2025-02-05,75,Dealer Stockout
S008016,T008016,D032,A009,2026-07-14,2026-07-16,2026-07-16,34,None
S008017,T008017,D017,A004,2026-06-12,2026-06-13,2026-06-13,10,None
S008018,T008018,D019,A005,2026-05-20,2026-05-23,2026-05-23,11,None
S008019,T008019,D017,A004,2026-06-06,2026-06-07,2026-06-09,6,None
S008020,T008020,D036,A011,2024-05-02,2024-05-03,2024-05-03,34,Transport Delay
S008021,T008021,D025,A005,2024-10-30,2024-11-01,2024-11-02,15,None
S008022,T008022,D035,A010,2024-12-27,2024-12-29,2024-12-30,30,None
S008023,T008023,D032,A009,2024-08-01,2024-08-04,2024-08-05,35,Stock Delay
S008024,T008024,D013,A004,2024-08-29,2024-08-30,2024-08-30,15,Minor Transport Delay
S008025,T008025,D010,A002,2026-07-18,2026-07-19,2026-07-19,17,None
S008026,T008026,D014,A004,2024-12-25,2024-12-26,2024-12-26,11,None
S008027,T008027,D034,A010,2025-11-03,2025-11-05,2025-11-07,27,None
S008028,T008028,D008,A002,2024-11-11,2024-11-14,2024-11-18,15,None
S008029,T008029,D024,A005,2024-10-06,2024-10-08,2024-10-09,15,None
S008030,T008030,D033,A009,2024-11-19,2024-11-21,2024-11-23,23,None
S008031,T008031,D017,A004,2026-05-29,2026-06-01,2026-06-01,17,None
S008032,T008032,D022,A005,2025-03-18,2025-03-21,2025-03-21,15,None
S008033,T008033,D012,A003,2024-01-01,2024-01-03,2024-01-06,74,Transport Routing Delay
S008034,T008034,D002,A001,2024-12-14,2024-12-15,2024-12-15,10,None
S008035,T008035,D030,A009,2024-03-16,2024-03-19,2024-03-20,29,None
S008036,T008036,D006,A001,2024-07-13,2024-07-16,2024-07-16,15,None
S008037,T008037,D012,A003,2025-12-12,2025-12-14,2025-12-22,76,Transport Routing Delay
S008038,T008038,D034,A010,2025-11-12,2025-11-15,2025-11-15,15,None
S008039,T008039,D013,A004,2025-07-12,2025-07-14,2025-07-14,5,None
S008040,T008040,D041,A013,2025-11-24,2025-11-25,2025-11-26,30,None
S008041,T008041,D038,A013,2026-03-11,2026-03-14,2026-03-16,28,Stock Delay
S008042,T008042,D012,A003,2025-10-21,2025-10-23,2025-10-24,38,Dealer Stockout
S008043,T008043,D005,A001,2026-03-14,2026-03-16,2026-03-16,17,None
S008044,T008044,D027,A007,2024-07-05,2024-07-08,2024-07-08,25,Stock Delay
S008045,T008045,D014,A004,2026-04-21,2026-04-23,2026-04-23,17,None
S008046,T008046,D007,A001,2026-06-16,2026-06-17,2026-06-17,17,None
S008047,T008047,D027,A007,2025-05-24,2025-05-27,2025-05-28,15,None
S008048,T008048,D002,A001,2025-07-01,2025-07-02,2025-07-02,17,None
S008049,T008049,D036,A011,2024-06-07,2024-06-08,2024-06-09,23,Transport Delay
S008050,T008050,D001,A001,2024-09-28,2024-10-01,2024-10-01,14,None
S008051,T008051,D004,A001,2024-05-23,2024-05-24,2024-05-24,8,None
S008052,T008052,D011,A002,2025-02-17,2025-02-20,2025-02-20,20,None
S008053,T008053,D041,A013,2026-03-28,2026-03-30,2026-03-30,16,None
S008054,T008054,D028,A007,2026-05-09,2026-05-11,2026-05-11,19,Transport Delay
S008055,T008055,D031,A009,2026-01-16,2026-01-18,2026-01-18,24,None
S008056,T008056,D014,A004,2024-08-29,2024-09-01,2024-09-01,7,None
S008057,T008057,D013,A004,2024-05-03,2024-05-04,2024-05-04,16,None
S008058,T008058,D010,A002,2024-01-13,2024-01-14,2024-01-14,16,None
S008059,T008059,D013,A004,2025-05-14,2025-05-17,2025-05-17,12,None
S008060,T008060,D021,A005,2024-04-10,2024-04-12,2024-04-12,17,None
S008061,T008061,D022,A005,2024-02-15,2024-02-16,2024-02-16,16,None
S008062,T008062,D012,A003,2024-07-18,2024-07-20,2024-07-25,41,Dealer Stockout
S008063,T008063,D039,A013,2026-05-30,2026-06-01,2026-06-02,25,None
S008064,T008064,D009,A002,2025-11-28,2025-12-01,2025-12-01,36,Transport Delay
S008065,T008065,D038,A013,2024-02-27,2024-02-29,2024-02-29,36,None
S008066,T008066,D001,A001,2025-10-23,2025-10-25,2025-10-25,7,None
S008067,T008067,D015,A004,2024-04-13,2024-04-14,2024-04-14,17,None
S008068,T008068,D015,A004,2024-02-28,2024-03-01,2024-03-03,13,None
S008069,T008069,D016,A004,2024-01-08,2024-01-10,2024-01-10,9,None
S008070,T008070,D023,A005,2026-05-29,2026-05-31,2026-05-31,18,None
S008071,T008071,D016,A004,2025-01-04,2025-01-06,2025-01-07,16,None
S008072,T008072,D015,A004,2024-01-18,2024-01-19,2024-01-19,9,None
S008073,T008073,D027,A007,2026-06-22,2026-06-23,2026-06-24,23,None
S008074,T008074,D027,A007,2025-08-30,2025-09-01,2025-09-01,15,None
S008075,T008075,D035,A010,2024-05-19,2024-05-20,2024-05-20,21,None
S008076,T008076,D012,A003,2024-01-26,2024-01-27,2024-01-28,91,None
S008077,T008077,D023,A005,2025-07-14,2025-07-16,2025-07-16,15,None
S008078,T008078,D021,A005,2024-04-23,2024-04-26,2024-04-26,11,None
S008079,T008079,D018,A004,2025-12-20,2025-12-21,2025-12-21,5,None
S008080,T008080,D018,A004,2024-03-11,2024-03-13,2024-03-13,13,None
S008081,T008081,D017,A004,2025-01-03,2025-01-06,2025-01-07,14,None
S008082,T008082,D002,A001,2024-11-24,2024-11-26,2024-11-27,16,None
S008083,T008083,D010,A002,2024-05-02,2024-05-04,2024-05-04,21,None
S008084,T008084,D001,A001,2024-10-22,2024-10-25,2024-10-25,18,None
S008085,T008085,D026,A006,2025-07-25,2025-07-27,2025-08-01,63,Parts Damage
S008086,T008086,D026,A006,2026-08-08,2026-08-10,2026-08-15,59,Warehouse Delay
S008087,T008087,D038,A013,2025-08-04,2025-08-07,2025-08-07,18,None
S008088,T008088,D028,A007,2025-12-17,2025-12-20,2025-12-21,15,None
S008089,T008089,D001,A001,2025-06-25,2025-06-26,2025-06-27,7,None
S008090,T008090,D036,A011,2024-12-06,2024-12-08,2024-12-08,22,Stock Delay
S008091,T008091,D034,A010,2026-07-25,2026-07-27,2026-07-27,27,None
S008092,T008092,D015,A004,2025-04-30,2025-05-03,2025-05-03,4,None
S008093,T008093,D025,A005,2025-02-09,2025-02-10,2025-02-11,4,None
S008094,T008094,D039,A013,2024-10-10,2024-10-11,2024-10-11,23,None
S008095,T008095,D022,A005,2025-11-23,2025-11-24,2025-11-25,6,None
S008096,T008096,D037,A012,2024-01-22,2024-01-25,2024-01-25,30,None
S008097,T008097,D002,A001,2024-11-02,2024-11-03,2024-11-04,5,None
S008098,T008098,D010,A002,2026-02-09,2026-02-12,2026-02-12,32,Stock Delay
S008099,T008099,D018,A004,2024-10-21,2024-10-22,2024-10-22,7,None
S008100,T008100,D023,A005,2024-08-06,2024-08-09,2024-08-09,17,None
S008101,T008101,D031,A009,2024-11-13,2024-11-14,2024-11-14,13,None
S008102,T008102,D041,A013,2025-04-05,2025-04-08,2025-04-09,20,None
S008103,T008103,D015,A004,2024-07-15,2024-07-16,2024-07-17,7,None
S008104,T008104,D007,A001,2024-08-04,2024-08-07,2024-08-07,5,None
S008105,T008105,D030,A009,2024-04-30,2024-05-01,2024-05-01,27,None
S008106,T008106,D024,A005,2026-07-26,2026-07-27,2026-07-28,11,None
S008107,T008107,D008,A002,2026-05-29,2026-06-01,2026-06-01,36,Transport Delay
S008108,T008108,D013,A004,2025-12-11,2025-12-13,2025-12-14,10,None
S008109,T008109,D029,A008,2026-08-11,2026-08-12,2026-08-14,25,None
S008110,T008110,D031,A009,2024-08-18,2024-08-21,2024-08-21,17,None
S008111,T008111,D021,A005,2025-09-12,2025-09-13,2025-09-13,18,None
S008112,T008112,D015,A004,2024-07-23,2024-07-24,2024-07-24,13,None
S008113,T008113,D040,A013,2025-05-04,2025-05-05,2025-05-06,21,None
S008114,T008114,D026,A006,2026-05-27,2026-05-28,2026-06-05,82,Transport Routing Delay
S008115,T008115,D015,A004,2026-02-28,2026-03-03,2026-03-04,12,None
S008116,T008116,D012,A003,2026-06-05,2026-06-06,2026-06-07,89,Dealer Stockout
S008117,T008117,D027,A007,2024-04-24,2024-04-27,2024-04-28,24,None
S008118,T008118,D012,A003,2024-03-02,2024-03-03,2024-03-06,68,Transport Routing Delay
S008119,T008119,D010,A002,2025-01-07,2025-01-08,2025-01-08,32,None
S008120,T008120,D024,A005,2026-08-12,2026-08-14,2026-08-15,18,None
S008121,T008121,D013,A004,2024-11-04,2024-11-06,2024-11-06,6,None
S008122,T008122,D022,A005,2025-05-21,2025-05-24,2025-05-24,8,None
S008123,T008123,D001,A001,2024-03-29,2024-04-01,2024-04-01,14,None
S008124,T008124,D026,A006,2026-07-03,2026-07-06,2026-07-07,95,Dealer Stockout
S008125,T008125,D016,A004,2024-09-21,2024-09-24,2024-09-24,10,None
S008126,T008126,D002,A001,2025-05-18,2025-05-21,2025-05-21,11,None
S008127,T008127,D001,A001,2024-01-07,2024-01-08,2024-01-08,9,None
S008128,T008128,D039,A013,2026-07-04,2026-07-06,2026-07-06,20,None
S008129,T008129,D036,A011,2025-09-24,2025-09-25,2025-09-26,36,None
S008130,T008130,D009,A002,2024-09-13,2024-09-14,2024-09-16,14,Stock Delay
S008131,T008131,D033,A009,2025-01-19,2025-01-20,2025-01-20,24,Transport Delay
S008132,T008132,D021,A005,2025-11-16,2025-11-18,2025-11-20,11,None
S008133,T008133,D040,A013,2024-04-23,2024-04-24,2024-04-25,21,None
S008134,T008134,D013,A004,2025-05-10,2025-05-11,2025-05-13,11,None
S008135,T008135,D026,A006,2024-03-20,2024-03-23,2024-03-24,78,Warehouse Delay
S008136,T008136,D007,A001,2025-04-29,2025-05-02,2025-05-02,14,None
S008137,T008137,D016,A004,2024-04-23,2024-04-24,2024-04-24,12,Minor Transport Delay
S008138,T008138,D038,A013,2025-10-10,2025-10-12,2025-10-14,34,None
S008139,T008139,D020,A005,2025-04-07,2025-04-10,2025-04-10,8,None
S008140,T008140,D015,A004,2024-01-04,2024-01-06,2024-01-06,16,None
S008141,T008141,D001,A001,2025-09-09,2025-09-12,2025-09-12,7,None
S008142,T008142,D027,A007,2025-12-22,2025-12-23,2025-12-25,29,None
S008143,T008143,D022,A005,2024-03-01,2024-03-04,2024-03-04,14,None
S008144,T008144,D015,A004,2026-08-24,2026-08-26,2026-08-27,16,None
S008145,T008145,D040,A013,2025-05-07,2025-05-10,2025-05-10,22,None
S008146,T008146,D001,A001,2024-03-26,2024-03-27,2024-03-28,9,None
S008147,T008147,D018,A004,2024-03-16,2024-03-19,2024-03-19,9,None
S008148,T008148,D037,A012,2026-08-18,2026-08-21,2026-08-21,18,None
S008149,T008149,D017,A004,2025-06-23,2025-06-25,2025-06-25,14,None
S008150,T008150,D012,A003,2024-05-31,2024-06-02,2024-06-03,51,Warehouse Delay
S008151,T008151,D024,A005,2024-06-18,2024-06-20,2024-06-20,13,None
S008152,T008152,D032,A009,2025-04-05,2025-04-06,2025-04-06,24,None
S008153,T008153,D001,A001,2026-04-18,2026-04-19,2026-04-21,14,None
S008154,T008154,D040,A013,2025-04-26,2025-04-28,2025-04-28,28,None
S008155,T008155,D032,A009,2024-07-03,2024-07-05,2024-07-05,20,None
S008156,T008156,D010,A002,2026-04-30,2026-05-02,2026-05-04,15,Transport Delay
S008157,T008157,D027,A007,2026-02-14,2026-02-15,2026-02-15,25,None
S008158,T008158,D017,A004,2025-04-11,2025-04-13,2025-04-13,5,Minor Transport Delay
S008159,T008159,D018,A004,2025-07-30,2025-08-01,2025-08-01,18,None
S008160,T008160,D030,A009,2026-03-20,2026-03-21,2026-03-22,24,None
S008161,T008161,D039,A013,2025-03-20,2025-03-21,2025-03-21,14,None
S008162,T008162,D007,A001,2024-06-12,2024-06-13,2024-06-14,6,None
S008163,T008163,D018,A004,2026-03-29,2026-03-31,2026-03-31,5,None
S008164,T008164,D015,A004,2024-03-24,2024-03-26,2024-03-26,18,None
S008165,T008165,D018,A004,2024-01-16,2024-01-18,2024-01-18,4,None
S008166,T008166,D018,A004,2024-08-18,2024-08-21,2024-08-22,4,None
S008167,T008167,D003,A001,2026-02-26,2026-02-27,2026-02-27,18,None
S008168,T008168,D028,A007,2025-12-10,2025-12-13,2025-12-14,13,Stock Delay
S008169,T008169,D016,A004,2025-08-28,2025-08-31,2025-08-31,15,None
S008170,T008170,D009,A002,2024-04-13,2024-04-16,2024-04-18,12,Transport Delay
S008171,T008171,D033,A009,2025-06-15,2025-06-16,2025-06-16,20,None
S008172,T008172,D030,A009,2025-03-08,2025-03-10,2025-03-10,22,None
S008173,T008173,D018,A004,2025-08-12,2025-08-14,2025-08-14,16,None
S008174,T008174,D015,A004,2024-05-01,2024-05-03,2024-05-03,4,None
S008175,T008175,D025,A005,2025-01-11,2025-01-14,2025-01-14,11,None
S008176,T008176,D013,A004,2024-03-08,2024-03-10,2024-03-11,8,Minor Transport Delay
S008177,T008177,D010,A002,2026-08-20,2026-08-22,2026-08-23,30,None
S008178,T008178,D027,A007,2025-07-10,2025-07-13,2025-07-13,24,None
S008179,T008179,D007,A001,2025-05-16,2025-05-19,2025-05-19,8,None
S008180,T008180,D005,A001,2026-03-04,2026-03-05,2026-03-05,13,None
S008181,T008181,D004,A001,2025-04-08,2025-04-10,2025-04-10,15,Minor Transport Delay
S008182,T008182,D003,A001,2024-10-24,2024-10-25,2024-10-25,16,Minor Transport Delay
S008183,T008183,D006,A001,2024-10-21,2024-10-24,2024-10-24,7,None
S008184,T008184,D041,A013,2025-08-24,2025-08-26,2025-08-26,19,Stock Delay
S008185,T008185,D018,A004,2025-09-18,2025-09-20,2025-09-20,4,None
S008186,T008186,D003,A001,2024-12-21,2024-12-24,2024-12-24,15,None
S008187,T008187,D012,A003,2024-06-27,2024-06-30,2024-07-05,87,None
S008188,T008188,D039,A013,2024-02-15,2024-02-18,2024-02-18,21,None
S008189,T008189,D025,A005,2024-02-22,2024-02-23,2024-02-23,17,None
S008190,T008190,D018,A004,2026-07-24,2026-07-25,2026-07-26,6,None
S008191,T008191,D036,A011,2024-07-26,2024-07-28,2024-07-28,12,None
S008192,T008192,D015,A004,2024-07-23,2024-07-26,2024-07-26,11,None
S008193,T008193,D013,A004,2025-03-18,2025-03-20,2025-03-20,8,None
S008194,T008194,D008,A002,2025-01-07,2025-01-09,2025-01-09,12,None
S008195,T008195,D018,A004,2024-09-04,2024-09-06,2024-09-06,16,None
S008196,T008196,D013,A004,2026-08-28,2026-08-31,2026-08-31,4,None
S008197,T008197,D026,A006,2025-07-31,2025-08-03,2025-08-04,64,None
S008198,T008198,D015,A004,2026-08-23,2026-08-26,2026-08-26,6,None
S008199,T008199,D022,A005,2026-01-07,2026-01-08,2026-01-09,18,None
S008200,T008200,D007,A001,2024-08-05,2024-08-08,2024-08-08,16,Minor Transport Delay
S008201,T008201,D010,A002,2026-02-12,2026-02-14,2026-02-14,17,None
S008202,T008202,D017,A004,2025-07-24,2025-07-25,2025-07-27,13,None
S008203,T008203,D041,A013,2024-01-03,2024-01-06,2024-01-08,26,None
S008204,T008204,D013,A004,2024-11-19,2024-11-20,2024-11-21,8,None
S008205,T008205,D026,A006,2024-09-11,2024-09-12,2024-09-20,44,Transport Routing Delay
S008206,T008206,D012,A003,2024-04-06,2024-04-07,2024-04-15,66,Warehouse Delay
S008207,T008207,D007,A001,2024-02-06,2024-02-09,2024-02-09,15,None
S008208,T008208,D006,A001,2026-01-21,2026-01-22,2026-01-22,16,None
S008209,T008209,D013,A004,2025-12-09,2025-12-12,2025-12-13,12,None
S008210,T008210,D003,A001,2024-07-11,2024-07-13,2024-07-13,17,None
S008211,T008211,D009,A002,2026-06-21,2026-06-23,2026-06-24,21,None
S008212,T008212,D029,A008,2026-08-04,2026-08-07,2026-08-07,31,None
S008213,T008213,D004,A001,2025-06-14,2025-06-17,2025-06-17,11,None
S008214,T008214,D024,A005,2025-12-19,2025-12-21,2025-12-21,11,None
S008215,T008215,D014,A004,2024-06-23,2024-06-24,2024-06-24,10,Minor Transport Delay
S008216,T008216,D020,A005,2026-04-16,2026-04-17,2026-04-17,8,Minor Transport Delay
S008217,T008217,D024,A005,2026-05-13,2026-05-16,2026-05-16,8,None
S008218,T008218,D017,A004,2025-07-11,2025-07-13,2025-07-14,10,None
S008219,T008219,D014,A004,2024-10-03,2024-10-04,2024-10-04,10,None
S008220,T008220,D027,A007,2024-06-09,2024-06-12,2024-06-12,15,Stock Delay
S008221,T008221,D036,A011,2025-12-08,2025-12-09,2025-12-09,17,None
S008222,T008222,D011,A002,2025-09-17,2025-09-20,2025-09-20,35,None
S008223,T008223,D005,A001,2024-10-04,2024-10-05,2024-10-05,6,None
S008224,T008224,D036,A011,2026-03-13,2026-03-14,2026-03-16,30,None
S008225,T008225,D014,A004,2024-07-05,2024-07-07,2024-07-07,8,None
S008226,T008226,D025,A005,2025-03-22,2025-03-25,2025-03-25,8,None
S008227,T008227,D016,A004,2026-02-01,2026-02-04,2026-02-05,6,None
S008228,T008228,D007,A001,2025-04-13,2025-04-14,2025-04-15,14,None
S008229,T008229,D025,A005,2025-07-22,2025-07-24,2025-07-24,18,None
S008230,T008230,D022,A005,2024-05-25,2024-05-26,2024-05-26,18,None
S008231,T008231,D011,A002,2024-03-16,2024-03-19,2024-03-19,25,None
S008232,T008232,D015,A004,2025-12-16,2025-12-19,2025-12-19,6,Minor Transport Delay
S008233,T008233,D032,A009,2024-01-26,2024-01-29,2024-01-30,14,Stock Delay
S008234,T008234,D024,A005,2025-01-24,2025-01-26,2025-01-26,17,None
S008235,T008235,D001,A001,2024-07-15,2024-07-16,2024-07-17,8,None
S008236,T008236,D025,A005,2026-02-03,2026-02-06,2026-02-06,8,None
S008237,T008237,D028,A007,2025-11-12,2025-11-15,2025-11-15,16,None
S008238,T008238,D030,A009,2025-03-07,2025-03-09,2025-03-09,12,None
S008239,T008239,D024,A005,2025-08-08,2025-08-09,2025-08-09,8,None
S008240,T008240,D007,A001,2026-05-02,2026-05-05,2026-05-05,9,None
S008241,T008241,D028,A007,2024-08-11,2024-08-13,2024-08-13,28,None
S008242,T008242,D026,A006,2026-01-19,2026-01-20,2026-01-23,51,Transport Routing Delay
S008243,T008243,D003,A001,2025-10-13,2025-10-16,2025-10-16,13,None
S008244,T008244,D015,A004,2026-07-05,2026-07-07,2026-07-07,8,None
S008245,T008245,D016,A004,2025-01-21,2025-01-23,2025-01-24,13,None
S008246,T008246,D026,A006,2025-12-20,2025-12-21,2025-12-24,73,Warehouse Delay
S008247,T008247,D010,A002,2026-07-20,2026-07-21,2026-07-21,36,None
S008248,T008248,D022,A005,2025-12-19,2025-12-22,2025-12-22,15,None
S008249,T008249,D037,A012,2026-01-08,2026-01-11,2026-01-12,15,None
S008250,T008250,D030,A009,2024-01-17,2024-01-20,2024-01-21,22,Transport Delay
S008251,T008251,D037,A012,2024-12-08,2024-12-11,2024-12-11,31,Transport Delay
S008252,T008252,D041,A013,2025-01-09,2025-01-11,2025-01-11,13,None
S008253,T008253,D001,A001,2025-07-03,2025-07-04,2025-07-04,9,None
S008254,T008254,D023,A005,2026-02-08,2026-02-09,2026-02-09,12,None
S008255,T008255,D013,A004,2024-01-18,2024-01-19,2024-01-19,4,Minor Transport Delay
S008256,T008256,D035,A010,2024-03-01,2024-03-02,2024-03-06,20,Transport Delay
S008257,T008257,D012,A003,2024-08-02,2024-08-04,2024-08-12,38,Dealer Stockout
S008258,T008258,D040,A013,2024-06-28,2024-06-29,2024-06-30,13,None
S008259,T008259,D021,A005,2025-08-22,2025-08-23,2025-08-24,16,None
S008260,T008260,D030,A009,2025-01-03,2025-01-06,2025-01-06,31,Stock Delay
S008261,T008261,D003,A001,2025-08-07,2025-08-08,2025-08-09,5,None
S008262,T008262,D008,A002,2025-03-19,2025-03-21,2025-03-21,18,None
S008263,T008263,D029,A008,2025-07-12,2025-07-13,2025-07-14,36,None
S008264,T008264,D005,A001,2024-02-15,2024-02-16,2024-02-16,9,None
S008265,T008265,D033,A009,2024-03-13,2024-03-15,2024-03-15,34,None
S008266,T008266,D004,A001,2025-08-16,2025-08-17,2025-08-17,9,None
S008267,T008267,D026,A006,2026-06-14,2026-06-15,2026-06-23,91,Dealer Stockout
S008268,T008268,D017,A004,2025-05-25,2025-05-27,2025-05-27,11,None
S008269,T008269,D020,A005,2024-05-05,2024-05-06,2024-05-06,16,None
S008270,T008270,D027,A007,2026-06-04,2026-06-06,2026-06-06,30,None
S008271,T008271,D016,A004,2024-08-17,2024-08-18,2024-08-18,6,None
S008272,T008272,D007,A001,2026-04-07,2026-04-08,2026-04-10,18,None
S008273,T008273,D002,A001,2024-09-18,2024-09-21,2024-09-21,15,None
S008274,T008274,D023,A005,2024-04-23,2024-04-26,2024-04-27,6,None
S008275,T008275,D023,A005,2024-10-09,2024-10-11,2024-10-11,10,None
S008276,T008276,D029,A008,2025-03-05,2025-03-06,2025-03-07,12,None
S008277,T008277,D021,A005,2025-09-02,2025-09-04,2025-09-04,11,None
S008278,T008278,D014,A004,2025-03-11,2025-03-12,2025-03-12,8,None
S008279,T008279,D014,A004,2026-05-20,2026-05-21,2026-05-21,7,Minor Transport Delay
S008280,T008280,D004,A001,2026-07-19,2026-07-21,2026-07-21,11,None
S008281,T008281,D013,A004,2025-11-20,2025-11-22,2025-11-22,10,None
S008282,T008282,D040,A013,2024-12-01,2024-12-04,2024-12-05,28,None
S008283,T008283,D036,A011,2024-03-31,2024-04-01,2024-04-03,33,None
S008284,T008284,D016,A004,2025-09-16,2025-09-18,2025-09-18,16,None
S008285,T008285,D024,A005,2025-09-02,2025-09-04,2025-09-05,13,None
S008286,T008286,D035,A010,2025-01-30,2025-01-31,2025-01-31,24,None
S008287,T008287,D014,A004,2026-02-13,2026-02-16,2026-02-16,6,None
S008288,T008288,D002,A001,2024-07-28,2024-07-31,2024-07-31,8,None
S008289,T008289,D006,A001,2024-03-22,2024-03-23,2024-03-23,17,None
S008290,T008290,D025,A005,2026-03-28,2026-03-29,2026-03-30,7,None
S008291,T008291,D041,A013,2024-06-23,2024-06-26,2024-06-27,29,Stock Delay
S008292,T008292,D028,A007,2026-06-24,2026-06-26,2026-06-27,36,Stock Delay
S008293,T008293,D003,A001,2024-02-25,2024-02-28,2024-02-28,8,None
S008294,T008294,D008,A002,2025-01-28,2025-01-31,2025-01-31,19,None
S008295,T008295,D031,A009,2025-09-24,2025-09-27,2025-09-28,20,Stock Delay
S008296,T008296,D034,A010,2024-08-25,2024-08-27,2024-08-28,24,None
S008297,T008297,D020,A005,2026-02-14,2026-02-15,2026-02-15,7,None
S008298,T008298,D025,A005,2025-09-28,2025-09-29,2025-09-29,6,None
S008299,T008299,D005,A001,2025-12-21,2025-12-22,2025-12-22,13,None
S008300,T008300,D035,A010,2026-08-02,2026-08-05,2026-08-06,33,None
S008301,T008301,D032,A009,2026-04-03,2026-04-05,2026-04-06,34,Stock Delay
S008302,T008302,D012,A003,2025-11-10,2025-11-13,2025-11-18,95,Transport Routing Delay
S008303,T008303,D028,A007,2025-01-04,2025-01-05,2025-01-05,31,Stock Delay
S008304,T008304,D008,A002,2026-04-19,2026-04-20,2026-04-21,25,None
S008305,T008305,D003,A001,2025-06-16,2025-06-17,2025-06-17,5,None
S008306,T008306,D010,A002,2025-09-10,2025-09-13,2025-09-13,35,None
S008307,T008307,D009,A002,2025-02-12,2025-02-14,2025-02-15,27,None
S008308,T008308,D013,A004,2025-07-09,2025-07-11,2025-07-12,4,None
S008309,T008309,D015,A004,2025-04-02,2025-04-05,2025-04-05,6,Minor Transport Delay
S008310,T008310,D024,A005,2025-08-28,2025-08-30,2025-08-30,14,None
S008311,T008311,D017,A004,2024-05-16,2024-05-19,2024-05-19,15,None
S008312,T008312,D012,A003,2025-03-28,2025-03-31,2025-04-05,90,Dealer Stockout
S008313,T008313,D003,A001,2025-09-18,2025-09-19,2025-09-21,18,None
S008314,T008314,D023,A005,2025-08-01,2025-08-02,2025-08-02,14,None
S008315,T008315,D015,A004,2026-02-08,2026-02-11,2026-02-12,16,None
S008316,T008316,D016,A004,2026-02-07,2026-02-10,2026-02-10,9,None
S008317,T008317,D034,A010,2026-03-13,2026-03-15,2026-03-15,26,None
S008318,T008318,D029,A008,2026-06-03,2026-06-04,2026-06-05,17,None
S008319,T008319,D034,A010,2024-04-23,2024-04-24,2024-04-24,19,Transport Delay
S008320,T008320,D017,A004,2024-05-02,2024-05-03,2024-05-05,18,None
S008321,T008321,D004,A001,2025-09-26,2025-09-28,2025-09-28,16,None
S008322,T008322,D028,A007,2025-10-11,2025-10-14,2025-10-14,16,None
S008323,T008323,D010,A002,2025-06-02,2025-06-04,2025-06-04,36,None
S008324,T008324,D017,A004,2025-11-13,2025-11-16,2025-11-17,9,None
S008325,T008325,D002,A001,2026-05-19,2026-05-22,2026-05-22,11,None
S008326,T008326,D031,A009,2025-01-08,2025-01-11,2025-01-12,21,None
S008327,T008327,D003,A001,2026-07-24,2026-07-26,2026-07-26,17,None
S008328,T008328,D037,A012,2026-08-13,2026-08-16,2026-08-16,31,None
S008329,T008329,D035,A010,2025-04-03,2025-04-04,2025-04-05,33,Stock Delay
S008330,T008330,D016,A004,2024-01-30,2024-02-02,2024-02-02,7,None
S008331,T008331,D029,A008,2025-10-03,2025-10-05,2025-10-05,35,None
S008332,T008332,D025,A005,2025-05-03,2025-05-05,2025-05-05,13,None
S008333,T008333,D030,A009,2025-02-06,2025-02-08,2025-02-08,23,None
S008334,T008334,D016,A004,2024-10-03,2024-10-06,2024-10-06,7,None
S008335,T008335,D033,A009,2024-02-22,2024-02-25,2024-02-25,25,None
S008336,T008336,D017,A004,2025-03-13,2025-03-16,2025-03-16,10,None
S008337,T008337,D038,A013,2025-11-28,2025-11-30,2025-12-02,20,Transport Delay
S008338,T008338,D015,A004,2024-08-19,2024-08-20,2024-08-20,12,None
S008339,T008339,D015,A004,2024-07-05,2024-07-08,2024-07-08,11,None
S008340,T008340,D033,A009,2024-06-09,2024-06-11,2024-06-13,13,None
S008341,T008341,D032,A009,2024-04-02,2024-04-04,2024-04-06,29,None
S008342,T008342,D022,A005,2024-01-29,2024-01-30,2024-01-30,11,None
S008343,T008343,D010,A002,2025-11-18,2025-11-21,2025-11-22,20,None
S008344,T008344,D013,A004,2025-09-10,2025-09-11,2025-09-11,14,Minor Transport Delay
S008345,T008345,D041,A013,2025-11-06,2025-11-09,2025-11-09,22,None
S008346,T008346,D029,A008,2024-04-18,2024-04-20,2024-04-22,22,None
S008347,T008347,D032,A009,2025-10-06,2025-10-07,2025-10-09,29,Stock Delay
S008348,T008348,D002,A001,2024-02-25,2024-02-27,2024-02-27,5,None
S008349,T008349,D017,A004,2025-10-29,2025-10-30,2025-10-30,7,None
S008350,T008350,D022,A005,2025-10-14,2025-10-16,2025-10-16,17,None
S008351,T008351,D034,A010,2024-05-30,2024-05-31,2024-05-31,36,None
S008352,T008352,D005,A001,2025-08-01,2025-08-02,2025-08-02,18,None
S008353,T008353,D034,A010,2025-05-14,2025-05-16,2025-05-16,26,None
S008354,T008354,D023,A005,2026-06-15,2026-06-17,2026-06-17,10,None
S008355,T008355,D008,A002,2025-12-29,2025-12-31,2025-12-31,15,None
S008356,T008356,D014,A004,2025-07-18,2025-07-20,2025-07-20,15,None
S008357,T008357,D012,A003,2026-01-12,2026-01-13,2026-01-16,37,Dealer Stockout
S008358,T008358,D023,A005,2025-08-01,2025-08-02,2025-08-02,5,None
S008359,T008359,D002,A001,2026-06-03,2026-06-05,2026-06-05,18,None
S008360,T008360,D002,A001,2024-10-24,2024-10-27,2024-10-27,7,Minor Transport Delay
S008361,T008361,D032,A009,2026-06-18,2026-06-19,2026-06-19,35,None
S008362,T008362,D007,A001,2026-04-21,2026-04-23,2026-04-23,7,None
S008363,T008363,D009,A002,2025-04-28,2025-05-01,2025-05-01,35,None
S008364,T008364,D016,A004,2026-03-17,2026-03-20,2026-03-20,4,None
S008365,T008365,D023,A005,2024-10-01,2024-10-03,2024-10-03,17,None
S008366,T008366,D029,A008,2026-06-18,2026-06-21,2026-06-21,30,None
S008367,T008367,D015,A004,2025-08-01,2025-08-02,2025-08-04,7,None
S008368,T008368,D032,A009,2026-04-18,2026-04-21,2026-04-22,31,None
S008369,T008369,D019,A005,2025-04-19,2025-04-22,2025-04-22,9,None
S008370,T008370,D005,A001,2024-09-25,2024-09-28,2024-09-28,4,None
S008371,T008371,D007,A001,2026-02-07,2026-02-08,2026-02-08,18,None
S008372,T008372,D015,A004,2025-11-02,2025-11-04,2025-11-05,4,None
S008373,T008373,D014,A004,2025-07-23,2025-07-24,2025-07-25,5,None
S008374,T008374,D029,A008,2026-05-05,2026-05-06,2026-05-06,14,Stock Delay
S008375,T008375,D023,A005,2025-12-29,2026-01-01,2026-01-01,14,None
S008376,T008376,D017,A004,2024-02-26,2024-02-27,2024-02-27,11,None
S008377,T008377,D010,A002,2024-10-10,2024-10-12,2024-10-12,19,Stock Delay
S008378,T008378,D009,A002,2024-12-23,2024-12-25,2024-12-25,34,None
S008379,T008379,D025,A005,2024-12-05,2024-12-06,2024-12-06,8,None
S008380,T008380,D018,A004,2026-03-16,2026-03-18,2026-03-18,16,None
S008381,T008381,D020,A005,2024-03-13,2024-03-15,2024-03-15,8,None
S008382,T008382,D008,A002,2026-05-20,2026-05-21,2026-05-22,28,None
S008383,T008383,D026,A006,2025-10-19,2025-10-21,2025-10-26,42,Dealer Stockout
S008384,T008384,D035,A010,2024-06-18,2024-06-19,2024-06-20,22,Transport Delay
S008385,T008385,D012,A003,2024-03-21,2024-03-23,2024-03-26,58,Dealer Stockout
S008386,T008386,D013,A004,2026-01-09,2026-01-12,2026-01-13,7,None
S008387,T008387,D038,A013,2025-08-28,2025-08-31,2025-09-01,19,None
S008388,T008388,D016,A004,2024-09-09,2024-09-10,2024-09-10,6,None
S008389,T008389,D024,A005,2026-04-10,2026-04-12,2026-04-14,9,None
S008390,T008390,D002,A001,2024-08-01,2024-08-04,2024-08-04,15,Minor Transport Delay
S008391,T008391,D019,A005,2025-10-02,2025-10-05,2025-10-05,14,None
S008392,T008392,D007,A001,2025-03-17,2025-03-19,2025-03-19,13,None
S008393,T008393,D038,A013,2024-04-16,2024-04-19,2024-04-19,36,Transport Delay
S008394,T008394,D027,A007,2025-03-25,2025-03-28,2025-03-28,33,Transport Delay
S008395,T008395,D032,A009,2026-07-02,2026-07-05,2026-07-06,33,None
S008396,T008396,D027,A007,2024-09-14,2024-09-16,2024-09-16,26,Transport Delay
S008397,T008397,D023,A005,2026-01-03,2026-01-05,2026-01-05,6,None
S008398,T008398,D015,A004,2025-08-24,2025-08-26,2025-08-26,17,Minor Transport Delay
S008399,T008399,D034,A010,2024-06-29,2024-07-02,2024-07-02,36,Stock Delay
S008400,T008400,D039,A013,2024-08-02,2024-08-03,2024-08-03,15,Transport Delay
S008401,T008401,D022,A005,2026-05-22,2026-05-25,2026-05-27,18,None
S008402,T008402,D041,A013,2025-11-19,2025-11-21,2025-11-22,36,None
S008403,T008403,D020,A005,2024-09-28,2024-10-01,2024-10-01,4,None
S008404,T008404,D020,A005,2025-02-10,2025-02-12,2025-02-12,8,None
S008405,T008405,D013,A004,2025-10-07,2025-10-10,2025-10-10,14,None
S008406,T008406,D010,A002,2026-08-17,2026-08-20,2026-08-21,19,Transport Delay
S008407,T008407,D005,A001,2024-03-19,2024-03-22,2024-03-22,15,None
S008408,T008408,D012,A003,2024-05-09,2024-05-11,2024-05-16,49,Dealer Stockout
S008409,T008409,D023,A005,2026-03-08,2026-03-10,2026-03-10,9,None
S008410,T008410,D015,A004,2025-02-28,2025-03-02,2025-03-02,16,None
S008411,T008411,D018,A004,2024-10-25,2024-10-26,2024-10-26,7,None
S008412,T008412,D041,A013,2026-02-25,2026-02-27,2026-03-01,27,None
S008413,T008413,D014,A004,2024-08-12,2024-08-15,2024-08-15,17,None
S008414,T008414,D014,A004,2024-04-29,2024-05-02,2024-05-03,10,None
S008415,T008415,D004,A001,2024-01-22,2024-01-25,2024-01-25,4,None
S008416,T008416,D007,A001,2024-11-29,2024-12-02,2024-12-03,16,None
S008417,T008417,D030,A009,2025-10-04,2025-10-05,2025-10-06,28,None
S008418,T008418,D025,A005,2024-05-24,2024-05-25,2024-05-27,11,None
S008419,T008419,D029,A008,2026-06-11,2026-06-12,2026-06-12,31,None
S008420,T008420,D004,A001,2026-08-11,2026-08-12,2026-08-12,9,None
S008421,T008421,D024,A005,2026-03-16,2026-03-17,2026-03-17,9,None
S008422,T008422,D012,A003,2026-03-18,2026-03-20,2026-03-25,72,Dealer Stockout
S008423,T008423,D011,A002,2024-12-24,2024-12-26,2024-12-28,30,None
S008424,T008424,D002,A001,2025-03-27,2025-03-30,2025-03-30,17,None
S008425,T008425,D001,A001,2025-05-09,2025-05-12,2025-05-12,4,None
S008426,T008426,D017,A004,2024-09-03,2024-09-06,2024-09-06,16,None
S008427,T008427,D001,A001,2024-03-10,2024-03-12,2024-03-12,14,None
S008428,T008428,D041,A013,2024-03-21,2024-03-22,2024-03-22,22,None
S008429,T008429,D017,A004,2025-12-22,2025-12-23,2025-12-23,18,None
S008430,T008430,D007,A001,2024-02-06,2024-02-09,2024-02-11,7,None
S008431,T008431,D009,A002,2025-01-15,2025-01-17,2025-01-18,33,None
S008432,T008432,D024,A005,2026-01-14,2026-01-17,2026-01-17,9,None
S008433,T008433,D005,A001,2025-05-26,2025-05-28,2025-05-28,8,None
S008434,T008434,D035,A010,2025-01-22,2025-01-23,2025-01-25,13,None
S008435,T008435,D038,A013,2025-08-09,2025-08-12,2025-08-13,14,Stock Delay
S008436,T008436,D012,A003,2026-01-02,2026-01-05,2026-01-10,63,Dealer Stockout
S008437,T008437,D016,A004,2026-03-03,2026-03-05,2026-03-05,14,None
S008438,T008438,D005,A001,2025-05-06,2025-05-08,2025-05-09,7,None
S008439,T008439,D025,A005,2025-12-31,2026-01-02,2026-01-02,6,None
S008440,T008440,D014,A004,2026-02-15,2026-02-18,2026-02-19,10,None
S008441,T008441,D012,A003,2024-05-13,2024-05-14,2024-05-17,81,Dealer Stockout
S008442,T008442,D008,A002,2026-03-24,2026-03-27,2026-03-28,18,None
S008443,T008443,D026,A006,2024-02-16,2024-02-18,2024-02-18,51,Transport Routing Delay
S008444,T008444,D017,A004,2025-08-26,2025-08-29,2025-08-29,15,None
S008445,T008445,D009,A002,2025-04-24,2025-04-26,2025-04-26,35,None
S008446,T008446,D028,A007,2025-10-20,2025-10-21,2025-10-22,21,None
S008447,T008447,D022,A005,2024-05-09,2024-05-11,2024-05-11,8,None
S008448,T008448,D035,A010,2025-01-29,2025-02-01,2025-02-01,14,None
S008449,T008449,D001,A001,2026-08-15,2026-08-18,2026-08-19,8,None
S008450,T008450,D031,A009,2026-01-01,2026-01-02,2026-01-04,22,None
S008451,T008451,D026,A006,2026-04-08,2026-04-09,2026-04-12,91,None
S008452,T008452,D001,A001,2026-07-03,2026-07-05,2026-07-05,6,None
S008453,T008453,D028,A007,2026-05-27,2026-05-28,2026-05-28,18,Transport Delay
S008454,T008454,D013,A004,2024-12-22,2024-12-23,2024-12-24,14,None
S008455,T008455,D038,A013,2024-05-06,2024-05-09,2024-05-10,27,None
S008456,T008456,D006,A001,2026-06-08,2026-06-10,2026-06-10,15,None
S008457,T008457,D020,A005,2026-01-30,2026-01-31,2026-01-31,9,None
S008458,T008458,D018,A004,2026-08-04,2026-08-05,2026-08-06,5,None
S008459,T008459,D038,A013,2026-08-25,2026-08-28,2026-08-28,35,None
S008460,T008460,D017,A004,2025-08-06,2025-08-07,2025-08-07,13,None
S008461,T008461,D039,A013,2025-06-12,2025-06-15,2025-06-16,32,None
S008462,T008462,D037,A012,2026-04-21,2026-04-22,2026-04-22,36,Stock Delay
S008463,T008463,D012,A003,2025-07-29,2025-07-31,2025-08-05,78,Warehouse Delay
S008464,T008464,D030,A009,2025-07-12,2025-07-14,2025-07-14,36,None
S008465,T008465,D041,A013,2024-07-02,2024-07-03,2024-07-05,23,None
S008466,T008466,D012,A003,2025-01-06,2025-01-09,2025-01-17,64,Transport Routing Delay
S008467,T008467,D017,A004,2025-03-22,2025-03-23,2025-03-23,12,None
S008468,T008468,D020,A005,2024-10-13,2024-10-15,2024-10-15,6,Minor Transport Delay
S008469,T008469,D015,A004,2026-08-15,2026-08-18,2026-08-18,14,None
S008470,T008470,D005,A001,2024-10-06,2024-10-09,2024-10-09,16,None
S008471,T008471,D011,A002,2024-01-30,2024-01-31,2024-02-01,27,Transport Delay
S008472,T008472,D012,A003,2026-03-26,2026-03-27,2026-04-04,76,Dealer Stockout
S008473,T008473,D017,A004,2024-02-07,2024-02-09,2024-02-09,12,None
S008474,T008474,D009,A002,2026-04-24,2026-04-25,2026-04-26,31,Stock Delay
S008475,T008475,D036,A011,2024-12-31,2025-01-03,2025-01-03,33,None
S008476,T008476,D028,A007,2024-02-25,2024-02-26,2024-02-28,29,Stock Delay
S008477,T008477,D003,A001,2024-10-10,2024-10-11,2024-10-11,13,None
S008478,T008478,D020,A005,2025-10-29,2025-10-30,2025-10-31,7,None
S008479,T008479,D024,A005,2025-03-31,2025-04-03,2025-04-03,5,Minor Transport Delay
S008480,T008480,D041,A013,2025-02-21,2025-02-22,2025-02-26,21,None
S008481,T008481,D004,A001,2025-01-17,2025-01-20,2025-01-20,13,None
S008482,T008482,D012,A003,2025-04-26,2025-04-27,2025-04-30,60,Dealer Stockout
S008483,T008483,D038,A013,2026-08-19,2026-08-20,2026-08-21,32,None
S008484,T008484,D041,A013,2024-01-12,2024-01-14,2024-01-15,23,None
S008485,T008485,D028,A007,2024-01-24,2024-01-27,2024-01-27,18,None
S008486,T008486,D032,A009,2025-06-30,2025-07-02,2025-07-03,34,None
S008487,T008487,D006,A001,2026-02-19,2026-02-22,2026-02-22,8,None
S008488,T008488,D021,A005,2025-03-27,2025-03-30,2025-04-01,10,None
S008489,T008489,D011,A002,2025-09-04,2025-09-07,2025-09-07,13,Transport Delay
S008490,T008490,D011,A002,2026-08-23,2026-08-26,2026-08-27,19,None
S008491,T008491,D030,A009,2025-04-21,2025-04-23,2025-04-23,20,None
S008492,T008492,D001,A001,2025-08-03,2025-08-06,2025-08-06,9,None
S008493,T008493,D013,A004,2024-04-22,2024-04-25,2024-04-26,7,None
S008494,T008494,D040,A013,2026-06-03,2026-06-04,2026-06-05,36,None
S008495,T008495,D011,A002,2025-12-17,2025-12-20,2025-12-22,34,None
S008496,T008496,D040,A013,2024-08-28,2024-08-30,2024-08-30,16,None
S008497,T008497,D038,A013,2024-05-05,2024-05-08,2024-05-09,22,Transport Delay
S008498,T008498,D022,A005,2024-07-31,2024-08-01,2024-08-01,5,None
S008499,T008499,D010,A002,2025-04-25,2025-04-28,2025-04-29,21,None
S008500,T008500,D015,A004,2026-05-09,2026-05-10,2026-05-10,15,None
