transaction_id,customer_id,product_id,dealer_id,area_id,transaction_date,quantity,unit_price,sales_amount
T000001,C0719,P011,D016,A004,2026-04-17,5,42000.0,210000.0
T000002,C1815,P003,D040,A013,2024-03-15,3,120000.0,360000.0
T000003,C1412,P012,D028,A007,2026-06-29,1,31000.0,31000.0
T000004,C1135,P007,D019,A005,2024-01-09,4,85000.0,340000.0
T000005,C0297,P010,D006,A001,2026-02-25,6,22000.0,132000.0
T000006,C0297,P014,D005,A001,2026-08-05,6,28000.0,168000.0
T000007,C0106,P003,D002,A001,2024-11-11,3,120000.0,360000.0
T000008,C1668,P001,D034,A010,2025-07-07,6,45000.0,270000.0
T000009,C1136,P011,D020,A005,2024-07-25,5,42000.0,210000.0
T000010,C1363,P015,D027,A007,2026-03-01,6,49000.0,294000.0
T000011,C0034,P007,D001,A001,2025-03-30,14,80750.0,1130500.0
T000012,C1837,P008,D041,A013,2025-02-12,4,54000.0,216000.0
T000013,C1600,P002,D034,A010,2025-06-02,15,6175.0,92625.0
T000014,C0412,P004,D008,A002,2026-08-21,8,38000.0,304000.0
T000015,C0357,P007,D009,A002,2024-08-03,2,85000.0,170000.0
T000016,C0358,P008,D008,A002,2024-01-08,7,54000.0,378000.0
T000017,C0584,P005,D013,A004,2025-03-20,14,11875.0,166250.0
T000018,C1019,P011,D025,A005,2025-02-03,15,39900.0,598500.0
T000019,C0832,P015,D015,A004,2024-02-16,3,49000.0,147000.0
T000020,C0562,P003,D014,A004,2025-12-12,8,120000.0,960000.0
T000021,C1166,P012,D024,A005,2024-10-27,6,31000.0,186000.0
T000022,C0267,P003,D005,A001,2024-06-04,12,114000.0,1368000.0
T000023,C0566,P013,D014,A004,2024-01-31,8,95000.0,760000.0
T000024,C0706,P014,D015,A004,2025-09-28,6,28000.0,168000.0
T000025,C0884,P008,D013,A004,2026-01-22,14,51300.0,718200.0
T000026,C1517,P013,D031,A009,2024-06-10,2,95000.0,190000.0
T000027,C0386,P002,D008,A002,2025-05-02,8,6500.0,52000.0
T000028,C1003,P014,D023,A005,2026-04-08,11,26600.0,292600.0
T000029,C1124,P005,D020,A005,2024-11-26,11,11875.0,130625.0
T000030,C0075,P002,D004,A001,2025-05-19,12,6175.0,74100.0
T000031,C1162,P013,D020,A005,2024-08-18,11,90250.0,992750.0
T000032,C0327,P015,D008,A002,2024-09-12,4,49000.0,196000.0
T000033,C0112,P012,D004,A001,2025-11-15,10,29450.0,294500.0
T000034,C1813,P015,D039,A013,2024-12-01,7,49000.0,343000.0
T000035,C1832,P014,D038,A013,2026-02-04,15,26600.0,399000.0
T000036,C1560,P001,D031,A009,2025-10-11,1,45000.0,45000.0
T000037,C0585,P008,D016,A004,2026-05-28,6,54000.0,324000.0
T000038,C0181,P007,D004,A001,2024-08-07,8,85000.0,680000.0
T000039,C1311,P005,D028,A007,2024-12-11,15,11875.0,178125.0
T000040,C0850,P008,D018,A004,2024-04-08,11,51300.0,564300.0
T000041,C0228,P006,D004,A001,2025-10-19,1,18500.0,18500.0
T000042,C0965,P014,D013,A004,2024-05-03,9,28000.0,252000.0
T000043,C0055,P008,D004,A001,2025-07-20,2,54000.0,108000.0
T000044,C1749,P009,D037,A012,2024-05-25,14,8075.0,113050.0
T000045,C0497,P012,D012,A003,2025-06-22,10,29450.0,294500.0
T000046,C1265,P013,D026,A006,2025-07-06,4,95000.0,380000.0
T000047,C0607,P003,D013,A004,2025-11-27,3,120000.0,360000.0
T000048,C1015,P015,D025,A005,2026-01-03,3,49000.0,147000.0
T000049,C1053,P004,D021,A005,2024-02-20,7,38000.0,266000.0
T000050,C0360,P015,D011,A002,2025-04-24,6,49000.0,294000.0
T000051,C1837,P005,D040,A013,2024-08-01,15,11875.0,178125.0
T000052,C1494,P007,D031,A009,2024-05-27,8,85000.0,680000.0
T000053,C1795,P003,D041,A013,2025-02-04,10,114000.0,1140000.0
T000054,C1726,P005,D036,A011,2026-07-03,7,12500.0,87500.0
T000055,C1132,P003,D020,A005,2025-03-30,3,120000.0,360000.0
T000056,C1775,P002,D037,A012,2025-06-20,2,6500.0,13000.0
T000057,C0159,P005,D007,A001,2024-05-07,9,12500.0,112500.0
T000058,C0379,P013,D010,A002,2026-06-15,5,95000.0,475000.0
T000059,C0073,P008,D004,A001,2025-08-22,3,54000.0,162000.0
T000060,C0636,P005,D014,A004,2025-06-19,2,12500.0,25000.0
T000061,C0745,P014,D015,A004,2024-09-04,14,26600.0,372400.0
T000062,C0525,P007,D012,A003,2025-10-15,2,85000.0,170000.0
T000063,C1595,P005,D035,A010,2025-03-05,11,11875.0,130625.0
T000064,C0687,P012,D016,A004,2024-09-05,10,29450.0,294500.0
T000065,C0543,P002,D012,A003,2025-07-28,10,6175.0,61750.0
T000066,C1047,P011,D022,A005,2024-02-13,10,39900.0,399000.0
T000067,C0269,P002,D005,A001,2024-04-07,2,6500.0,13000.0
T000068,C1549,P010,D033,A009,2026-04-14,7,22000.0,154000.0
T000069,C0126,P008,D007,A001,2025-04-16,10,51300.0,513000.0
T000070,C1876,P011,D041,A013,2025-11-16,15,39900.0,598500.0
T000071,C1488,P006,D030,A009,2024-10-26,15,17575.0,263625.0
T000072,C0383,P015,D010,A002,2025-01-02,14,46550.0,651700.0
T000073,C0009,P013,D001,A001,2024-11-28,8,95000.0,760000.0
T000074,C1576,P003,D031,A009,2025-07-25,13,114000.0,1482000.0
T000075,C1360,P006,D027,A007,2026-05-14,8,18500.0,148000.0
T000076,C1403,P013,D027,A007,2024-11-20,14,90250.0,1263500.0
T000077,C1486,P007,D032,A009,2025-09-28,8,85000.0,680000.0
T000078,C0126,P014,D006,A001,2025-05-12,6,28000.0,168000.0
T000079,C0691,P003,D014,A004,2024-11-26,1,120000.0,120000.0
T000080,C0214,P012,D006,A001,2025-07-27,5,31000.0,155000.0
T000081,C1667,P002,D034,A010,2024-04-05,2,6500.0,13000.0
T000082,C1187,P005,D020,A005,2026-01-03,6,12500.0,75000.0
T000083,C0642,P002,D018,A004,2026-04-14,15,6175.0,92625.0
T000084,C0112,P004,D004,A001,2026-04-25,1,38000.0,38000.0
T000085,C0603,P001,D016,A004,2024-08-17,14,42750.0,598500.0
T000086,C0635,P008,D018,A004,2026-04-11,4,54000.0,216000.0
T000087,C1405,P014,D028,A007,2026-05-08,8,28000.0,224000.0
T000088,C1214,P003,D025,A005,2025-06-15,10,114000.0,1140000.0
T000089,C1705,P007,D036,A011,2025-12-24,13,80750.0,1049750.0
T000090,C0923,P006,D014,A004,2024-11-23,9,18500.0,166500.0
T000091,C0221,P014,D007,A001,2025-12-20,4,28000.0,112000.0
T000092,C1373,P013,D028,A007,2025-07-02,6,95000.0,570000.0
T000093,C1468,P006,D029,A008,2025-04-21,5,18500.0,92500.0
T000094,C1074,P008,D023,A005,2025-03-22,2,54000.0,108000.0
T000095,C1486,P001,D032,A009,2025-05-03,14,42750.0,598500.0
T000096,C0965,P012,D015,A004,2025-08-06,5,31000.0,155000.0
T000097,C1017,P012,D025,A005,2026-08-23,3,31000.0,93000.0
T000098,C0827,P012,D018,A004,2024-11-07,6,31000.0,186000.0
T000099,C0042,P007,D002,A001,2026-02-23,9,85000.0,765000.0
T000100,C0205,P010,D001,A001,2025-12-30,13,20900.0,271700.0
T000101,C0051,P010,D001,A001,2025-06-26,7,22000.0,154000.0
T000102,C1214,P010,D025,A005,2026-02-16,3,22000.0,66000.0
T000103,C0614,P002,D015,A004,2024-04-01,2,6500.0,13000.0
T000104,C0997,P007,D022,A005,2025-12-14,8,85000.0,680000.0
T000105,C1742,P006,D037,A012,2025-12-25,7,18500.0,129500.0
T000106,C0482,P004,D012,A003,2024-12-25,11,36100.0,397100.0
T000107,C0789,P009,D015,A004,2024-01-21,15,8075.0,121125.0
T000108,C1458,P006,D029,A008,2024-06-21,1,18500.0,18500.0
T000109,C0443,P001,D010,A002,2026-05-29,2,45000.0,90000.0
T000110,C0137,P009,D002,A001,2024-12-19,2,8500.0,17000.0
T000111,C0559,P003,D016,A004,2025-12-24,14,114000.0,1596000.0
T000112,C0309,P001,D005,A001,2024-02-09,15,42750.0,641250.0
T000113,C1784,P013,D040,A013,2026-08-15,5,95000.0,475000.0
T000114,C1559,P003,D030,A009,2025-05-24,4,120000.0,480000.0
T000115,C1207,P008,D024,A005,2025-07-15,14,51300.0,718200.0
T000116,C1678,P002,D036,A011,2024-09-09,6,6500.0,39000.0
T000117,C1551,P007,D030,A009,2025-01-01,1,85000.0,85000.0
T000118,C0362,P014,D008,A002,2026-05-18,9,28000.0,252000.0
T000119,C1715,P010,D036,A011,2026-02-14,9,22000.0,198000.0
T000120,C1039,P013,D020,A005,2024-10-26,11,90250.0,992750.0
T000121,C1559,P001,D033,A009,2024-04-16,6,45000.0,270000.0
T000122,C1727,P013,D036,A011,2026-02-28,11,90250.0,992750.0
T000123,C0623,P002,D015,A004,2026-07-02,10,6175.0,61750.0
T000124,C0207,P006,D006,A001,2024-02-19,9,18500.0,166500.0
T000125,C0440,P006,D008,A002,2026-04-23,14,17575.0,246050.0
T000126,C0826,P014,D014,A004,2025-06-04,6,28000.0,168000.0
T000127,C1578,P008,D031,A009,2026-07-02,4,54000.0,216000.0
T000128,C1657,P004,D034,A010,2024-02-16,15,36100.0,541500.0
T000129,C0011,P005,D001,A001,2026-07-15,4,12500.0,50000.0
T000130,C0999,P003,D022,A005,2026-04-26,4,120000.0,480000.0
T000131,C0802,P003,D017,A004,2024-09-09,10,114000.0,1140000.0
T000132,C0426,P010,D010,A002,2024-07-28,15,20900.0,313500.0
T000133,C0223,P001,D004,A001,2026-04-23,7,45000.0,315000.0
T000134,C0651,P013,D016,A004,2024-09-16,10,90250.0,902500.0
T000135,C1802,P013,D041,A013,2024-05-11,11,90250.0,992750.0
T000136,C0629,P003,D016,A004,2024-03-09,3,120000.0,360000.0
T000137,C1010,P011,D024,A005,2026-08-10,12,39900.0,478800.0
T000138,C1348,P010,D028,A007,2024-04-21,13,20900.0,271700.0
T000139,C0699,P009,D016,A004,2024-07-24,3,8500.0,25500.0
T000140,C1841,P002,D039,A013,2024-02-08,14,6175.0,86450.0
T000141,C1829,P002,D039,A013,2025-03-22,10,6175.0,61750.0
T000142,C0490,P013,D012,A003,2025-11-09,15,90250.0,1353750.0
T000143,C0977,P012,D021,A005,2024-02-14,10,29450.0,294500.0
T000144,C0578,P005,D014,A004,2024-12-24,8,12500.0,100000.0
T000145,C0549,P003,D015,A004,2025-06-01,2,120000.0,240000.0
T000146,C0058,P012,D004,A001,2024-01-26,14,29450.0,412300.0
T000147,C1163,P005,D023,A005,2024-06-13,3,12500.0,37500.0
T000148,C0989,P002,D022,A005,2025-06-14,9,6500.0,58500.0
T000149,C0093,P006,D003,A001,2024-02-09,3,18500.0,55500.0
T000150,C0536,P010,D012,A003,2026-04-13,7,22000.0,154000.0
T000151,C1743,P001,D037,A012,2024-01-21,11,42750.0,470250.0
T000152,C0464,P011,D012,A003,2025-04-05,15,39900.0,598500.0
T000153,C0278,P006,D006,A001,2025-04-10,8,18500.0,148000.0
T000154,C0958,P003,D015,A004,2025-10-14,12,114000.0,1368000.0
T000155,C1874,P015,D039,A013,2025-01-11,12,46550.0,558600.0
T000156,C0467,P008,D012,A003,2025-12-28,15,51300.0,769500.0
T000157,C1290,P011,D026,A006,2024-08-01,7,42000.0,294000.0
T000158,C1472,P008,D029,A008,2025-04-19,6,54000.0,324000.0
T000159,C0458,P009,D009,A002,2024-09-08,4,8500.0,34000.0
T000160,C1403,P012,D028,A007,2026-07-10,8,31000.0,248000.0
T000161,C0708,P005,D014,A004,2025-02-06,3,12500.0,37500.0
T000162,C1206,P015,D025,A005,2026-03-04,14,46550.0,651700.0
T000163,C1207,P009,D020,A005,2025-11-06,7,8500.0,59500.0
T000164,C1032,P004,D022,A005,2025-08-04,11,36100.0,397100.0
T000165,C0161,P013,D002,A001,2025-10-18,7,95000.0,665000.0
T000166,C1607,P006,D035,A010,2024-09-08,14,17575.0,246050.0
T000167,C0626,P015,D017,A004,2025-06-27,12,46550.0,558600.0
T000168,C0362,P002,D008,A002,2024-01-22,1,6500.0,6500.0
T000169,C0067,P015,D003,A001,2024-07-26,12,46550.0,558600.0
T000170,C1123,P006,D023,A005,2026-07-20,6,18500.0,111000.0
T000171,C1300,P012,D026,A006,2024-10-23,5,31000.0,155000.0
T000172,C0026,P003,D002,A001,2025-03-01,2,120000.0,240000.0
T000173,C1001,P009,D024,A005,2025-04-25,12,8075.0,96900.0
T000174,C0437,P002,D009,A002,2026-07-20,8,6500.0,52000.0
T000175,C1230,P008,D022,A005,2025-05-03,3,54000.0,162000.0
T000176,C0341,P008,D009,A002,2025-04-03,15,51300.0,769500.0
T000177,C1322,P015,D028,A007,2024-03-28,15,46550.0,698250.0
T000178,C0742,P011,D016,A004,2026-07-27,3,42000.0,126000.0
T000179,C1794,P004,D040,A013,2024-10-26,12,36100.0,433200.0
T000180,C0265,P015,D005,A001,2025-03-03,3,49000.0,147000.0
T000181,C0660,P009,D013,A004,2025-05-16,6,8500.0,51000.0
T000182,C0211,P005,D004,A001,2025-03-19,6,12500.0,75000.0
T000183,C1777,P011,D038,A013,2024-12-06,9,42000.0,378000.0
T000184,C1685,P010,D036,A011,2024-11-05,7,22000.0,154000.0
T000185,C0497,P012,D012,A003,2025-12-14,7,31000.0,217000.0
T000186,C1257,P013,D026,A006,2025-02-20,12,90250.0,1083000.0
T000187,C1577,P009,D031,A009,2025-05-15,5,8500.0,42500.0
T000188,C1062,P002,D025,A005,2025-11-13,15,6175.0,92625.0
T000189,C1026,P013,D020,A005,2026-04-05,13,90250.0,1173250.0
T000190,C0467,P003,D012,A003,2026-03-08,2,120000.0,240000.0
T000191,C0167,P006,D007,A001,2026-07-19,10,17575.0,175750.0
T000192,C1727,P008,D036,A011,2026-03-15,11,51300.0,564300.0
T000193,C1733,P004,D037,A012,2024-07-09,2,38000.0,76000.0
T000194,C1207,P011,D020,A005,2024-08-03,1,42000.0,42000.0
T000195,C0652,P004,D016,A004,2026-04-17,4,38000.0,152000.0
T000196,C0671,P008,D015,A004,2026-01-19,11,51300.0,564300.0
T000197,C1395,P009,D027,A007,2024-03-22,3,8500.0,25500.0
T000198,C1727,P004,D036,A011,2025-12-20,13,36100.0,469300.0
T000199,C1702,P004,D036,A011,2025-02-08,11,36100.0,397100.0
T000200,C1503,P005,D031,A009,2025-03-12,5,12500.0,62500.0
T000201,C1224,P015,D024,A005,2024-09-14,5,49000.0,245000.0
T000202,C0152,P015,D006,A001,2024-03-02,10,46550.0,465500.0
T000203,C0309,P008,D001,A001,2026-02-01,11,51300.0,564300.0
T000204,C1731,P006,D037,A012,2025-08-05,5,18500.0,92500.0
T000205,C1154,P013,D022,A005,2025-01-14,8,95000.0,760000.0
T000206,C0013,P012,D002,A001,2024-08-21,10,29450.0,294500.0
T000207,C0190,P015,D004,A001,2024-11-28,15,46550.0,698250.0
T000208,C1265,P003,D026,A006,2026-01-25,13,114000.0,1482000.0
T000209,C0007,P013,D003,A001,2025-01-25,14,90250.0,1263500.0
T000210,C0309,P013,D007,A001,2025-11-08,15,90250.0,1353750.0
T000211,C1055,P001,D022,A005,2025-04-28,3,45000.0,135000.0
T000212,C1323,P003,D028,A007,2026-04-29,14,114000.0,1596000.0
T000213,C1243,P012,D022,A005,2025-03-19,7,31000.0,217000.0
T000214,C0431,P002,D008,A002,2024-11-27,12,6175.0,74100.0
T000215,C1373,P008,D027,A007,2025-03-02,8,54000.0,432000.0
T000216,C0457,P011,D010,A002,2025-12-01,10,39900.0,399000.0
T000217,C0636,P005,D015,A004,2026-01-12,6,12500.0,75000.0
T000218,C1438,P008,D029,A008,2024-01-19,8,54000.0,432000.0
T000219,C1240,P012,D020,A005,2026-07-20,14,29450.0,412300.0
T000220,C1635,P013,D035,A010,2025-07-22,6,95000.0,570000.0
T000221,C1254,P003,D026,A006,2026-03-11,11,114000.0,1254000.0
T000222,C1090,P010,D020,A005,2026-04-12,14,20900.0,292600.0
T000223,C0170,P006,D005,A001,2026-06-20,2,18500.0,37000.0
T000224,C0707,P009,D016,A004,2025-04-18,10,8075.0,80750.0
T000225,C0515,P004,D012,A003,2025-12-29,3,38000.0,114000.0
T000226,C0472,P004,D012,A003,2024-12-01,6,38000.0,228000.0
T000227,C1844,P006,D041,A013,2024-11-17,10,17575.0,175750.0
T000228,C0749,P015,D017,A004,2025-09-11,2,49000.0,98000.0
T000229,C1714,P009,D036,A011,2024-09-11,13,8075.0,104975.0
T000230,C1206,P004,D020,A005,2024-10-30,1,38000.0,38000.0
T000231,C1531,P006,D033,A009,2026-03-05,15,17575.0,263625.0
T000232,C0989,P010,D022,A005,2026-02-15,6,22000.0,132000.0
T000233,C1100,P012,D023,A005,2025-04-09,5,31000.0,155000.0
T000234,C0964,P002,D013,A004,2026-06-07,6,6500.0,39000.0
T000235,C0376,P012,D011,A002,2025-07-17,1,31000.0,31000.0
T000236,C1390,P006,D027,A007,2025-10-21,5,18500.0,92500.0
T000237,C0543,P009,D012,A003,2026-01-10,12,8075.0,96900.0
T000238,C0041,P003,D002,A001,2024-04-14,9,120000.0,1080000.0
T000239,C1231,P006,D021,A005,2024-12-12,2,18500.0,37000.0
T000240,C0345,P009,D008,A002,2025-06-21,7,8500.0,59500.0
T000241,C1799,P014,D038,A013,2026-04-13,4,28000.0,112000.0
T000242,C1817,P005,D039,A013,2024-09-02,1,12500.0,12500.0
T000243,C1755,P014,D037,A012,2025-05-05,1,28000.0,28000.0
T000244,C0713,P014,D014,A004,2025-05-27,6,28000.0,168000.0
T000245,C0026,P001,D005,A001,2026-02-22,5,45000.0,225000.0
T000246,C1783,P009,D038,A013,2024-02-11,4,8500.0,34000.0
T000247,C0828,P001,D015,A004,2025-12-19,2,45000.0,90000.0
T000248,C1834,P003,D041,A013,2024-08-05,3,120000.0,360000.0
T000249,C1830,P005,D040,A013,2025-07-23,6,12500.0,75000.0
T000250,C1638,P005,D035,A010,2024-07-19,6,12500.0,75000.0
T000251,C0569,P001,D016,A004,2025-09-09,11,42750.0,470250.0
T000252,C0735,P002,D013,A004,2025-01-31,13,6175.0,80275.0
T000253,C1637,P013,D035,A010,2026-05-02,12,90250.0,1083000.0
T000254,C0623,P006,D016,A004,2024-02-25,11,17575.0,193325.0
T000255,C0324,P005,D009,A002,2025-06-07,1,12500.0,12500.0
T000256,C1065,P004,D022,A005,2026-08-27,12,36100.0,433200.0
T000257,C1791,P010,D039,A013,2026-07-31,8,22000.0,176000.0
T000258,C1333,P011,D027,A007,2024-03-20,10,39900.0,399000.0
T000259,C1091,P014,D019,A005,2026-08-27,5,28000.0,140000.0
T000260,C0181,P003,D001,A001,2024-02-24,6,120000.0,720000.0
T000261,C1176,P006,D019,A005,2024-10-13,7,18500.0,129500.0
T000262,C1882,P002,D040,A013,2024-05-25,5,6500.0,32500.0
T000263,C0268,P011,D006,A001,2025-11-29,13,39900.0,518700.0
T000264,C1009,P001,D019,A005,2024-03-29,12,42750.0,513000.0
T000265,C1685,P009,D036,A011,2024-10-03,1,8500.0,8500.0
T000266,C1423,P003,D029,A008,2024-03-07,7,120000.0,840000.0
T000267,C1334,P014,D028,A007,2025-02-26,3,28000.0,84000.0
T000268,C1348,P013,D028,A007,2025-12-27,5,95000.0,475000.0
T000269,C0692,P005,D014,A004,2024-08-28,12,11875.0,142500.0
T000270,C0569,P010,D016,A004,2025-07-26,12,20900.0,250800.0
T000271,C1563,P001,D032,A009,2025-01-07,2,45000.0,90000.0
T000272,C1564,P006,D032,A009,2026-01-13,9,18500.0,166500.0
T000273,C1671,P007,D036,A011,2025-08-17,7,85000.0,595000.0
T000274,C1754,P003,D037,A012,2025-11-22,9,120000.0,1080000.0
T000275,C1000,P005,D020,A005,2024-12-06,15,11875.0,178125.0
T000276,C0989,P014,D024,A005,2024-06-17,15,26600.0,399000.0
T000277,C1538,P011,D031,A009,2025-09-05,6,42000.0,252000.0
T000278,C1242,P013,D023,A005,2024-05-22,14,90250.0,1263500.0
T000279,C1345,P007,D027,A007,2025-05-28,9,85000.0,765000.0
T000280,C1535,P015,D031,A009,2026-01-27,4,49000.0,196000.0
T000281,C1708,P006,D036,A011,2025-07-15,15,17575.0,263625.0
T000282,C0651,P006,D018,A004,2025-02-21,12,17575.0,210900.0
T000283,C0721,P014,D018,A004,2026-07-05,13,26600.0,345800.0
T000284,C0171,P009,D007,A001,2024-04-20,8,8500.0,68000.0
T000285,C1100,P004,D025,A005,2025-02-19,5,38000.0,190000.0
T000286,C0057,P004,D001,A001,2024-01-17,1,38000.0,38000.0
T000287,C0912,P011,D013,A004,2024-03-09,5,42000.0,210000.0
T000288,C1047,P011,D022,A005,2024-01-11,12,39900.0,478800.0
T000289,C0552,P005,D016,A004,2025-09-26,10,11875.0,118750.0
T000290,C1123,P008,D019,A005,2025-05-26,6,54000.0,324000.0
T000291,C0050,P013,D004,A001,2026-02-09,9,95000.0,855000.0
T000292,C0058,P006,D006,A001,2025-05-17,1,18500.0,18500.0
T000293,C1587,P002,D033,A009,2024-09-15,9,6500.0,58500.0
T000294,C0693,P011,D013,A004,2025-04-10,7,42000.0,294000.0
T000295,C0245,P001,D003,A001,2024-11-13,9,45000.0,405000.0
T000296,C1017,P002,D019,A005,2025-12-01,3,6500.0,19500.0
T000297,C1483,P009,D033,A009,2024-03-11,9,8500.0,76500.0
T000298,C0415,P013,D008,A002,2024-09-16,10,90250.0,902500.0
T000299,C1184,P008,D021,A005,2026-05-24,3,54000.0,162000.0
T000300,C0152,P011,D002,A001,2026-05-07,2,42000.0,84000.0
T000301,C0093,P013,D006,A001,2026-04-06,11,90250.0,992750.0
T000302,C1027,P004,D021,A005,2026-06-05,11,36100.0,397100.0
T000303,C1041,P013,D024,A005,2026-08-28,15,90250.0,1353750.0
T000304,C1214,P010,D023,A005,2024-01-25,8,22000.0,176000.0
T000305,C1395,P012,D028,A007,2025-10-12,9,31000.0,279000.0
T000306,C1851,P009,D041,A013,2024-03-09,2,8500.0,17000.0
T000307,C1005,P007,D023,A005,2026-07-30,4,85000.0,340000.0
T000308,C0629,P003,D018,A004,2024-07-20,8,120000.0,960000.0
T000309,C1533,P008,D030,A009,2026-03-19,11,51300.0,564300.0
T000310,C0523,P004,D012,A003,2024-05-30,5,38000.0,190000.0
T000311,C0849,P001,D017,A004,2026-03-18,1,45000.0,45000.0
T000312,C0144,P001,D003,A001,2026-06-20,13,42750.0,555750.0
T000313,C0042,P013,D002,A001,2024-07-12,11,90250.0,992750.0
T000314,C1829,P007,D038,A013,2024-05-29,11,80750.0,888250.0
T000315,C1607,P002,D035,A010,2025-06-09,2,6500.0,13000.0
T000316,C1333,P014,D028,A007,2026-08-18,4,28000.0,112000.0
T000317,C0782,P014,D015,A004,2026-03-10,7,28000.0,196000.0
T000318,C0339,P007,D011,A002,2025-09-12,14,80750.0,1130500.0
T000319,C0298,P013,D005,A001,2026-06-29,7,95000.0,665000.0
T000320,C0485,P010,D012,A003,2025-05-24,13,20900.0,271700.0
T000321,C1055,P009,D019,A005,2025-12-22,15,8075.0,121125.0
T000322,C1374,P007,D028,A007,2025-04-20,11,80750.0,888250.0
T000323,C1259,P015,D026,A006,2026-05-25,8,49000.0,392000.0
T000324,C0543,P012,D012,A003,2025-04-25,6,31000.0,186000.0
T000325,C1818,P010,D038,A013,2024-09-14,11,20900.0,229900.0
T000326,C1421,P004,D029,A008,2026-08-07,15,36100.0,541500.0
T000327,C1062,P005,D020,A005,2026-04-25,6,12500.0,75000.0
T000328,C1166,P007,D024,A005,2025-11-05,4,85000.0,340000.0
T000329,C0805,P012,D015,A004,2024-07-13,11,29450.0,323950.0
T000330,C0479,P004,D012,A003,2025-08-18,9,38000.0,342000.0
T000331,C0684,P011,D014,A004,2024-07-29,10,39900.0,399000.0
T000332,C1463,P013,D029,A008,2025-01-18,4,95000.0,380000.0
T000333,C0024,P008,D005,A001,2024-12-15,3,54000.0,162000.0
T000334,C0215,P007,D007,A001,2025-07-17,7,85000.0,595000.0
T000335,C0075,P015,D004,A001,2025-04-10,15,46550.0,698250.0
T000336,C0066,P007,D002,A001,2024-09-29,1,85000.0,85000.0
T000337,C1646,P008,D035,A010,2025-01-31,6,54000.0,324000.0
T000338,C1349,P013,D027,A007,2024-02-12,14,90250.0,1263500.0
T000339,C0926,P003,D013,A004,2026-08-05,12,114000.0,1368000.0
T000340,C0181,P010,D001,A001,2024-01-11,2,22000.0,44000.0
T000341,C0964,P007,D014,A004,2024-08-24,4,85000.0,340000.0
T000342,C0926,P009,D015,A004,2026-05-10,4,8500.0,34000.0
T000343,C0339,P004,D009,A002,2026-04-05,14,36100.0,505400.0
T000344,C0839,P003,D013,A004,2025-08-07,12,114000.0,1368000.0
T000345,C0762,P002,D013,A004,2024-09-09,14,6175.0,86450.0
T000346,C1176,P015,D020,A005,2026-07-28,4,49000.0,196000.0
T000347,C1213,P007,D023,A005,2026-05-31,10,80750.0,807500.0
T000348,C0073,P002,D004,A001,2025-12-30,8,6500.0,52000.0
T000349,C0719,P010,D016,A004,2024-01-24,9,22000.0,198000.0
T000350,C1188,P013,D023,A005,2024-12-16,6,95000.0,570000.0
T000351,C0989,P008,D023,A005,2024-07-29,6,54000.0,324000.0
T000352,C1648,P011,D035,A010,2024-06-21,13,39900.0,518700.0
T000353,C1254,P005,D026,A006,2026-01-02,5,12500.0,62500.0
T000354,C0311,P001,D009,A002,2025-10-22,12,42750.0,513000.0
T000355,C0123,P006,D003,A001,2025-01-25,1,18500.0,18500.0
T000356,C1225,P002,D022,A005,2024-09-18,6,6500.0,39000.0
T000357,C0046,P008,D002,A001,2024-06-21,4,54000.0,216000.0
T000358,C1116,P004,D025,A005,2024-02-07,7,38000.0,266000.0
T000359,C1799,P015,D039,A013,2024-04-04,10,46550.0,465500.0
T000360,C1098,P015,D021,A005,2025-04-08,3,49000.0,147000.0
T000361,C0744,P015,D014,A004,2024-08-22,7,49000.0,343000.0
T000362,C1227,P002,D023,A005,2024-02-23,10,6175.0,61750.0
T000363,C0891,P012,D014,A004,2024-10-22,9,31000.0,279000.0
T000364,C1052,P001,D025,A005,2024-07-19,10,42750.0,427500.0
T000365,C1801,P014,D039,A013,2025-06-30,2,28000.0,56000.0
T000366,C0737,P003,D017,A004,2026-08-12,3,120000.0,360000.0
T000367,C1829,P013,D040,A013,2025-06-09,14,90250.0,1263500.0
T000368,C1738,P003,D037,A012,2025-04-25,3,120000.0,360000.0
T000369,C0377,P010,D010,A002,2025-04-18,4,22000.0,88000.0
T000370,C0122,P003,D006,A001,2025-09-12,13,114000.0,1482000.0
T000371,C0187,P005,D004,A001,2025-06-25,13,11875.0,154375.0
T000372,C0029,P012,D004,A001,2026-06-29,9,31000.0,279000.0
T000373,C0171,P010,D005,A001,2026-01-05,14,20900.0,292600.0
T000374,C1308,P007,D026,A006,2025-05-30,14,80750.0,1130500.0
T000375,C0124,P010,D003,A001,2026-05-12,5,22000.0,110000.0
T000376,C0624,P005,D015,A004,2024-01-25,6,12500.0,75000.0
T000377,C1627,P013,D034,A010,2025-04-05,14,90250.0,1263500.0
T000378,C0041,P013,D003,A001,2025-02-09,4,95000.0,380000.0
T000379,C1573,P005,D033,A009,2025-02-12,8,12500.0,100000.0
T000380,C0545,P007,D012,A003,2024-09-08,3,85000.0,255000.0
T000381,C0216,P006,D004,A001,2026-07-20,7,18500.0,129500.0
T000382,C1334,P006,D028,A007,2024-02-11,15,17575.0,263625.0
T000383,C1203,P015,D023,A005,2024-06-18,1,49000.0,49000.0
T000384,C1685,P001,D036,A011,2025-06-05,4,45000.0,180000.0
T000385,C1415,P006,D028,A007,2024-12-21,10,17575.0,175750.0
T000386,C1551,P010,D030,A009,2026-06-23,8,22000.0,176000.0
T000387,C0546,P013,D017,A004,2026-01-16,12,90250.0,1083000.0
T000388,C0346,P007,D010,A002,2025-11-07,12,80750.0,969000.0
T000389,C1446,P003,D029,A008,2024-04-05,10,114000.0,1140000.0
T000390,C1559,P005,D030,A009,2024-05-16,4,12500.0,50000.0
T000391,C1883,P015,D039,A013,2025-03-13,9,49000.0,441000.0
T000392,C0797,P002,D014,A004,2026-05-29,1,6500.0,6500.0
T000393,C0716,P008,D014,A004,2026-08-05,11,51300.0,564300.0
T000394,C1496,P015,D032,A009,2025-09-23,12,46550.0,558600.0
T000395,C0660,P009,D018,A004,2024-12-04,11,8075.0,88825.0
T000396,C1785,P014,D040,A013,2026-04-05,10,26600.0,266000.0
T000397,C1649,P005,D035,A010,2026-08-20,9,12500.0,112500.0
T000398,C0828,P001,D017,A004,2024-11-03,13,42750.0,555750.0
T000399,C1447,P014,D029,A008,2026-06-20,4,28000.0,112000.0
T000400,C1455,P009,D029,A008,2025-02-26,12,8075.0,96900.0
T000401,C0197,P004,D002,A001,2025-09-30,8,38000.0,304000.0
T000402,C1734,P001,D037,A012,2025-02-19,14,42750.0,598500.0
T000403,C0991,P006,D021,A005,2024-05-01,5,18500.0,92500.0
T000404,C1592,P007,D034,A010,2025-02-19,7,85000.0,595000.0
T000405,C0625,P006,D014,A004,2025-09-04,6,18500.0,111000.0
T000406,C1727,P002,D036,A011,2024-06-02,9,6500.0,58500.0
T000407,C0746,P013,D018,A004,2025-10-25,3,95000.0,285000.0
T000408,C0017,P005,D007,A001,2025-01-10,11,11875.0,130625.0
T000409,C1738,P010,D037,A012,2024-02-11,3,22000.0,66000.0
T000410,C0163,P002,D001,A001,2025-09-21,1,6500.0,6500.0
T000411,C0625,P008,D013,A004,2024-09-30,10,51300.0,513000.0
T000412,C1815,P010,D040,A013,2024-05-21,2,22000.0,44000.0
T000413,C1815,P013,D038,A013,2025-05-23,10,90250.0,902500.0
T000414,C1096,P006,D024,A005,2024-06-15,12,17575.0,210900.0
T000415,C1206,P005,D021,A005,2025-10-31,12,11875.0,142500.0
T000416,C0870,P014,D015,A004,2025-11-13,6,28000.0,168000.0
T000417,C0566,P001,D013,A004,2024-03-01,10,42750.0,427500.0
T000418,C0640,P012,D013,A004,2024-10-16,13,29450.0,382850.0
T000419,C1292,P008,D026,A006,2025-02-23,2,54000.0,108000.0
T000420,C1449,P010,D029,A008,2026-08-17,12,20900.0,250800.0
T000421,C1527,P003,D033,A009,2024-07-15,6,120000.0,720000.0
T000422,C1525,P014,D033,A009,2025-04-19,11,26600.0,292600.0
T000423,C0163,P014,D003,A001,2026-02-02,12,26600.0,319200.0
T000424,C0965,P014,D018,A004,2024-07-07,1,28000.0,28000.0
T000425,C0106,P015,D003,A001,2024-05-31,1,49000.0,49000.0
T000426,C1055,P005,D020,A005,2026-01-08,3,12500.0,37500.0
T000427,C0851,P012,D015,A004,2026-03-30,10,29450.0,294500.0
T000428,C1706,P014,D036,A011,2024-08-04,3,28000.0,84000.0
T000429,C0676,P005,D017,A004,2025-02-04,15,11875.0,178125.0
T000430,C0216,P004,D004,A001,2026-02-27,12,36100.0,433200.0
T000431,C0274,P005,D005,A001,2026-02-12,8,12500.0,100000.0
T000432,C1472,P011,D029,A008,2025-04-30,14,39900.0,558600.0
T000433,C1181,P015,D021,A005,2026-05-04,10,46550.0,465500.0
T000434,C0188,P014,D001,A001,2026-04-16,4,28000.0,112000.0
T000435,C0152,P001,D005,A001,2024-08-22,1,45000.0,45000.0
T000436,C1339,P001,D028,A007,2024-02-18,2,45000.0,90000.0
T000437,C0124,P001,D005,A001,2026-06-08,12,42750.0,513000.0
T000438,C1584,P001,D033,A009,2025-08-17,4,45000.0,180000.0
T000439,C1356,P014,D027,A007,2026-08-05,7,28000.0,196000.0
T000440,C0149,P004,D001,A001,2025-12-02,7,38000.0,266000.0
T000441,C0152,P001,D001,A001,2024-05-12,15,42750.0,641250.0
T000442,C1876,P011,D040,A013,2025-03-01,3,42000.0,126000.0
T000443,C0718,P013,D015,A004,2024-11-12,9,95000.0,855000.0
T000444,C0713,P003,D013,A004,2026-05-23,15,114000.0,1710000.0
T000445,C1570,P013,D032,A009,2024-07-02,2,95000.0,190000.0
T000446,C1812,P013,D041,A013,2025-06-07,2,95000.0,190000.0
T000447,C1875,P006,D038,A013,2024-12-27,3,18500.0,55500.0
T000448,C1451,P012,D029,A008,2026-07-21,15,29450.0,441750.0
T000449,C0723,P002,D014,A004,2024-05-29,6,6500.0,39000.0
T000450,C0150,P008,D007,A001,2025-10-08,6,54000.0,324000.0
T000451,C1497,P007,D030,A009,2026-04-06,9,85000.0,765000.0
T000452,C1071,P008,D025,A005,2025-08-23,12,51300.0,615600.0
T000453,C0815,P011,D016,A004,2025-07-24,13,39900.0,518700.0
T000454,C1741,P015,D037,A012,2024-02-07,8,49000.0,392000.0
T000455,C0207,P011,D003,A001,2025-10-26,6,42000.0,252000.0
T000456,C0964,P014,D016,A004,2024-03-28,3,28000.0,84000.0
T000457,C0017,P010,D002,A001,2025-04-29,8,22000.0,176000.0
T000458,C0920,P002,D017,A004,2026-04-10,1,6500.0,6500.0
T000459,C0101,P007,D003,A001,2024-02-09,14,80750.0,1130500.0
T000460,C0220,P003,D006,A001,2024-09-21,14,114000.0,1596000.0
T000461,C0216,P007,D001,A001,2025-06-27,6,85000.0,510000.0
T000462,C1237,P001,D019,A005,2024-10-18,6,45000.0,270000.0
T000463,C1437,P009,D029,A008,2025-01-06,2,8500.0,17000.0
T000464,C1106,P015,D019,A005,2024-07-06,10,46550.0,465500.0
T000465,C1829,P005,D040,A013,2026-05-11,13,11875.0,154375.0
T000466,C0720,P009,D017,A004,2026-06-10,12,8075.0,96900.0
T000467,C0549,P002,D016,A004,2026-02-09,15,6175.0,92625.0
T000468,C1673,P011,D036,A011,2024-10-02,12,39900.0,478800.0
T000469,C0430,P010,D008,A002,2024-04-19,15,20900.0,313500.0
T000470,C1830,P002,D040,A013,2024-06-11,10,6175.0,61750.0
T000471,C0021,P003,D002,A001,2025-10-26,15,114000.0,1710000.0
T000472,C1837,P001,D041,A013,2024-08-11,12,42750.0,513000.0
T000473,C0070,P014,D006,A001,2025-06-05,4,28000.0,112000.0
T000474,C1712,P010,D036,A011,2025-05-19,9,22000.0,198000.0
T000475,C1024,P007,D020,A005,2026-04-24,9,85000.0,765000.0
T000476,C1885,P007,D040,A013,2024-10-02,4,85000.0,340000.0
T000477,C0126,P005,D006,A001,2025-09-11,8,12500.0,100000.0
T000478,C1062,P012,D021,A005,2025-12-08,3,31000.0,93000.0
T000479,C1837,P011,D039,A013,2024-05-15,12,39900.0,478800.0
T000480,C1017,P012,D019,A005,2025-12-01,7,31000.0,217000.0
T000481,C1203,P010,D019,A005,2025-10-29,4,22000.0,88000.0
T000482,C1331,P002,D028,A007,2024-07-30,8,6500.0,52000.0
T000483,C0883,P014,D015,A004,2024-11-28,7,28000.0,196000.0
T000484,C1197,P011,D020,A005,2026-05-28,11,39900.0,438900.0
T000485,C1109,P011,D025,A005,2026-08-27,11,39900.0,438900.0
T000486,C1733,P005,D037,A012,2025-03-19,8,12500.0,100000.0
T000487,C0074,P009,D003,A001,2024-07-27,7,8500.0,59500.0
T000488,C0543,P003,D012,A003,2026-02-26,1,120000.0,120000.0
T000489,C1815,P008,D040,A013,2024-11-06,11,51300.0,564300.0
T000490,C1708,P014,D036,A011,2025-02-03,5,28000.0,140000.0
T000491,C0884,P001,D014,A004,2025-10-22,8,45000.0,360000.0
T000492,C1182,P015,D020,A005,2024-04-22,5,49000.0,245000.0
T000493,C0536,P005,D012,A003,2026-02-03,7,12500.0,87500.0
T000494,C0365,P015,D010,A002,2024-09-15,13,46550.0,605150.0
T000495,C0903,P014,D017,A004,2025-08-11,13,26600.0,345800.0
T000496,C0680,P009,D013,A004,2024-06-01,1,8500.0,8500.0
T000497,C1107,P010,D021,A005,2024-01-02,8,22000.0,176000.0
T000498,C0141,P013,D004,A001,2024-09-14,12,90250.0,1083000.0
T000499,C1845,P014,D040,A013,2024-04-08,7,28000.0,196000.0
T000500,C1875,P014,D040,A013,2024-12-31,8,28000.0,224000.0
T000501,C1334,P009,D027,A007,2025-12-07,2,8500.0,17000.0
T000502,C1032,P014,D019,A005,2024-07-28,8,28000.0,224000.0
T000503,C0599,P011,D017,A004,2025-03-27,12,39900.0,478800.0
T000504,C1572,P002,D030,A009,2024-09-19,1,6500.0,6500.0
T000505,C1311,P015,D028,A007,2026-07-03,4,49000.0,196000.0
T000506,C0311,P002,D010,A002,2026-03-21,10,6175.0,61750.0
T000507,C1751,P008,D037,A012,2025-07-08,3,54000.0,162000.0
T000508,C1587,P014,D033,A009,2026-04-16,4,28000.0,112000.0
T000509,C1814,P010,D039,A013,2026-08-05,10,20900.0,209000.0
T000510,C1394,P006,D028,A007,2025-07-23,12,17575.0,210900.0
T000511,C1168,P010,D019,A005,2025-11-14,5,22000.0,110000.0
T000512,C0803,P001,D018,A004,2024-07-02,4,45000.0,180000.0
T000513,C1786,P011,D041,A013,2024-08-19,10,39900.0,399000.0
T000514,C1668,P004,D035,A010,2025-10-04,13,36100.0,469300.0
T000515,C0073,P002,D007,A001,2026-07-11,3,6500.0,19500.0
T000516,C0046,P009,D002,A001,2025-12-01,14,8075.0,113050.0
T000517,C0723,P002,D014,A004,2025-03-01,2,6500.0,13000.0
T000518,C1568,P012,D032,A009,2026-06-26,8,31000.0,248000.0
T000519,C1876,P010,D039,A013,2025-04-04,7,22000.0,154000.0
T000520,C0287,P005,D005,A001,2024-08-07,15,11875.0,178125.0
T000521,C1128,P007,D021,A005,2025-01-19,13,80750.0,1049750.0
T000522,C0729,P002,D018,A004,2024-05-09,15,6175.0,92625.0
T000523,C1837,P014,D038,A013,2025-07-27,8,28000.0,224000.0
T000524,C1616,P014,D034,A010,2024-02-24,9,28000.0,252000.0
T000525,C1611,P004,D034,A010,2025-06-04,14,36100.0,505400.0
T000526,C0920,P009,D013,A004,2024-12-13,9,8500.0,76500.0
T000527,C0798,P003,D014,A004,2024-02-15,7,120000.0,840000.0
T000528,C0529,P013,D012,A003,2025-12-16,11,90250.0,992750.0
T000529,C0101,P007,D006,A001,2025-10-11,9,85000.0,765000.0
T000530,C1668,P011,D035,A010,2026-05-17,6,42000.0,252000.0
T000531,C1570,P013,D030,A009,2026-06-02,13,90250.0,1173250.0
T000532,C1900,P012,D038,A013,2024-03-25,12,29450.0,353400.0
T000533,C1893,P015,D040,A013,2024-02-28,13,46550.0,605150.0
T000534,C1062,P003,D021,A005,2024-11-16,7,120000.0,840000.0
T000535,C1481,P005,D032,A009,2024-09-24,3,12500.0,37500.0
T000536,C1803,P010,D041,A013,2024-10-21,8,22000.0,176000.0
T000537,C1636,P014,D035,A010,2025-05-28,10,26600.0,266000.0
T000538,C0478,P007,D012,A003,2024-01-27,1,85000.0,85000.0
T000539,C0877,P004,D016,A004,2024-12-19,11,36100.0,397100.0
T000540,C0248,P009,D002,A001,2025-02-18,7,8500.0,59500.0
T000541,C1817,P005,D039,A013,2024-11-25,6,12500.0,75000.0
T000542,C1154,P013,D023,A005,2025-01-19,12,90250.0,1083000.0
T000543,C0443,P001,D011,A002,2024-07-31,4,45000.0,180000.0
T000544,C1289,P010,D026,A006,2026-03-16,1,22000.0,22000.0
T000545,C1181,P015,D023,A005,2024-07-08,3,49000.0,147000.0
T000546,C0691,P002,D016,A004,2024-09-15,14,6175.0,86450.0
T000547,C0212,P012,D001,A001,2024-09-24,11,29450.0,323950.0
T000548,C1289,P009,D026,A006,2025-05-25,15,8075.0,121125.0
T000549,C1016,P004,D023,A005,2025-10-25,2,38000.0,76000.0
T000550,C1488,P003,D033,A009,2025-09-25,11,114000.0,1254000.0
T000551,C1016,P011,D024,A005,2026-01-18,5,42000.0,210000.0
T000552,C1637,P007,D034,A010,2025-01-12,12,80750.0,969000.0
T000553,C1059,P005,D025,A005,2024-09-14,2,12500.0,25000.0
T000554,C1073,P011,D022,A005,2024-06-09,6,42000.0,252000.0
T000555,C1683,P003,D036,A011,2026-03-18,4,120000.0,480000.0
T000556,C0768,P003,D015,A004,2024-07-15,14,114000.0,1596000.0
T000557,C0260,P005,D004,A001,2026-03-22,5,12500.0,62500.0
T000558,C0049,P015,D001,A001,2026-03-01,4,49000.0,196000.0
T000559,C1456,P009,D029,A008,2026-04-30,5,8500.0,42500.0
T000560,C1183,P014,D024,A005,2024-03-04,11,26600.0,292600.0
T000561,C1352,P001,D028,A007,2024-09-01,4,45000.0,180000.0
T000562,C0413,P004,D010,A002,2025-08-24,6,38000.0,228000.0
T000563,C0265,P003,D007,A001,2024-04-14,2,120000.0,240000.0
T000564,C0024,P012,D007,A001,2024-05-06,9,31000.0,279000.0
T000565,C0676,P002,D018,A004,2025-11-26,4,6500.0,26000.0
T000566,C1121,P004,D019,A005,2026-06-22,7,38000.0,266000.0
T000567,C0748,P010,D017,A004,2025-05-23,13,20900.0,271700.0
T000568,C0849,P009,D016,A004,2026-03-08,9,8500.0,76500.0
T000569,C1737,P015,D037,A012,2024-08-01,14,46550.0,651700.0
T000570,C0671,P006,D016,A004,2024-04-24,9,18500.0,166500.0
T000571,C1003,P004,D024,A005,2025-01-21,6,38000.0,228000.0
T000572,C1512,P005,D030,A009,2026-01-12,15,11875.0,178125.0
T000573,C0757,P007,D015,A004,2025-09-16,13,80750.0,1049750.0
T000574,C1184,P010,D019,A005,2026-04-07,2,22000.0,44000.0
T000575,C1663,P009,D035,A010,2024-08-19,4,8500.0,34000.0
T000576,C1814,P010,D039,A013,2026-02-13,7,22000.0,154000.0
T000577,C0279,P004,D005,A001,2025-09-08,9,38000.0,342000.0
T000578,C1781,P006,D041,A013,2024-03-19,2,18500.0,37000.0
T000579,C0964,P012,D015,A004,2024-05-13,9,31000.0,279000.0
T000580,C0497,P006,D012,A003,2026-03-07,13,17575.0,228475.0
T000581,C0893,P007,D018,A004,2024-02-17,9,85000.0,765000.0
T000582,C1861,P013,D038,A013,2026-08-19,1,95000.0,95000.0
T000583,C0964,P004,D015,A004,2025-02-03,7,38000.0,266000.0
T000584,C0640,P007,D014,A004,2025-12-02,8,85000.0,680000.0
T000585,C1207,P003,D025,A005,2024-08-11,5,120000.0,600000.0
T000586,C0466,P009,D012,A003,2025-03-22,10,8075.0,80750.0
T000587,C0130,P013,D005,A001,2025-10-21,15,90250.0,1353750.0
T000588,C0248,P005,D006,A001,2024-02-11,2,12500.0,25000.0
T000589,C0247,P009,D004,A001,2026-03-09,4,8500.0,34000.0
T000590,C0293,P015,D005,A001,2026-01-24,15,46550.0,698250.0
T000591,C0267,P011,D003,A001,2025-09-21,12,39900.0,478800.0
T000592,C1223,P012,D024,A005,2024-01-19,10,29450.0,294500.0
T000593,C0357,P002,D010,A002,2024-10-19,10,6175.0,61750.0
T000594,C0669,P005,D017,A004,2026-04-06,3,12500.0,37500.0
T000595,C1727,P011,D036,A011,2026-02-24,10,39900.0,399000.0
T000596,C0926,P014,D017,A004,2025-10-19,10,26600.0,266000.0
T000597,C1281,P014,D026,A006,2024-04-01,15,26600.0,399000.0
T000598,C0336,P010,D011,A002,2025-10-14,10,20900.0,209000.0
T000599,C0373,P001,D010,A002,2025-08-06,10,42750.0,427500.0
T000600,C0069,P014,D007,A001,2026-04-06,14,26600.0,372400.0
T000601,C0323,P007,D011,A002,2025-07-31,9,85000.0,765000.0
T000602,C0536,P009,D012,A003,2024-06-07,7,8500.0,59500.0
T000603,C0345,P015,D008,A002,2025-10-19,8,49000.0,392000.0
T000604,C0159,P012,D002,A001,2025-06-16,10,29450.0,294500.0
T000605,C0224,P006,D006,A001,2024-09-06,15,17575.0,263625.0
T000606,C0893,P001,D015,A004,2026-04-27,1,45000.0,45000.0
T000607,C0406,P003,D011,A002,2024-12-15,1,120000.0,120000.0
T000608,C0701,P013,D015,A004,2025-07-11,11,90250.0,992750.0
T000609,C0990,P009,D022,A005,2025-08-09,7,8500.0,59500.0
T000610,C1322,P004,D027,A007,2025-07-29,8,38000.0,304000.0
T000611,C0060,P013,D002,A001,2026-04-06,9,95000.0,855000.0
T000612,C1539,P005,D031,A009,2026-03-06,5,12500.0,62500.0
T000613,C1198,P013,D021,A005,2026-05-20,9,95000.0,855000.0
T000614,C0149,P014,D002,A001,2025-05-04,13,26600.0,345800.0
T000615,C1681,P007,D036,A011,2026-07-18,15,80750.0,1211250.0
T000616,C1773,P013,D037,A012,2025-05-30,4,95000.0,380000.0
T000617,C0109,P006,D007,A001,2026-04-23,14,17575.0,246050.0
T000618,C0534,P001,D012,A003,2024-03-23,5,45000.0,225000.0
T000619,C1558,P001,D033,A009,2025-02-21,13,42750.0,555750.0
T000620,C1442,P010,D029,A008,2025-10-19,7,22000.0,154000.0
T000621,C0360,P011,D010,A002,2024-10-03,1,42000.0,42000.0
T000622,C0411,P003,D008,A002,2026-01-01,8,120000.0,960000.0
T000623,C0713,P011,D014,A004,2025-09-02,3,42000.0,126000.0
T000624,C0954,P014,D016,A004,2026-01-12,11,26600.0,292600.0
T000625,C1181,P003,D023,A005,2025-12-17,15,114000.0,1710000.0
T000626,C0710,P007,D017,A004,2025-11-21,9,85000.0,765000.0
T000627,C0902,P008,D014,A004,2024-04-01,15,51300.0,769500.0
T000628,C1442,P015,D029,A008,2024-07-26,6,49000.0,294000.0
T000629,C0058,P008,D001,A001,2024-07-28,14,51300.0,718200.0
T000630,C0492,P001,D012,A003,2024-04-25,4,45000.0,180000.0
T000631,C1373,P006,D027,A007,2025-04-23,8,18500.0,148000.0
T000632,C1726,P004,D036,A011,2025-04-03,2,38000.0,76000.0
T000633,C1001,P001,D024,A005,2024-06-21,14,42750.0,598500.0
T000634,C1027,P005,D023,A005,2024-02-14,14,11875.0,166250.0
T000635,C0203,P004,D004,A001,2024-07-28,11,36100.0,397100.0
T000636,C0869,P002,D014,A004,2026-07-15,8,6500.0,52000.0
T000637,C1027,P015,D020,A005,2024-03-17,1,49000.0,49000.0
T000638,C0467,P014,D012,A003,2024-04-14,11,26600.0,292600.0
T000639,C0520,P003,D012,A003,2026-01-22,14,114000.0,1596000.0
T000640,C0724,P004,D016,A004,2026-06-06,14,36100.0,505400.0
T000641,C0034,P002,D007,A001,2025-06-11,3,6500.0,19500.0
T000642,C0629,P006,D014,A004,2025-08-09,13,17575.0,228475.0
T000643,C0412,P012,D011,A002,2025-02-16,11,29450.0,323950.0
T000644,C0639,P014,D016,A004,2024-08-29,15,26600.0,399000.0
T000645,C0222,P013,D001,A001,2025-01-08,13,90250.0,1173250.0
T000646,C1711,P014,D036,A011,2024-07-03,4,28000.0,112000.0
T000647,C1128,P007,D024,A005,2026-06-13,11,80750.0,888250.0
T000648,C1303,P008,D026,A006,2025-12-04,5,54000.0,270000.0
T000649,C1525,P011,D031,A009,2024-03-15,10,39900.0,399000.0
T000650,C0984,P013,D023,A005,2024-02-10,9,95000.0,855000.0
T000651,C0154,P007,D005,A001,2025-09-15,9,85000.0,765000.0
T000652,C1034,P003,D020,A005,2026-07-02,15,114000.0,1710000.0
T000653,C1117,P010,D024,A005,2026-01-17,4,22000.0,88000.0
T000654,C1435,P010,D029,A008,2025-06-03,5,22000.0,110000.0
T000655,C0832,P012,D017,A004,2025-06-08,9,31000.0,279000.0
T000656,C0246,P008,D006,A001,2025-07-12,9,54000.0,486000.0
T000657,C0549,P012,D018,A004,2025-03-27,2,31000.0,62000.0
T000658,C0699,P007,D016,A004,2025-02-03,8,85000.0,680000.0
T000659,C1232,P015,D023,A005,2025-04-07,5,49000.0,245000.0
T000660,C1091,P011,D024,A005,2025-04-17,8,42000.0,336000.0
T000661,C0686,P014,D017,A004,2025-08-11,15,26600.0,399000.0
T000662,C1876,P014,D039,A013,2024-11-23,9,28000.0,252000.0
T000663,C1152,P011,D023,A005,2024-11-21,11,39900.0,438900.0
T000664,C0457,P011,D009,A002,2025-01-12,1,42000.0,42000.0
T000665,C0191,P014,D003,A001,2026-02-12,7,28000.0,196000.0
T000666,C0294,P010,D001,A001,2024-02-01,11,20900.0,229900.0
T000667,C0476,P013,D012,A003,2026-05-22,6,95000.0,570000.0
T000668,C0308,P008,D005,A001,2025-02-07,4,54000.0,216000.0
T000669,C0362,P003,D009,A002,2025-10-11,3,120000.0,360000.0
T000670,C0549,P013,D016,A004,2026-04-30,14,90250.0,1263500.0
T000671,C0340,P015,D008,A002,2024-12-14,7,49000.0,343000.0
T000672,C1727,P006,D036,A011,2025-06-29,13,17575.0,228475.0
T000673,C0148,P006,D004,A001,2024-06-20,10,17575.0,175750.0
T000674,C1019,P012,D020,A005,2024-12-17,9,31000.0,279000.0
T000675,C0789,P014,D017,A004,2024-04-18,9,28000.0,252000.0
T000676,C1870,P011,D041,A013,2025-06-15,5,42000.0,210000.0
T000677,C0211,P010,D003,A001,2026-02-13,8,22000.0,176000.0
T000678,C0762,P004,D015,A004,2025-10-05,10,36100.0,361000.0
T000679,C1837,P010,D038,A013,2026-08-06,14,20900.0,292600.0
T000680,C1668,P001,D034,A010,2025-06-18,14,42750.0,598500.0
T000681,C1577,P001,D030,A009,2026-05-08,6,45000.0,270000.0
T000682,C0497,P008,D012,A003,2024-11-30,14,51300.0,718200.0
T000683,C0328,P006,D009,A002,2026-04-17,7,18500.0,129500.0
T000684,C1282,P013,D026,A006,2025-04-03,14,90250.0,1263500.0
T000685,C1784,P014,D039,A013,2025-12-14,14,26600.0,372400.0
T000686,C1065,P013,D019,A005,2024-02-06,13,90250.0,1173250.0
T000687,C1095,P002,D024,A005,2025-08-28,9,6500.0,58500.0
T000688,C0543,P003,D012,A003,2024-01-07,5,120000.0,600000.0
T000689,C1483,P009,D032,A009,2025-02-15,3,8500.0,25500.0
T000690,C0362,P013,D011,A002,2025-03-02,1,95000.0,95000.0
T000691,C0632,P013,D016,A004,2025-07-05,8,95000.0,760000.0
T000692,C0819,P012,D015,A004,2025-06-06,6,31000.0,186000.0
T000693,C0995,P006,D024,A005,2025-08-25,7,18500.0,129500.0
T000694,C0467,P014,D012,A003,2024-07-01,9,28000.0,252000.0
T000695,C0214,P002,D007,A001,2025-12-10,7,6500.0,45500.0
T000696,C1164,P015,D019,A005,2024-02-13,3,49000.0,147000.0
T000697,C0556,P015,D014,A004,2024-03-15,4,49000.0,196000.0
T000698,C1104,P014,D019,A005,2026-03-29,6,28000.0,168000.0
T000699,C0295,P008,D001,A001,2025-06-18,4,54000.0,216000.0
T000700,C0948,P011,D013,A004,2024-10-17,5,42000.0,210000.0
T000701,C1027,P007,D023,A005,2025-09-26,12,80750.0,969000.0
T000702,C0093,P015,D002,A001,2025-03-09,8,49000.0,392000.0
T000703,C0650,P011,D016,A004,2024-06-02,12,39900.0,478800.0
T000704,C0260,P012,D006,A001,2024-06-20,15,29450.0,441750.0
T000705,C0112,P013,D007,A001,2024-06-26,12,90250.0,1083000.0
T000706,C1882,P004,D038,A013,2024-05-09,4,38000.0,152000.0
T000707,C0629,P005,D017,A004,2024-04-04,1,12500.0,12500.0
T000708,C1563,P004,D033,A009,2024-09-25,8,38000.0,304000.0
T000709,C0494,P001,D012,A003,2026-02-24,8,45000.0,360000.0
T000710,C1305,P003,D026,A006,2026-07-10,6,120000.0,720000.0
T000711,C1465,P006,D029,A008,2025-05-10,3,18500.0,55500.0
T000712,C1130,P006,D020,A005,2025-09-25,2,18500.0,37000.0
T000713,C0923,P008,D016,A004,2026-07-10,11,51300.0,564300.0
T000714,C0795,P009,D014,A004,2026-01-05,8,8500.0,68000.0
T000715,C0671,P011,D014,A004,2024-07-22,8,42000.0,336000.0
T000716,C1784,P010,D039,A013,2026-05-07,15,20900.0,313500.0
T000717,C1597,P010,D034,A010,2026-01-28,7,22000.0,154000.0
T000718,C1832,P006,D038,A013,2025-10-17,5,18500.0,92500.0
T000719,C0237,P003,D003,A001,2025-10-30,6,120000.0,720000.0
T000720,C1410,P015,D027,A007,2024-11-23,9,49000.0,441000.0
T000721,C1795,P011,D041,A013,2026-01-24,12,39900.0,478800.0
T000722,C0355,P001,D010,A002,2024-09-24,14,42750.0,598500.0
T000723,C0115,P012,D006,A001,2024-04-29,3,31000.0,93000.0
T000724,C1424,P008,D029,A008,2024-07-10,10,51300.0,513000.0
T000725,C1097,P004,D024,A005,2026-07-11,10,36100.0,361000.0
T000726,C1616,P002,D034,A010,2025-05-17,12,6175.0,74100.0
T000727,C0267,P009,D002,A001,2024-05-13,3,8500.0,25500.0
T000728,C1533,P003,D032,A009,2025-02-10,12,114000.0,1368000.0
T000729,C0393,P001,D008,A002,2024-09-28,13,42750.0,555750.0
T000730,C0311,P009,D011,A002,2024-12-23,11,8075.0,88825.0
T000731,C0313,P006,D010,A002,2024-07-08,4,18500.0,74000.0
T000732,C1573,P015,D030,A009,2024-07-25,1,49000.0,49000.0
T000733,C1275,P011,D026,A006,2026-04-14,10,39900.0,399000.0
T000734,C1017,P014,D025,A005,2024-06-15,4,28000.0,112000.0
T000735,C0691,P001,D014,A004,2025-10-20,10,42750.0,427500.0
T000736,C1685,P012,D036,A011,2025-11-10,1,31000.0,31000.0
T000737,C0749,P014,D018,A004,2025-06-07,4,28000.0,112000.0
T000738,C1577,P010,D033,A009,2025-04-26,2,22000.0,44000.0
T000739,C0849,P002,D014,A004,2025-02-11,1,6500.0,6500.0
T000740,C0723,P003,D013,A004,2026-06-06,11,114000.0,1254000.0
T000741,C0903,P011,D014,A004,2024-02-24,2,42000.0,84000.0
T000742,C0579,P002,D016,A004,2025-02-16,2,6500.0,13000.0
T000743,C1442,P012,D029,A008,2025-04-02,3,31000.0,93000.0
T000744,C0989,P013,D022,A005,2026-08-12,4,95000.0,380000.0
T000745,C0449,P001,D010,A002,2025-08-08,4,45000.0,180000.0
T000746,C1732,P011,D037,A012,2025-04-11,11,39900.0,438900.0
T000747,C0733,P003,D015,A004,2024-06-29,2,120000.0,240000.0
T000748,C1049,P007,D024,A005,2025-06-21,3,85000.0,255000.0
T000749,C1741,P003,D037,A012,2025-09-02,5,120000.0,600000.0
T000750,C1187,P014,D021,A005,2024-12-24,12,26600.0,319200.0
T000751,C0216,P012,D006,A001,2024-01-02,13,29450.0,382850.0
T000752,C1795,P003,D041,A013,2026-04-23,1,120000.0,120000.0
T000753,C1197,P005,D020,A005,2025-03-10,15,11875.0,178125.0
T000754,C0647,P005,D014,A004,2024-08-05,14,11875.0,166250.0
T000755,C0267,P013,D002,A001,2024-01-27,3,95000.0,285000.0
T000756,C1528,P010,D031,A009,2025-05-05,4,22000.0,88000.0
T000757,C1182,P010,D019,A005,2025-03-29,12,20900.0,250800.0
T000758,C1030,P010,D019,A005,2025-02-26,4,22000.0,88000.0
T000759,C1725,P015,D036,A011,2024-12-16,6,49000.0,294000.0
T000760,C1522,P011,D030,A009,2024-08-15,12,39900.0,478800.0
T000761,C0293,P002,D001,A001,2025-09-22,6,6500.0,39000.0
T000762,C0607,P011,D016,A004,2025-01-12,7,42000.0,294000.0
T000763,C0481,P011,D012,A003,2025-01-15,5,42000.0,210000.0
T000764,C1433,P008,D029,A008,2024-05-20,14,51300.0,718200.0
T000765,C0055,P009,D001,A001,2026-02-26,2,8500.0,17000.0
T000766,C1091,P015,D024,A005,2026-03-22,7,49000.0,343000.0
T000767,C1475,P013,D029,A008,2025-05-15,3,95000.0,285000.0
T000768,C1683,P002,D036,A011,2025-04-03,2,6500.0,13000.0
T000769,C0663,P006,D018,A004,2024-03-03,8,18500.0,148000.0
T000770,C1583,P002,D031,A009,2024-02-25,8,6500.0,52000.0
T000771,C0207,P014,D007,A001,2024-10-21,6,28000.0,168000.0
T000772,C1632,P013,D035,A010,2024-06-28,2,95000.0,190000.0
T000773,C0246,P003,D003,A001,2025-06-28,14,114000.0,1596000.0
T000774,C0762,P007,D017,A004,2024-09-16,8,85000.0,680000.0
T000775,C1537,P004,D031,A009,2025-09-13,7,38000.0,266000.0
T000776,C0287,P014,D004,A001,2026-06-29,7,28000.0,196000.0
T000777,C0443,P002,D009,A002,2026-04-30,3,6500.0,19500.0
T000778,C1390,P005,D028,A007,2025-02-28,7,12500.0,87500.0
T000779,C1385,P001,D027,A007,2026-03-25,2,45000.0,90000.0
T000780,C1224,P002,D021,A005,2024-02-08,1,6500.0,6500.0
T000781,C1328,P013,D027,A007,2026-04-20,12,90250.0,1083000.0
T000782,C1047,P005,D023,A005,2024-01-04,6,12500.0,75000.0
T000783,C0490,P013,D012,A003,2024-02-13,5,95000.0,475000.0
T000784,C0669,P005,D018,A004,2026-04-30,10,11875.0,118750.0
T000785,C0356,P009,D011,A002,2025-10-16,4,8500.0,34000.0
T000786,C1745,P011,D037,A012,2026-04-13,7,42000.0,294000.0
T000787,C1106,P007,D022,A005,2024-04-11,3,85000.0,255000.0
T000788,C0765,P010,D015,A004,2024-09-11,4,22000.0,88000.0
T000789,C0902,P012,D018,A004,2025-06-11,11,29450.0,323950.0
T000790,C1812,P002,D041,A013,2026-04-06,1,6500.0,6500.0
T000791,C0294,P007,D007,A001,2025-11-07,3,85000.0,255000.0
T000792,C1117,P014,D023,A005,2026-05-14,3,28000.0,84000.0
T000793,C0991,P011,D024,A005,2025-11-06,1,42000.0,42000.0
T000794,C1166,P014,D023,A005,2026-08-24,13,26600.0,345800.0
T000795,C0029,P010,D005,A001,2025-06-09,10,20900.0,209000.0
T000796,C1678,P015,D036,A011,2026-07-07,2,49000.0,98000.0
T000797,C1786,P009,D040,A013,2026-08-08,11,8075.0,88825.0
T000798,C1084,P015,D022,A005,2026-07-04,5,49000.0,245000.0
T000799,C1334,P008,D028,A007,2025-06-18,9,54000.0,486000.0
T000800,C1776,P009,D040,A013,2025-03-24,15,8075.0,121125.0
T000801,C1361,P005,D027,A007,2025-03-04,8,12500.0,100000.0
T000802,C0294,P003,D007,A001,2024-07-12,7,120000.0,840000.0
T000803,C1098,P013,D024,A005,2025-11-15,2,95000.0,190000.0
T000804,C1155,P010,D021,A005,2026-03-21,3,22000.0,66000.0
T000805,C0814,P003,D016,A004,2026-01-13,13,114000.0,1482000.0
T000806,C1419,P008,D027,A007,2024-09-30,1,54000.0,54000.0
T000807,C1787,P015,D038,A013,2026-03-20,10,46550.0,465500.0
T000808,C1779,P015,D039,A013,2024-06-30,8,49000.0,392000.0
T000809,C0879,P004,D015,A004,2026-01-10,7,38000.0,266000.0
T000810,C0211,P013,D007,A001,2026-04-04,11,90250.0,992750.0
T000811,C1873,P001,D041,A013,2025-12-19,11,42750.0,470250.0
T000812,C1611,P004,D035,A010,2026-08-16,10,36100.0,361000.0
T000813,C0237,P003,D001,A001,2025-03-30,1,120000.0,120000.0
T000814,C1773,P003,D037,A012,2025-08-16,13,114000.0,1482000.0
T000815,C1675,P009,D036,A011,2024-01-01,9,8500.0,76500.0
T000816,C1010,P009,D022,A005,2025-06-29,12,8075.0,96900.0
T000817,C1123,P003,D021,A005,2025-02-08,8,120000.0,960000.0
T000818,C0763,P010,D017,A004,2024-03-10,7,22000.0,154000.0
T000819,C0099,P002,D002,A001,2026-04-29,2,6500.0,13000.0
T000820,C0647,P011,D017,A004,2025-10-17,14,39900.0,558600.0
T000821,C1551,P007,D030,A009,2024-08-26,4,85000.0,340000.0
T000822,C0007,P004,D001,A001,2026-07-29,5,38000.0,190000.0
T000823,C0646,P013,D018,A004,2024-01-23,15,90250.0,1353750.0
T000824,C0762,P008,D014,A004,2024-09-25,2,54000.0,108000.0
T000825,C1036,P014,D020,A005,2025-12-14,5,28000.0,140000.0
T000826,C1766,P014,D037,A012,2025-04-26,13,26600.0,345800.0
T000827,C0670,P009,D014,A004,2025-12-17,5,8500.0,42500.0
T000828,C0670,P001,D017,A004,2025-07-08,15,42750.0,641250.0
T000829,C1421,P009,D029,A008,2024-04-09,5,8500.0,42500.0
T000830,C0881,P002,D014,A004,2026-05-09,6,6500.0,39000.0
T000831,C0431,P005,D011,A002,2025-09-23,11,11875.0,130625.0
T000832,C0881,P010,D016,A004,2025-12-14,10,20900.0,209000.0
T000833,C0268,P010,D003,A001,2025-12-06,15,20900.0,313500.0
T000834,C0344,P006,D008,A002,2024-04-23,2,18500.0,37000.0
T000835,C0984,P001,D025,A005,2025-12-04,13,42750.0,555750.0
T000836,C0805,P007,D018,A004,2024-02-15,6,85000.0,510000.0
T000837,C1755,P012,D037,A012,2024-08-20,14,29450.0,412300.0
T000838,C0695,P007,D014,A004,2025-03-07,6,85000.0,510000.0
T000839,C1104,P002,D023,A005,2025-08-16,5,6500.0,32500.0
T000840,C1206,P001,D019,A005,2024-01-26,10,42750.0,427500.0
T000841,C0021,P005,D005,A001,2025-08-17,5,12500.0,62500.0
T000842,C1265,P007,D026,A006,2026-03-15,15,80750.0,1211250.0
T000843,C0347,P008,D011,A002,2024-02-21,6,54000.0,324000.0
T000844,C1829,P015,D040,A013,2024-11-18,7,49000.0,343000.0
T000845,C0281,P015,D001,A001,2025-08-07,8,49000.0,392000.0
T000846,C0798,P009,D017,A004,2024-01-30,7,8500.0,59500.0
T000847,C0152,P013,D004,A001,2026-06-15,7,95000.0,665000.0
T000848,C1893,P006,D040,A013,2024-02-25,2,18500.0,37000.0
T000849,C0989,P004,D019,A005,2024-01-10,12,36100.0,433200.0
T000850,C1129,P003,D020,A005,2024-10-28,3,120000.0,360000.0
T000851,C0115,P011,D004,A001,2024-11-14,7,42000.0,294000.0
T000852,C1446,P001,D029,A008,2024-03-21,3,45000.0,135000.0
T000853,C0411,P015,D010,A002,2025-06-30,13,46550.0,605150.0
T000854,C1731,P015,D037,A012,2024-04-20,8,49000.0,392000.0
T000855,C0402,P008,D009,A002,2024-07-19,14,51300.0,718200.0
T000856,C0370,P006,D011,A002,2026-08-11,13,17575.0,228475.0
T000857,C0058,P012,D004,A001,2026-03-22,5,31000.0,155000.0
T000858,C0923,P012,D013,A004,2026-07-30,3,31000.0,93000.0
T000859,C1084,P013,D022,A005,2024-12-16,4,95000.0,380000.0
T000860,C0114,P014,D007,A001,2025-06-29,1,28000.0,28000.0
T000861,C1494,P006,D032,A009,2026-08-28,9,18500.0,166500.0
T000862,C0881,P012,D014,A004,2025-05-30,6,31000.0,186000.0
T000863,C1019,P005,D019,A005,2024-02-02,11,11875.0,130625.0
T000864,C0851,P011,D016,A004,2024-12-12,12,39900.0,478800.0
T000865,C0765,P002,D014,A004,2026-08-25,4,6500.0,26000.0
T000866,C1071,P009,D023,A005,2026-02-22,12,8075.0,96900.0
T000867,C0296,P012,D007,A001,2024-03-27,8,31000.0,248000.0
T000868,C0357,P004,D010,A002,2025-10-22,11,36100.0,397100.0
T000869,C1659,P004,D035,A010,2025-12-02,3,38000.0,114000.0
T000870,C1808,P011,D038,A013,2026-03-31,14,39900.0,558600.0
T000871,C0718,P014,D013,A004,2024-09-18,6,28000.0,168000.0
T000872,C0522,P013,D012,A003,2024-11-28,12,90250.0,1083000.0
T000873,C1230,P015,D020,A005,2024-12-04,14,46550.0,651700.0
T000874,C0782,P015,D018,A004,2026-03-17,11,46550.0,512050.0
T000875,C0042,P007,D004,A001,2025-04-30,9,85000.0,765000.0
T000876,C0297,P006,D002,A001,2024-10-12,5,18500.0,92500.0
T000877,C1377,P007,D027,A007,2026-04-25,9,85000.0,765000.0
T000878,C1254,P008,D026,A006,2025-04-06,12,51300.0,615600.0
T000879,C0046,P013,D007,A001,2026-01-13,11,90250.0,992750.0
T000880,C0426,P009,D011,A002,2025-05-29,9,8500.0,76500.0
T000881,C0444,P013,D011,A002,2025-08-23,9,95000.0,855000.0
T000882,C1289,P001,D026,A006,2024-11-18,8,45000.0,360000.0
T000883,C0031,P005,D007,A001,2025-04-05,11,11875.0,130625.0
T000884,C0198,P002,D007,A001,2026-01-16,10,6175.0,61750.0
T000885,C1542,P003,D032,A009,2024-05-15,15,114000.0,1710000.0
T000886,C0349,P008,D009,A002,2025-06-17,4,54000.0,216000.0
T000887,C1244,P002,D024,A005,2025-11-06,9,6500.0,58500.0
T000888,C0459,P015,D009,A002,2024-06-25,9,49000.0,441000.0
T000889,C0184,P015,D002,A001,2024-06-20,3,49000.0,147000.0
T000890,C0470,P004,D012,A003,2026-06-29,1,38000.0,38000.0
T000891,C1390,P007,D028,A007,2024-04-27,1,85000.0,85000.0
T000892,C1648,P014,D035,A010,2026-01-02,7,28000.0,196000.0
T000893,C1597,P004,D035,A010,2025-01-27,13,36100.0,469300.0
T000894,C0761,P009,D015,A004,2026-08-08,6,8500.0,51000.0
T000895,C1282,P013,D026,A006,2026-03-16,8,95000.0,760000.0
T000896,C0400,P009,D009,A002,2024-07-18,6,8500.0,51000.0
T000897,C0566,P011,D013,A004,2024-02-05,1,42000.0,42000.0
T000898,C1727,P013,D036,A011,2026-07-26,3,95000.0,285000.0
T000899,C0021,P012,D005,A001,2025-01-23,8,31000.0,248000.0
T000900,C0152,P007,D004,A001,2026-07-07,11,80750.0,888250.0
T000901,C0407,P015,D011,A002,2026-07-27,6,49000.0,294000.0
T000902,C0046,P014,D002,A001,2024-10-15,1,28000.0,28000.0
T000903,C0355,P014,D010,A002,2026-03-01,10,26600.0,266000.0
T000904,C1106,P013,D023,A005,2026-02-17,4,95000.0,380000.0
T000905,C0810,P003,D016,A004,2025-07-01,12,114000.0,1368000.0
T000906,C1716,P010,D036,A011,2026-03-14,1,22000.0,22000.0
T000907,C1577,P009,D030,A009,2025-04-28,9,8500.0,76500.0
T000908,C0662,P002,D015,A004,2024-02-01,6,6500.0,39000.0
T000909,C0500,P002,D012,A003,2026-07-07,7,6500.0,45500.0
T000910,C0728,P002,D014,A004,2025-03-17,15,6175.0,92625.0
T000911,C1121,P011,D023,A005,2025-08-14,9,42000.0,378000.0
T000912,C0520,P009,D012,A003,2026-02-18,15,8075.0,121125.0
T000913,C1187,P013,D022,A005,2025-01-04,6,95000.0,570000.0
T000914,C0782,P008,D015,A004,2025-12-24,2,54000.0,108000.0
T000915,C1059,P010,D020,A005,2026-03-13,2,22000.0,44000.0
T000916,C0846,P009,D014,A004,2024-10-14,2,8500.0,17000.0
T000917,C0569,P007,D015,A004,2024-06-30,3,85000.0,255000.0
T000918,C1813,P010,D038,A013,2025-04-05,1,22000.0,22000.0
T000919,C1475,P006,D029,A008,2026-07-27,3,18500.0,55500.0
T000920,C0268,P006,D004,A001,2026-05-03,14,17575.0,246050.0
T000921,C1673,P001,D036,A011,2024-05-09,14,42750.0,598500.0
T000922,C0957,P001,D018,A004,2024-02-20,2,45000.0,90000.0
T000923,C1725,P006,D036,A011,2024-10-08,1,18500.0,18500.0
T000924,C1540,P014,D033,A009,2024-06-30,9,28000.0,252000.0
T000925,C0819,P012,D015,A004,2024-01-06,1,31000.0,31000.0
T000926,C0038,P014,D005,A001,2024-07-06,3,28000.0,84000.0
T000927,C0520,P003,D012,A003,2024-03-15,7,120000.0,840000.0
T000928,C1044,P001,D022,A005,2024-03-08,1,45000.0,45000.0
T000929,C1207,P001,D019,A005,2024-04-28,10,42750.0,427500.0
T000930,C0497,P008,D012,A003,2026-04-15,11,51300.0,564300.0
T000931,C0267,P015,D001,A001,2026-01-31,6,49000.0,294000.0
T000932,C1606,P001,D034,A010,2024-07-23,1,45000.0,45000.0
T000933,C1872,P011,D038,A013,2024-01-05,8,42000.0,336000.0
T000934,C1020,P009,D023,A005,2026-03-15,5,8500.0,42500.0
T000935,C0330,P013,D009,A002,2026-03-27,10,90250.0,902500.0
T000936,C0525,P004,D012,A003,2024-12-18,3,38000.0,114000.0
T000937,C0029,P007,D007,A001,2026-01-20,2,85000.0,170000.0
T000938,C1754,P008,D037,A012,2026-04-04,5,54000.0,270000.0
T000939,C0216,P002,D001,A001,2024-09-21,6,6500.0,39000.0
T000940,C1098,P010,D022,A005,2024-08-15,11,20900.0,229900.0
T000941,C0531,P015,D012,A003,2025-03-24,5,49000.0,245000.0
T000942,C1062,P014,D020,A005,2025-03-06,9,28000.0,252000.0
T000943,C1243,P007,D019,A005,2026-02-02,7,85000.0,595000.0
T000944,C1597,P012,D035,A010,2026-07-01,5,31000.0,155000.0
T000945,C0406,P003,D010,A002,2026-03-30,4,120000.0,480000.0
T000946,C0017,P005,D004,A001,2026-07-25,3,12500.0,37500.0
T000947,C0265,P014,D004,A001,2026-08-07,5,28000.0,140000.0
T000948,C1733,P006,D037,A012,2024-03-22,6,18500.0,111000.0
T000949,C1681,P014,D036,A011,2025-08-31,1,28000.0,28000.0
T000950,C1132,P001,D022,A005,2025-10-06,12,42750.0,513000.0
T000951,C1136,P002,D020,A005,2024-04-12,2,6500.0,13000.0
T000952,C1274,P002,D026,A006,2024-05-25,6,6500.0,39000.0
T000953,C0343,P001,D009,A002,2024-06-21,11,42750.0,470250.0
T000954,C1754,P004,D037,A012,2026-04-17,15,36100.0,541500.0
T000955,C0803,P001,D013,A004,2025-11-13,3,45000.0,135000.0
T000956,C0733,P015,D017,A004,2024-12-31,14,46550.0,651700.0
T000957,C1011,P013,D024,A005,2026-07-30,1,95000.0,95000.0
T000958,C0076,P012,D002,A001,2026-07-17,15,29450.0,441750.0
T000959,C0316,P010,D010,A002,2025-03-26,11,20900.0,229900.0
T000960,C1421,P014,D029,A008,2024-04-12,13,26600.0,345800.0
T000961,C0150,P009,D001,A001,2026-08-11,6,8500.0,51000.0
T000962,C1139,P001,D020,A005,2025-11-13,13,42750.0,555750.0
T000963,C0474,P011,D012,A003,2024-11-07,13,39900.0,518700.0
T000964,C0746,P002,D013,A004,2024-10-11,6,6500.0,39000.0
T000965,C0556,P001,D017,A004,2025-09-18,12,42750.0,513000.0
T000966,C0683,P010,D013,A004,2024-08-14,11,20900.0,229900.0
T000967,C1384,P009,D028,A007,2024-12-20,13,8075.0,104975.0
T000968,C0570,P003,D013,A004,2025-01-05,7,120000.0,840000.0
T000969,C1087,P010,D023,A005,2024-01-14,11,20900.0,229900.0
T000970,C0938,P015,D017,A004,2024-03-01,2,49000.0,98000.0
T000971,C1265,P001,D026,A006,2025-05-05,9,45000.0,405000.0
T000972,C1794,P004,D039,A013,2025-08-06,14,36100.0,505400.0
T000973,C1412,P006,D027,A007,2024-01-22,1,18500.0,18500.0
T000974,C0415,P014,D009,A002,2024-12-08,6,28000.0,168000.0
T000975,C0051,P001,D001,A001,2025-05-20,4,45000.0,180000.0
T000976,C0511,P003,D012,A003,2024-04-18,8,120000.0,960000.0
T000977,C1128,P003,D024,A005,2026-08-27,10,114000.0,1140000.0
T000978,C0093,P005,D003,A001,2026-05-26,2,12500.0,25000.0
T000979,C0972,P001,D024,A005,2026-07-05,15,42750.0,641250.0
T000980,C1132,P001,D024,A005,2026-02-21,9,45000.0,405000.0
T000981,C0646,P001,D014,A004,2026-06-26,15,42750.0,641250.0
T000982,C1486,P013,D031,A009,2025-09-23,15,90250.0,1353750.0
T000983,C0201,P015,D004,A001,2024-12-08,13,46550.0,605150.0
T000984,C0127,P014,D005,A001,2026-05-31,3,28000.0,84000.0
T000985,C1402,P007,D028,A007,2024-06-20,7,85000.0,595000.0
T000986,C0965,P013,D014,A004,2026-03-27,1,95000.0,95000.0
T000987,C1320,P003,D027,A007,2024-09-18,8,120000.0,960000.0
T000988,C0843,P001,D016,A004,2024-04-27,2,45000.0,90000.0
T000989,C0477,P009,D012,A003,2024-07-04,4,8500.0,34000.0
T000990,C1578,P013,D031,A009,2024-03-10,6,95000.0,570000.0
T000991,C1539,P008,D030,A009,2025-12-03,6,54000.0,324000.0
T000992,C1331,P009,D028,A007,2024-08-04,9,8500.0,76500.0
T000993,C0525,P010,D012,A003,2025-08-05,12,20900.0,250800.0
T000994,C1121,P012,D019,A005,2025-01-25,9,31000.0,279000.0
T000995,C0694,P013,D015,A004,2026-07-28,4,95000.0,380000.0
T000996,C0165,P014,D002,A001,2024-03-09,9,28000.0,252000.0
T000997,C1759,P010,D037,A012,2026-07-09,3,22000.0,66000.0
T000998,C0265,P011,D001,A001,2025-06-10,3,42000.0,126000.0
T000999,C1815,P001,D039,A013,2025-07-18,4,45000.0,180000.0
T001000,C0863,P014,D014,A004,2024-05-18,11,26600.0,292600.0
T001001,C0360,P008,D010,A002,2025-11-01,4,54000.0,216000.0
T001002,C1045,P012,D019,A005,2024-03-08,7,31000.0,217000.0
T001003,C1678,P001,D036,A011,2026-01-23,11,42750.0,470250.0
T001004,C1412,P001,D028,A007,2026-08-17,12,42750.0,513000.0
T001005,C1559,P008,D033,A009,2025-01-02,14,51300.0,718200.0
T001006,C1254,P012,D026,A006,2024-02-12,15,29450.0,441750.0
T001007,C1323,P001,D028,A007,2024-09-16,7,45000.0,315000.0
T001008,C1635,P013,D034,A010,2026-08-15,14,90250.0,1263500.0
T001009,C0482,P010,D012,A003,2025-09-17,9,22000.0,198000.0
T001010,C0958,P011,D014,A004,2025-09-04,2,42000.0,84000.0
T001011,C0424,P012,D008,A002,2025-04-25,5,31000.0,155000.0
T001012,C1876,P003,D039,A013,2024-05-02,13,114000.0,1482000.0
T001013,C1803,P005,D038,A013,2025-09-26,7,12500.0,87500.0
T001014,C0060,P014,D002,A001,2026-08-19,2,28000.0,56000.0
T001015,C1354,P007,D028,A007,2026-05-11,7,85000.0,595000.0
T001016,C1779,P001,D041,A013,2024-08-27,12,42750.0,513000.0
T001017,C0355,P013,D011,A002,2025-01-05,6,95000.0,570000.0
T001018,C1090,P013,D021,A005,2024-11-03,11,90250.0,992750.0
T001019,C1755,P004,D037,A012,2025-09-11,13,36100.0,469300.0
T001020,C0055,P001,D003,A001,2025-10-24,10,42750.0,427500.0
T001021,C1334,P003,D028,A007,2024-05-17,7,120000.0,840000.0
T001022,C0571,P013,D016,A004,2025-11-12,3,95000.0,285000.0
T001023,C1777,P006,D040,A013,2025-11-20,3,18500.0,55500.0
T001024,C1841,P001,D041,A013,2026-08-29,10,42750.0,427500.0
T001025,C1803,P007,D039,A013,2025-10-16,4,85000.0,340000.0
T001026,C0926,P010,D017,A004,2025-11-30,7,22000.0,154000.0
T001027,C1660,P004,D034,A010,2026-01-07,5,38000.0,190000.0
T001028,C1625,P011,D034,A010,2025-01-08,9,42000.0,378000.0
T001029,C0625,P014,D013,A004,2026-04-08,12,26600.0,319200.0
T001030,C1595,P014,D035,A010,2025-02-19,1,28000.0,28000.0
T001031,C0058,P008,D007,A001,2026-01-15,7,54000.0,378000.0
T001032,C1130,P013,D022,A005,2025-02-15,10,90250.0,902500.0
T001033,C0444,P012,D010,A002,2026-08-27,4,31000.0,124000.0
T001034,C0224,P008,D007,A001,2024-10-04,7,54000.0,378000.0
T001035,C0137,P007,D007,A001,2024-03-06,7,85000.0,595000.0
T001036,C1333,P006,D028,A007,2025-01-13,1,18500.0,18500.0
T001037,C0657,P015,D017,A004,2026-07-28,5,49000.0,245000.0
T001038,C1393,P007,D027,A007,2024-11-26,13,80750.0,1049750.0
T001039,C0113,P008,D002,A001,2024-04-25,14,51300.0,718200.0
T001040,C0614,P003,D014,A004,2025-01-11,13,114000.0,1482000.0
T001041,C1039,P007,D019,A005,2026-08-13,14,80750.0,1130500.0
T001042,C1526,P011,D031,A009,2024-09-10,13,39900.0,518700.0
T001043,C0624,P006,D015,A004,2024-08-06,12,17575.0,210900.0
T001044,C1188,P013,D022,A005,2024-08-19,2,95000.0,190000.0
T001045,C1697,P011,D036,A011,2025-05-22,9,42000.0,378000.0
T001046,C1176,P002,D021,A005,2026-01-17,9,6500.0,58500.0
T001047,C0451,P006,D009,A002,2024-08-02,6,18500.0,111000.0
T001048,C0041,P015,D005,A001,2026-03-27,8,49000.0,392000.0
T001049,C1676,P011,D036,A011,2024-02-19,2,42000.0,84000.0
T001050,C0034,P015,D007,A001,2025-11-23,1,49000.0,49000.0
T001051,C1681,P012,D036,A011,2024-08-15,15,29450.0,441750.0
T001052,C1025,P007,D024,A005,2024-11-27,7,85000.0,595000.0
T001053,C1795,P015,D038,A013,2025-10-23,14,46550.0,651700.0
T001054,C1538,P014,D031,A009,2026-04-13,8,28000.0,224000.0
T001055,C1898,P009,D038,A013,2024-02-07,1,8500.0,8500.0
T001056,C0676,P003,D013,A004,2024-11-12,3,120000.0,360000.0
T001057,C1480,P002,D033,A009,2024-01-28,10,6175.0,61750.0
T001058,C0766,P002,D014,A004,2026-02-20,7,6500.0,45500.0
T001059,C0942,P003,D013,A004,2024-07-22,2,120000.0,240000.0
T001060,C1197,P003,D023,A005,2026-03-05,7,120000.0,840000.0
T001061,C1681,P003,D036,A011,2026-03-13,4,120000.0,480000.0
T001062,C1872,P006,D039,A013,2026-07-20,4,18500.0,74000.0
T001063,C1481,P014,D033,A009,2024-08-20,12,26600.0,319200.0
T001064,C0803,P003,D013,A004,2024-10-21,6,120000.0,720000.0
T001065,C0810,P014,D014,A004,2026-03-11,6,28000.0,168000.0
T001066,C1421,P009,D029,A008,2024-02-05,8,8500.0,68000.0
T001067,C0463,P008,D012,A003,2025-06-07,3,54000.0,162000.0
T001068,C0207,P013,D005,A001,2026-04-06,3,95000.0,285000.0
T001069,C0683,P002,D014,A004,2025-02-09,2,6500.0,13000.0
T001070,C0552,P004,D017,A004,2025-11-25,9,38000.0,342000.0
T001071,C0570,P014,D016,A004,2025-11-13,13,26600.0,345800.0
T001072,C0452,P009,D010,A002,2026-03-09,7,8500.0,59500.0
T001073,C0069,P003,D002,A001,2024-08-02,4,120000.0,480000.0
T001074,C0029,P015,D006,A001,2025-06-04,1,49000.0,49000.0
T001075,C1876,P003,D040,A013,2025-07-27,11,114000.0,1254000.0
T001076,C0828,P011,D018,A004,2026-05-30,3,42000.0,126000.0
T001077,C0733,P007,D014,A004,2026-04-20,15,80750.0,1211250.0
T001078,C1303,P011,D026,A006,2026-07-10,7,42000.0,294000.0
T001079,C0418,P008,D009,A002,2024-03-09,14,51300.0,718200.0
T001080,C1814,P011,D041,A013,2024-10-09,2,42000.0,84000.0
T001081,C1518,P014,D032,A009,2026-03-01,2,28000.0,56000.0
T001082,C0161,P011,D001,A001,2024-08-13,13,39900.0,518700.0
T001083,C0803,P013,D015,A004,2025-11-10,7,95000.0,665000.0
T001084,C1687,P006,D036,A011,2024-03-05,6,18500.0,111000.0
T001085,C1803,P006,D040,A013,2025-08-05,2,18500.0,37000.0
T001086,C0915,P002,D016,A004,2026-01-07,5,6500.0,32500.0
T001087,C1168,P006,D021,A005,2025-03-14,5,18500.0,92500.0
T001088,C0317,P012,D011,A002,2025-08-29,4,31000.0,124000.0
T001089,C1884,P013,D039,A013,2024-03-02,8,95000.0,760000.0
T001090,C0448,P007,D009,A002,2025-11-13,1,85000.0,85000.0
T001091,C1802,P003,D038,A013,2024-06-02,5,120000.0,600000.0
T001092,C1240,P012,D022,A005,2026-07-16,10,29450.0,294500.0
T001093,C1163,P007,D019,A005,2025-08-02,9,85000.0,765000.0
T001094,C1002,P015,D022,A005,2024-08-24,2,49000.0,98000.0
T001095,C0444,P011,D011,A002,2025-11-22,13,39900.0,518700.0
T001096,C0345,P009,D011,A002,2025-10-26,9,8500.0,76500.0
T001097,C0423,P011,D010,A002,2024-07-26,2,42000.0,84000.0
T001098,C0362,P005,D009,A002,2024-02-01,9,12500.0,112500.0
T001099,C1502,P003,D031,A009,2024-05-07,3,120000.0,360000.0
T001100,C0674,P014,D013,A004,2026-03-04,6,28000.0,168000.0
T001101,C0106,P010,D006,A001,2025-04-12,13,20900.0,271700.0
T001102,C1837,P003,D041,A013,2025-07-28,8,120000.0,960000.0
T001103,C1696,P007,D036,A011,2025-02-14,5,85000.0,425000.0
T001104,C1783,P015,D038,A013,2025-03-05,14,46550.0,651700.0
T001105,C1888,P001,D040,A013,2026-05-28,6,45000.0,270000.0
T001106,C0341,P012,D009,A002,2025-04-26,4,31000.0,124000.0
T001107,C0757,P010,D016,A004,2025-09-23,3,22000.0,66000.0
T001108,C1463,P010,D029,A008,2024-05-20,10,20900.0,209000.0
T001109,C1333,P012,D028,A007,2025-08-30,8,31000.0,248000.0
T001110,C0295,P003,D005,A001,2024-06-13,8,120000.0,960000.0
T001111,C1577,P002,D032,A009,2025-09-20,5,6500.0,32500.0
T001112,C0431,P013,D010,A002,2025-09-18,7,95000.0,665000.0
T001113,C0430,P004,D010,A002,2024-12-04,13,36100.0,469300.0
T001114,C1034,P005,D024,A005,2024-09-20,13,11875.0,154375.0
T001115,C1126,P007,D023,A005,2026-08-08,10,80750.0,807500.0
T001116,C1104,P012,D025,A005,2024-09-21,5,31000.0,155000.0
T001117,C0164,P005,D004,A001,2024-09-27,1,12500.0,12500.0
T001118,C1685,P009,D036,A011,2024-05-29,4,8500.0,34000.0
T001119,C0515,P010,D012,A003,2026-01-10,15,20900.0,313500.0
T001120,C0248,P011,D007,A001,2026-06-22,9,42000.0,378000.0
T001121,C1706,P003,D036,A011,2024-01-09,15,114000.0,1710000.0
T001122,C1820,P002,D041,A013,2026-02-18,1,6500.0,6500.0
T001123,C1662,P005,D035,A010,2025-01-14,6,12500.0,75000.0
T001124,C1563,P003,D030,A009,2024-09-07,1,120000.0,120000.0
T001125,C1250,P005,D026,A006,2026-08-09,2,12500.0,25000.0
T001126,C1059,P014,D019,A005,2024-05-24,15,26600.0,399000.0
T001127,C0154,P002,D002,A001,2026-01-21,14,6175.0,86450.0
T001128,C0782,P009,D018,A004,2025-09-01,7,8500.0,59500.0
T001129,C0716,P014,D016,A004,2024-01-03,9,28000.0,252000.0
T001130,C0502,P010,D012,A003,2026-08-25,2,22000.0,44000.0
T001131,C1391,P005,D028,A007,2025-02-10,7,12500.0,87500.0
T001132,C0970,P009,D021,A005,2024-02-19,15,8075.0,121125.0
T001133,C0149,P007,D002,A001,2026-08-13,11,80750.0,888250.0
T001134,C0423,P005,D011,A002,2024-10-26,3,12500.0,37500.0
T001135,C1308,P005,D026,A006,2025-11-10,8,12500.0,100000.0
T001136,C0132,P011,D007,A001,2025-11-04,7,42000.0,294000.0
T001137,C1637,P015,D035,A010,2025-12-28,12,46550.0,558600.0
T001138,C0965,P010,D013,A004,2024-06-05,15,20900.0,313500.0
T001139,C0946,P008,D015,A004,2024-03-06,8,54000.0,432000.0
T001140,C1124,P014,D021,A005,2024-02-29,3,28000.0,84000.0
T001141,C1588,P001,D031,A009,2024-06-14,14,42750.0,598500.0
T001142,C0671,P006,D014,A004,2025-04-04,13,17575.0,228475.0
T001143,C1300,P003,D026,A006,2024-07-24,3,120000.0,360000.0
T001144,C1084,P001,D020,A005,2024-01-17,3,45000.0,135000.0
T001145,C0517,P015,D012,A003,2024-08-23,1,49000.0,49000.0
T001146,C1685,P002,D036,A011,2025-11-17,15,6175.0,92625.0
T001147,C1537,P001,D033,A009,2026-05-26,7,45000.0,315000.0
T001148,C1254,P013,D026,A006,2024-09-12,15,90250.0,1353750.0
T001149,C1636,P004,D034,A010,2024-03-21,15,36100.0,541500.0
T001150,C1673,P013,D036,A011,2026-04-15,8,95000.0,760000.0
T001151,C1365,P015,D027,A007,2024-02-17,3,49000.0,147000.0
T001152,C1608,P013,D034,A010,2024-04-03,8,95000.0,760000.0
T001153,C1334,P003,D028,A007,2024-02-23,15,114000.0,1710000.0
T001154,C1304,P014,D026,A006,2025-11-07,15,26600.0,399000.0
T001155,C1182,P014,D022,A005,2025-10-19,11,26600.0,292600.0
T001156,C1449,P002,D029,A008,2026-08-05,5,6500.0,32500.0
T001157,C0301,P009,D007,A001,2026-07-31,8,8500.0,68000.0
T001158,C1689,P006,D036,A011,2024-07-03,3,18500.0,55500.0
T001159,C1678,P006,D036,A011,2025-02-07,13,17575.0,228475.0
T001160,C0050,P012,D006,A001,2024-05-30,4,31000.0,124000.0
T001161,C1592,P013,D034,A010,2026-03-24,3,95000.0,285000.0
T001162,C0248,P002,D005,A001,2025-04-13,9,6500.0,58500.0
T001163,C0647,P009,D016,A004,2026-04-06,15,8075.0,121125.0
T001164,C1433,P015,D029,A008,2025-04-10,14,46550.0,651700.0
T001165,C0309,P001,D007,A001,2025-10-06,15,42750.0,641250.0
T001166,C1578,P010,D032,A009,2025-12-12,6,22000.0,132000.0
T001167,C1600,P013,D034,A010,2025-05-20,2,95000.0,190000.0
T001168,C0994,P012,D021,A005,2024-09-12,4,31000.0,124000.0
T001169,C0011,P014,D003,A001,2024-06-02,3,28000.0,84000.0
T001170,C0552,P011,D015,A004,2025-08-28,15,39900.0,598500.0
T001171,C1178,P012,D024,A005,2024-01-02,12,29450.0,353400.0
T001172,C1869,P005,D040,A013,2025-03-29,15,11875.0,178125.0
T001173,C1206,P010,D023,A005,2026-08-02,6,22000.0,132000.0
T001174,C0502,P001,D012,A003,2025-09-20,11,42750.0,470250.0
T001175,C1210,P010,D025,A005,2026-06-14,6,22000.0,132000.0
T001176,C1041,P010,D024,A005,2026-07-14,3,22000.0,66000.0
T001177,C1503,P015,D032,A009,2025-02-28,4,49000.0,196000.0
T001178,C0203,P013,D002,A001,2024-06-12,15,90250.0,1353750.0
T001179,C1468,P015,D029,A008,2024-12-23,9,49000.0,441000.0
T001180,C1043,P011,D021,A005,2025-08-09,12,39900.0,478800.0
T001181,C1830,P006,D041,A013,2024-08-11,1,18500.0,18500.0
T001182,C0662,P012,D017,A004,2025-02-15,4,31000.0,124000.0
T001183,C1206,P003,D024,A005,2025-02-22,3,120000.0,360000.0
T001184,C1786,P003,D038,A013,2025-03-17,7,120000.0,840000.0
T001185,C0197,P001,D006,A001,2025-11-15,9,45000.0,405000.0
T001186,C1794,P004,D038,A013,2024-02-14,5,38000.0,190000.0
T001187,C1320,P003,D027,A007,2026-04-18,11,114000.0,1254000.0
T001188,C0116,P014,D002,A001,2026-03-11,2,28000.0,56000.0
T001189,C0578,P015,D013,A004,2025-12-29,6,49000.0,294000.0
T001190,C1365,P009,D028,A007,2025-02-15,5,8500.0,42500.0
T001191,C0115,P006,D003,A001,2025-07-23,9,18500.0,166500.0
T001192,C1105,P014,D025,A005,2025-11-20,1,28000.0,28000.0
T001193,C0670,P009,D016,A004,2025-03-28,11,8075.0,88825.0
T001194,C1183,P006,D025,A005,2026-01-24,7,18500.0,129500.0
T001195,C0075,P005,D007,A001,2026-02-02,2,12500.0,25000.0
T001196,C1678,P011,D036,A011,2024-04-24,10,39900.0,399000.0
T001197,C1845,P003,D038,A013,2024-07-16,3,120000.0,360000.0
T001198,C1836,P003,D040,A013,2025-06-28,4,120000.0,480000.0
T001199,C1446,P015,D029,A008,2024-04-02,8,49000.0,392000.0
T001200,C0248,P010,D005,A001,2025-09-19,5,22000.0,110000.0
T001201,C1463,P009,D029,A008,2024-04-23,12,8075.0,96900.0
T001202,C0041,P007,D004,A001,2024-01-22,12,80750.0,969000.0
T001203,C0036,P001,D003,A001,2026-08-16,4,45000.0,180000.0
T001204,C0631,P007,D014,A004,2026-06-12,2,85000.0,170000.0
T001205,C0958,P003,D015,A004,2024-09-07,15,114000.0,1710000.0
T001206,C1486,P015,D032,A009,2025-07-20,12,46550.0,558600.0
T001207,C1308,P013,D026,A006,2024-03-02,8,95000.0,760000.0
T001208,C0863,P008,D016,A004,2026-08-13,4,54000.0,216000.0
T001209,C0529,P004,D012,A003,2025-11-20,13,36100.0,469300.0
T001210,C1894,P012,D038,A013,2025-06-01,6,31000.0,186000.0
T001211,C0826,P015,D016,A004,2024-06-30,7,49000.0,343000.0
T001212,C0880,P013,D013,A004,2024-01-01,2,95000.0,190000.0
T001213,C0311,P004,D009,A002,2026-01-04,10,36100.0,361000.0
T001214,C1531,P012,D031,A009,2024-12-23,15,29450.0,441750.0
T001215,C1326,P002,D028,A007,2024-11-29,12,6175.0,74100.0
T001216,C0423,P015,D011,A002,2025-05-19,7,49000.0,343000.0
T001217,C0150,P012,D003,A001,2026-04-25,10,29450.0,294500.0
T001218,C1305,P009,D026,A006,2026-05-26,11,8075.0,88825.0
T001219,C1247,P008,D026,A006,2025-02-23,2,54000.0,108000.0
T001220,C0528,P010,D012,A003,2025-08-16,14,20900.0,292600.0
T001221,C1815,P006,D041,A013,2024-07-01,12,17575.0,210900.0
T001222,C0289,P003,D006,A001,2025-02-04,7,120000.0,840000.0
T001223,C0833,P007,D014,A004,2025-09-18,14,80750.0,1130500.0
T001224,C1803,P008,D039,A013,2024-11-11,10,51300.0,513000.0
T001225,C0805,P004,D017,A004,2024-10-06,11,36100.0,397100.0
T001226,C1218,P012,D021,A005,2026-06-26,3,31000.0,93000.0
T001227,C0762,P011,D016,A004,2024-05-26,13,39900.0,518700.0
T001228,C0532,P005,D012,A003,2026-02-21,8,12500.0,100000.0
T001229,C1872,P001,D041,A013,2024-11-10,11,42750.0,470250.0
T001230,C0782,P010,D017,A004,2024-10-18,7,22000.0,154000.0
T001231,C1725,P010,D036,A011,2024-04-25,7,22000.0,154000.0
T001232,C0443,P011,D010,A002,2024-07-30,7,42000.0,294000.0
T001233,C0413,P007,D010,A002,2026-03-06,10,80750.0,807500.0
T001234,C0051,P013,D005,A001,2024-06-19,11,90250.0,992750.0
T001235,C1243,P006,D020,A005,2024-05-01,14,17575.0,246050.0
T001236,C0710,P001,D016,A004,2025-02-13,5,45000.0,225000.0
T001237,C1667,P009,D034,A010,2024-10-04,9,8500.0,76500.0
T001238,C0926,P001,D017,A004,2026-06-17,9,45000.0,405000.0
T001239,C1836,P001,D040,A013,2025-05-09,5,45000.0,225000.0
T001240,C0360,P010,D011,A002,2024-09-25,14,20900.0,292600.0
T001241,C1673,P014,D036,A011,2024-01-15,3,28000.0,84000.0
T001242,C1496,P004,D030,A009,2025-11-26,6,38000.0,228000.0
T001243,C1486,P010,D032,A009,2025-10-22,4,22000.0,88000.0
T001244,C1627,P002,D035,A010,2026-02-24,10,6175.0,61750.0
T001245,C1468,P015,D029,A008,2025-03-18,8,49000.0,392000.0
T001246,C1194,P012,D019,A005,2025-10-31,2,31000.0,62000.0
T001247,C0252,P013,D001,A001,2024-02-01,2,95000.0,190000.0
T001248,C0053,P012,D001,A001,2024-02-18,4,31000.0,124000.0
T001249,C1773,P005,D037,A012,2025-09-07,10,11875.0,118750.0
T001250,C1178,P007,D023,A005,2026-07-13,15,80750.0,1211250.0
T001251,C1535,P001,D033,A009,2024-05-25,13,42750.0,555750.0
T001252,C0949,P007,D016,A004,2024-05-20,6,85000.0,510000.0
T001253,C0216,P003,D001,A001,2025-09-15,1,120000.0,120000.0
T001254,C0238,P011,D003,A001,2025-03-26,13,39900.0,518700.0
T001255,C1311,P007,D028,A007,2025-07-08,5,85000.0,425000.0
T001256,C0829,P010,D016,A004,2024-11-30,3,22000.0,66000.0
T001257,C0390,P004,D010,A002,2024-01-07,8,38000.0,304000.0
T001258,C0964,P006,D014,A004,2024-04-14,3,18500.0,55500.0
T001259,C0112,P001,D006,A001,2024-09-12,7,45000.0,315000.0
T001260,C1105,P002,D024,A005,2026-03-08,8,6500.0,52000.0
T001261,C0520,P008,D012,A003,2024-06-09,7,54000.0,378000.0
T001262,C1537,P010,D032,A009,2025-07-23,6,22000.0,132000.0
T001263,C0600,P003,D017,A004,2025-11-15,5,120000.0,600000.0
T001264,C0883,P014,D015,A004,2024-04-13,7,28000.0,196000.0
T001265,C0020,P010,D001,A001,2025-04-04,2,22000.0,44000.0
T001266,C0124,P011,D001,A001,2025-01-06,5,42000.0,210000.0
T001267,C0749,P005,D016,A004,2024-08-23,13,11875.0,154375.0
T001268,C0942,P005,D016,A004,2026-06-13,9,12500.0,112500.0
T001269,C1135,P014,D025,A005,2026-05-14,8,28000.0,224000.0
T001270,C0563,P010,D016,A004,2024-07-23,5,22000.0,110000.0
T001271,C1331,P006,D027,A007,2025-05-15,9,18500.0,166500.0
T001272,C1656,P004,D035,A010,2024-03-26,14,36100.0,505400.0
T001273,C1503,P009,D031,A009,2025-03-13,15,8075.0,121125.0
T001274,C0061,P003,D007,A001,2026-07-24,9,120000.0,1080000.0
T001275,C0945,P008,D014,A004,2024-01-10,5,54000.0,270000.0
T001276,C0200,P006,D002,A001,2024-05-05,8,18500.0,148000.0
T001277,C0467,P004,D012,A003,2026-01-16,4,38000.0,152000.0
T001278,C1876,P002,D038,A013,2024-12-30,7,6500.0,45500.0
T001279,C0272,P007,D004,A001,2024-03-30,12,80750.0,969000.0
T001280,C0984,P010,D025,A005,2025-02-11,10,20900.0,209000.0
T001281,C1181,P007,D020,A005,2025-08-24,10,80750.0,807500.0
T001282,C1348,P007,D028,A007,2026-07-16,6,85000.0,510000.0
T001283,C1071,P001,D024,A005,2024-02-07,2,45000.0,90000.0
T001284,C0016,P004,D005,A001,2024-01-18,9,38000.0,342000.0
T001285,C0637,P003,D013,A004,2025-12-22,2,120000.0,240000.0
T001286,C1009,P015,D021,A005,2024-06-23,11,46550.0,512050.0
T001287,C0158,P013,D005,A001,2024-10-31,10,90250.0,902500.0
T001288,C0676,P008,D014,A004,2025-07-28,15,51300.0,769500.0
T001289,C0054,P011,D006,A001,2025-08-07,6,42000.0,252000.0
T001290,C0145,P014,D005,A001,2024-02-22,3,28000.0,84000.0
T001291,C0757,P012,D017,A004,2025-09-15,11,29450.0,323950.0
T001292,C0254,P003,D003,A001,2025-06-25,9,120000.0,1080000.0
T001293,C1088,P015,D019,A005,2025-04-18,1,49000.0,49000.0
T001294,C1320,P005,D028,A007,2026-04-10,2,12500.0,25000.0
T001295,C1546,P013,D031,A009,2025-06-19,7,95000.0,665000.0
T001296,C0390,P011,D008,A002,2024-08-02,9,42000.0,378000.0
T001297,C0318,P002,D008,A002,2025-08-14,4,6500.0,26000.0
T001298,C0198,P002,D003,A001,2026-08-25,15,6175.0,92625.0
T001299,C1214,P012,D025,A005,2025-09-24,11,29450.0,323950.0
T001300,C1357,P002,D028,A007,2025-04-24,10,6175.0,61750.0
T001301,C0051,P007,D004,A001,2025-08-22,4,85000.0,340000.0
T001302,C1791,P014,D040,A013,2026-02-01,9,28000.0,252000.0
T001303,C0094,P012,D001,A001,2026-02-26,14,29450.0,412300.0
T001304,C1044,P001,D024,A005,2026-02-01,2,45000.0,90000.0
T001305,C1367,P001,D027,A007,2026-05-28,9,45000.0,405000.0
T001306,C1676,P011,D036,A011,2024-12-23,2,42000.0,84000.0
T001307,C1374,P012,D028,A007,2026-04-26,9,31000.0,279000.0
T001308,C1548,P005,D032,A009,2024-03-03,15,11875.0,178125.0
T001309,C0655,P007,D013,A004,2026-07-16,6,85000.0,510000.0
T001310,C1574,P007,D033,A009,2024-05-23,15,80750.0,1211250.0
T001311,C0147,P012,D005,A001,2025-02-14,10,29450.0,294500.0
T001312,C1726,P001,D036,A011,2025-10-03,6,45000.0,270000.0
T001313,C1053,P007,D019,A005,2025-01-10,11,80750.0,888250.0
T001314,C1577,P006,D033,A009,2026-04-20,7,18500.0,129500.0
T001315,C0881,P006,D013,A004,2024-04-13,7,18500.0,129500.0
T001316,C1229,P011,D020,A005,2026-05-08,9,42000.0,378000.0
T001317,C1021,P014,D020,A005,2025-07-11,10,26600.0,266000.0
T001318,C1410,P001,D028,A007,2026-07-25,4,45000.0,180000.0
T001319,C0149,P005,D003,A001,2024-03-11,14,11875.0,166250.0
T001320,C0109,P002,D005,A001,2025-12-14,8,6500.0,52000.0
T001321,C0478,P014,D012,A003,2025-02-23,14,26600.0,372400.0
T001322,C0306,P001,D002,A001,2025-11-16,9,45000.0,405000.0
T001323,C1678,P001,D036,A011,2024-05-26,8,45000.0,360000.0
T001324,C0418,P009,D008,A002,2024-09-26,11,8075.0,88825.0
T001325,C1851,P013,D039,A013,2025-08-29,6,95000.0,570000.0
T001326,C0650,P013,D013,A004,2025-03-04,8,95000.0,760000.0
T001327,C0357,P011,D008,A002,2025-08-06,3,42000.0,126000.0
T001328,C1525,P010,D033,A009,2026-02-22,5,22000.0,110000.0
T001329,C1254,P012,D026,A006,2026-05-01,14,29450.0,412300.0
T001330,C0983,P014,D022,A005,2024-05-06,8,28000.0,224000.0
T001331,C1062,P007,D025,A005,2025-07-20,9,85000.0,765000.0
T001332,C1384,P014,D028,A007,2026-03-05,12,26600.0,319200.0
T001333,C0442,P013,D008,A002,2025-06-03,8,95000.0,760000.0
T001334,C1892,P006,D039,A013,2026-01-19,4,18500.0,74000.0
T001335,C1845,P001,D040,A013,2024-04-06,4,45000.0,180000.0
T001336,C1242,P002,D021,A005,2024-07-16,9,6500.0,58500.0
T001337,C0386,P003,D011,A002,2024-05-16,6,120000.0,720000.0
T001338,C1305,P002,D026,A006,2026-06-02,14,6175.0,86450.0
T001339,C0124,P011,D003,A001,2025-04-06,8,42000.0,336000.0
T001340,C0051,P001,D001,A001,2025-12-25,12,42750.0,513000.0
T001341,C0497,P002,D012,A003,2024-06-12,5,6500.0,32500.0
T001342,C0902,P011,D013,A004,2024-03-01,10,39900.0,399000.0
T001343,C1673,P011,D036,A011,2024-05-27,13,39900.0,518700.0
T001344,C1399,P012,D028,A007,2024-06-03,12,29450.0,353400.0
T001345,C1430,P003,D029,A008,2025-01-17,2,120000.0,240000.0
T001346,C0819,P001,D015,A004,2026-05-02,15,42750.0,641250.0
T001347,C0670,P002,D013,A004,2025-06-30,14,6175.0,86450.0
T001348,C0713,P009,D016,A004,2024-04-11,12,8075.0,96900.0
T001349,C1876,P009,D041,A013,2025-04-04,12,8075.0,96900.0
T001350,C0061,P001,D005,A001,2024-12-09,13,42750.0,555750.0
T001351,C1671,P003,D036,A011,2025-08-07,6,120000.0,720000.0
T001352,C1100,P001,D021,A005,2025-04-21,8,45000.0,360000.0
T001353,C0849,P004,D014,A004,2024-12-07,13,36100.0,469300.0
T001354,C1393,P004,D028,A007,2024-04-01,4,38000.0,152000.0
T001355,C0956,P002,D014,A004,2025-07-07,14,6175.0,86450.0
T001356,C1680,P015,D036,A011,2025-11-01,7,49000.0,343000.0
T001357,C1733,P014,D037,A012,2024-11-19,14,26600.0,372400.0
T001358,C0810,P002,D016,A004,2024-04-23,10,6175.0,61750.0
T001359,C0534,P001,D012,A003,2024-09-19,5,45000.0,225000.0
T001360,C1124,P013,D021,A005,2024-10-27,14,90250.0,1263500.0
T001361,C1752,P007,D037,A012,2024-05-27,6,85000.0,510000.0
T001362,C0412,P002,D009,A002,2026-01-20,15,6175.0,92625.0
T001363,C1185,P012,D025,A005,2025-04-01,13,29450.0,382850.0
T001364,C1206,P004,D024,A005,2024-07-06,7,38000.0,266000.0
T001365,C1412,P015,D027,A007,2025-04-26,7,49000.0,343000.0
T001366,C0253,P012,D005,A001,2024-01-25,11,29450.0,323950.0
T001367,C1377,P006,D028,A007,2024-04-24,7,18500.0,129500.0
T001368,C1747,P002,D037,A012,2026-08-10,9,6500.0,58500.0
T001369,C0354,P007,D011,A002,2026-02-14,12,80750.0,969000.0
T001370,C0457,P005,D011,A002,2025-07-23,7,12500.0,87500.0
T001371,C1841,P007,D038,A013,2026-07-18,1,85000.0,85000.0
T001372,C0355,P001,D009,A002,2025-03-24,14,42750.0,598500.0
T001373,C1645,P002,D034,A010,2025-05-17,5,6500.0,32500.0
T001374,C0964,P005,D013,A004,2024-02-21,7,12500.0,87500.0
T001375,C0478,P014,D012,A003,2025-02-06,10,26600.0,266000.0
T001376,C1676,P006,D036,A011,2024-10-12,9,18500.0,166500.0
T001377,C0863,P001,D017,A004,2024-06-10,2,45000.0,90000.0
T001378,C1004,P005,D022,A005,2024-07-10,3,12500.0,37500.0
T001379,C0691,P003,D014,A004,2026-01-31,12,114000.0,1368000.0
T001380,C1126,P001,D021,A005,2026-07-13,6,45000.0,270000.0
T001381,C0311,P001,D008,A002,2024-01-19,9,45000.0,405000.0
T001382,C0747,P007,D016,A004,2024-09-02,10,80750.0,807500.0
T001383,C1837,P010,D038,A013,2024-05-04,5,22000.0,110000.0
T001384,C0497,P014,D012,A003,2025-01-28,10,26600.0,266000.0
T001385,C1251,P011,D026,A006,2024-07-25,15,39900.0,598500.0
T001386,C0635,P013,D017,A004,2026-01-14,8,95000.0,760000.0
T001387,C1488,P009,D032,A009,2024-11-03,9,8500.0,76500.0
T001388,C0250,P005,D004,A001,2024-09-07,1,12500.0,12500.0
T001389,C1837,P010,D040,A013,2025-12-01,4,22000.0,88000.0
T001390,C0882,P004,D016,A004,2024-03-25,15,36100.0,541500.0
T001391,C0455,P011,D010,A002,2025-12-11,5,42000.0,210000.0
T001392,C0126,P013,D003,A001,2024-06-02,1,95000.0,95000.0
T001393,C0324,P001,D008,A002,2025-01-06,4,45000.0,180000.0
T001394,C1013,P001,D022,A005,2024-11-25,7,45000.0,315000.0
T001395,C0650,P015,D018,A004,2024-10-06,14,46550.0,651700.0
T001396,C1595,P002,D034,A010,2025-07-17,3,6500.0,19500.0
T001397,C0830,P003,D018,A004,2026-02-27,9,120000.0,1080000.0
T001398,C0481,P011,D012,A003,2025-06-09,8,42000.0,336000.0
T001399,C1178,P003,D022,A005,2024-05-24,1,120000.0,120000.0
T001400,C1360,P005,D028,A007,2026-07-15,3,12500.0,37500.0
T001401,C0317,P004,D011,A002,2024-11-15,3,38000.0,114000.0
T001402,C0319,P005,D008,A002,2024-06-12,10,11875.0,118750.0
T001403,C0058,P009,D006,A001,2024-12-05,2,8500.0,17000.0
T001404,C1419,P011,D027,A007,2026-03-16,11,39900.0,438900.0
T001405,C1266,P014,D026,A006,2024-04-27,15,26600.0,399000.0
T001406,C0928,P001,D015,A004,2025-03-12,7,45000.0,315000.0
T001407,C1623,P009,D034,A010,2025-04-14,2,8500.0,17000.0
T001408,C1558,P004,D031,A009,2025-08-04,12,36100.0,433200.0
T001409,C1113,P001,D024,A005,2026-07-15,5,45000.0,225000.0
T001410,C1673,P007,D036,A011,2026-02-08,6,85000.0,510000.0
T001411,C0404,P015,D010,A002,2024-11-15,7,49000.0,343000.0
T001412,C0211,P015,D002,A001,2025-03-26,7,49000.0,343000.0
T001413,C0521,P001,D012,A003,2025-09-28,2,45000.0,90000.0
T001414,C0106,P012,D007,A001,2025-10-02,4,31000.0,124000.0
T001415,C1027,P004,D021,A005,2025-07-25,7,38000.0,266000.0
T001416,C1794,P003,D040,A013,2026-02-14,2,120000.0,240000.0
T001417,C0060,P003,D004,A001,2025-04-08,1,120000.0,120000.0
T001418,C0228,P007,D003,A001,2026-08-12,12,80750.0,969000.0
T001419,C0881,P002,D017,A004,2026-06-19,8,6500.0,52000.0
T001420,C1787,P014,D040,A013,2026-03-20,10,26600.0,266000.0
T001421,C0620,P010,D013,A004,2025-10-16,4,22000.0,88000.0
T001422,C0994,P002,D025,A005,2025-06-06,5,6500.0,32500.0
T001423,C0069,P003,D002,A001,2024-11-16,14,114000.0,1596000.0
T001424,C0281,P012,D004,A001,2026-06-18,12,29450.0,353400.0
T001425,C1876,P006,D041,A013,2026-05-13,5,18500.0,92500.0
T001426,C1832,P005,D039,A013,2024-01-18,7,12500.0,87500.0
T001427,C0007,P002,D007,A001,2024-05-06,2,6500.0,13000.0
T001428,C1816,P009,D038,A013,2025-06-27,3,8500.0,25500.0
T001429,C1218,P005,D020,A005,2024-12-11,11,11875.0,130625.0
T001430,C1673,P009,D036,A011,2026-01-11,2,8500.0,17000.0
T001431,C0883,P009,D013,A004,2025-02-18,7,8500.0,59500.0
T001432,C1004,P002,D025,A005,2024-04-13,1,6500.0,6500.0
T001433,C0958,P005,D014,A004,2025-11-03,12,11875.0,142500.0
T001434,C1279,P014,D026,A006,2024-05-01,12,26600.0,319200.0
T001435,C0267,P009,D004,A001,2024-01-05,14,8075.0,113050.0
T001436,C0050,P011,D007,A001,2025-06-01,7,42000.0,294000.0
T001437,C0590,P012,D014,A004,2024-04-17,10,29450.0,294500.0
T001438,C1354,P015,D027,A007,2024-03-23,2,49000.0,98000.0
T001439,C0393,P015,D011,A002,2026-04-12,2,49000.0,98000.0
T001440,C1292,P002,D026,A006,2026-02-19,11,6175.0,67925.0
T001441,C1837,P015,D041,A013,2026-06-24,15,46550.0,698250.0
T001442,C0171,P010,D007,A001,2024-02-22,12,20900.0,250800.0
T001443,C1292,P014,D026,A006,2026-04-21,9,28000.0,252000.0
T001444,C0857,P002,D013,A004,2024-07-29,8,6500.0,52000.0
T001445,C1673,P002,D036,A011,2025-04-28,15,6175.0,92625.0
T001446,C0345,P008,D008,A002,2025-04-27,3,54000.0,162000.0
T001447,C1323,P008,D027,A007,2026-08-26,7,54000.0,378000.0
T001448,C1611,P002,D035,A010,2026-05-04,3,6500.0,19500.0
T001449,C1803,P013,D041,A013,2024-09-14,8,95000.0,760000.0
T001450,C1308,P006,D026,A006,2024-02-11,8,18500.0,148000.0
T001451,C0976,P001,D020,A005,2026-03-28,5,45000.0,225000.0
T001452,C1181,P006,D025,A005,2024-12-26,8,18500.0,148000.0
T001453,C1674,P011,D036,A011,2024-07-17,13,39900.0,518700.0
T001454,C1091,P003,D025,A005,2024-05-04,7,120000.0,840000.0
T001455,C0050,P013,D004,A001,2025-07-18,6,95000.0,570000.0
T001456,C1785,P007,D041,A013,2025-11-29,11,80750.0,888250.0
T001457,C1320,P004,D028,A007,2025-12-14,12,36100.0,433200.0
T001458,C1298,P014,D026,A006,2026-07-05,5,28000.0,140000.0
T001459,C0415,P001,D009,A002,2024-07-21,6,45000.0,270000.0
T001460,C1254,P005,D026,A006,2024-10-15,14,11875.0,166250.0
T001461,C0750,P009,D014,A004,2025-08-14,3,8500.0,25500.0
T001462,C1243,P004,D019,A005,2024-01-11,5,38000.0,190000.0
T001463,C0201,P002,D007,A001,2024-01-16,6,6500.0,39000.0
T001464,C1254,P002,D026,A006,2025-05-02,12,6175.0,74100.0
T001465,C1900,P007,D040,A013,2025-02-17,12,80750.0,969000.0
T001466,C0083,P004,D003,A001,2025-07-17,2,38000.0,76000.0
T001467,C1855,P015,D040,A013,2026-07-22,8,49000.0,392000.0
T001468,C0779,P014,D017,A004,2026-03-17,7,28000.0,196000.0
T001469,C1676,P006,D036,A011,2024-05-20,9,18500.0,166500.0
T001470,C1507,P002,D031,A009,2024-08-27,10,6175.0,61750.0
T001471,C1087,P006,D021,A005,2024-09-22,3,18500.0,55500.0
T001472,C1421,P011,D029,A008,2024-06-13,4,42000.0,168000.0
T001473,C1685,P005,D036,A011,2026-02-15,12,11875.0,142500.0
T001474,C0772,P008,D014,A004,2024-02-07,6,54000.0,324000.0
T001475,C0637,P001,D017,A004,2025-04-19,2,45000.0,90000.0
T001476,C1281,P008,D026,A006,2025-05-07,11,51300.0,564300.0
T001477,C1559,P005,D031,A009,2025-06-26,1,12500.0,12500.0
T001478,C1473,P014,D029,A008,2025-05-30,14,26600.0,372400.0
T001479,C1537,P001,D031,A009,2025-07-30,3,45000.0,135000.0
T001480,C0846,P009,D016,A004,2024-05-31,15,8075.0,121125.0
T001481,C1578,P001,D033,A009,2025-03-02,7,45000.0,315000.0
T001482,C0223,P007,D006,A001,2024-07-30,3,85000.0,255000.0
T001483,C1049,P004,D021,A005,2024-08-01,12,36100.0,433200.0
T001484,C0009,P012,D002,A001,2025-01-01,10,29450.0,294500.0
T001485,C0633,P009,D016,A004,2025-09-13,1,8500.0,8500.0
T001486,C0706,P005,D017,A004,2026-07-29,15,11875.0,178125.0
T001487,C0757,P003,D013,A004,2025-12-11,6,120000.0,720000.0
T001488,C1331,P013,D027,A007,2025-12-04,9,95000.0,855000.0
T001489,C0745,P007,D018,A004,2024-03-26,15,80750.0,1211250.0
T001490,C0870,P005,D013,A004,2024-11-17,4,12500.0,50000.0
T001491,C0457,P001,D011,A002,2025-05-27,10,42750.0,427500.0
T001492,C0718,P003,D016,A004,2026-05-20,2,120000.0,240000.0
T001493,C0437,P013,D010,A002,2024-05-30,14,90250.0,1263500.0
T001494,C0126,P003,D004,A001,2026-01-16,4,120000.0,480000.0
T001495,C1141,P011,D020,A005,2025-05-08,2,42000.0,84000.0
T001496,C1282,P006,D026,A006,2025-03-12,10,17575.0,175750.0
T001497,C1182,P001,D025,A005,2024-10-28,3,45000.0,135000.0
T001498,C0903,P005,D017,A004,2025-02-17,10,11875.0,118750.0
T001499,C0728,P002,D016,A004,2025-08-15,1,6500.0,6500.0
T001500,C1667,P001,D034,A010,2026-02-03,7,45000.0,315000.0
T001501,C1012,P015,D021,A005,2024-07-07,11,46550.0,512050.0
T001502,C0941,P007,D017,A004,2024-01-26,14,80750.0,1130500.0
T001503,C0042,P001,D002,A001,2026-04-05,2,45000.0,90000.0
T001504,C0660,P001,D015,A004,2025-12-02,1,45000.0,45000.0
T001505,C0728,P007,D016,A004,2024-07-06,5,85000.0,425000.0
T001506,C0763,P014,D016,A004,2024-06-12,10,26600.0,266000.0
T001507,C1104,P015,D023,A005,2024-01-06,9,49000.0,441000.0
T001508,C1030,P013,D021,A005,2024-09-23,1,95000.0,95000.0
T001509,C1163,P014,D023,A005,2024-11-28,2,28000.0,56000.0
T001510,C1479,P003,D033,A009,2025-12-18,3,120000.0,360000.0
T001511,C1570,P010,D030,A009,2026-04-21,7,22000.0,154000.0
T001512,C1380,P013,D028,A007,2024-03-01,3,95000.0,285000.0
T001513,C1820,P006,D039,A013,2025-04-09,14,17575.0,246050.0
T001514,C0029,P004,D005,A001,2025-05-15,5,38000.0,190000.0
T001515,C0377,P008,D008,A002,2025-06-01,14,51300.0,718200.0
T001516,C0011,P008,D003,A001,2026-02-10,7,54000.0,378000.0
T001517,C1234,P012,D019,A005,2025-08-01,14,29450.0,412300.0
T001518,C1731,P002,D037,A012,2026-03-06,14,6175.0,86450.0
T001519,C0470,P005,D012,A003,2025-07-09,10,11875.0,118750.0
T001520,C1782,P006,D039,A013,2024-09-10,4,18500.0,74000.0
T001521,C0109,P002,D001,A001,2024-06-06,13,6175.0,80275.0
T001522,C1787,P014,D038,A013,2024-04-26,10,26600.0,266000.0
T001523,C0678,P013,D018,A004,2025-11-30,15,90250.0,1353750.0
T001524,C0189,P014,D005,A001,2026-04-07,9,28000.0,252000.0
T001525,C0956,P013,D014,A004,2024-07-16,15,90250.0,1353750.0
T001526,C0496,P003,D012,A003,2024-05-15,1,120000.0,120000.0
T001527,C0549,P009,D018,A004,2024-08-24,2,8500.0,17000.0
T001528,C0588,P005,D013,A004,2024-06-14,15,11875.0,178125.0
T001529,C1551,P010,D033,A009,2024-11-16,15,20900.0,313500.0
T001530,C1039,P002,D020,A005,2024-09-05,8,6500.0,52000.0
T001531,C0604,P010,D015,A004,2024-10-11,3,22000.0,66000.0
T001532,C1164,P013,D025,A005,2024-10-01,11,90250.0,992750.0
T001533,C1377,P010,D027,A007,2025-08-23,3,22000.0,66000.0
T001534,C0526,P002,D012,A003,2025-01-16,4,6500.0,26000.0
T001535,C0797,P005,D016,A004,2024-11-22,3,12500.0,37500.0
T001536,C0228,P005,D004,A001,2024-04-15,15,11875.0,178125.0
T001537,C0355,P002,D011,A002,2026-04-08,13,6175.0,80275.0
T001538,C1305,P011,D026,A006,2024-11-18,14,39900.0,558600.0
T001539,C0355,P002,D008,A002,2024-12-28,12,6175.0,74100.0
T001540,C1019,P002,D021,A005,2024-08-02,12,6175.0,74100.0
T001541,C1366,P004,D027,A007,2025-06-13,14,36100.0,505400.0
T001542,C0201,P003,D003,A001,2025-04-22,10,114000.0,1140000.0
T001543,C1087,P003,D020,A005,2024-04-05,9,120000.0,1080000.0
T001544,C0496,P013,D012,A003,2025-12-18,15,90250.0,1353750.0
T001545,C1830,P015,D038,A013,2024-11-05,13,46550.0,605150.0
T001546,C0953,P011,D016,A004,2026-04-29,10,39900.0,399000.0
T001547,C1558,P003,D033,A009,2024-12-28,2,120000.0,240000.0
T001548,C1059,P008,D024,A005,2025-07-09,11,51300.0,564300.0
T001549,C0071,P009,D003,A001,2025-10-13,9,8500.0,76500.0
T001550,C1207,P012,D023,A005,2024-06-24,13,29450.0,382850.0
T001551,C1815,P003,D041,A013,2026-03-18,3,120000.0,360000.0
T001552,C1136,P003,D024,A005,2025-08-21,13,114000.0,1482000.0
T001553,C1578,P013,D032,A009,2026-01-24,6,95000.0,570000.0
T001554,C1696,P003,D036,A011,2024-07-06,14,114000.0,1596000.0
T001555,C0440,P006,D011,A002,2024-06-21,13,17575.0,228475.0
T001556,C0412,P010,D010,A002,2026-06-20,3,22000.0,66000.0
T001557,C1166,P004,D021,A005,2024-03-30,5,38000.0,190000.0
T001558,C0790,P001,D017,A004,2025-12-20,11,42750.0,470250.0
T001559,C1612,P001,D034,A010,2025-02-23,7,45000.0,315000.0
T001560,C1733,P001,D037,A012,2025-03-16,4,45000.0,180000.0
T001561,C0680,P001,D018,A004,2024-08-25,10,42750.0,427500.0
T001562,C0456,P004,D009,A002,2025-01-14,13,36100.0,469300.0
T001563,C1504,P005,D033,A009,2024-04-05,2,12500.0,25000.0
T001564,C0532,P007,D012,A003,2026-08-12,9,85000.0,765000.0
T001565,C1587,P007,D032,A009,2025-02-13,2,85000.0,170000.0
T001566,C0813,P007,D014,A004,2025-02-04,5,85000.0,425000.0
T001567,C1281,P001,D026,A006,2025-08-09,6,45000.0,270000.0
T001568,C0172,P002,D004,A001,2026-04-25,7,6500.0,45500.0
T001569,C1187,P004,D025,A005,2026-06-26,4,38000.0,152000.0
T001570,C0880,P010,D015,A004,2024-10-16,12,20900.0,250800.0
T001571,C1117,P004,D024,A005,2024-04-11,7,38000.0,266000.0
T001572,C0322,P015,D009,A002,2025-04-15,3,49000.0,147000.0
T001573,C1420,P008,D028,A007,2026-07-04,15,51300.0,769500.0
T001574,C1667,P005,D035,A010,2024-07-03,10,11875.0,118750.0
T001575,C0417,P008,D010,A002,2026-05-28,6,54000.0,324000.0
T001576,C0172,P002,D007,A001,2026-05-16,8,6500.0,52000.0
T001577,C0041,P012,D002,A001,2024-02-12,15,29450.0,441750.0
T001578,C1224,P005,D025,A005,2024-09-30,2,12500.0,25000.0
T001579,C1157,P013,D021,A005,2026-03-26,4,95000.0,380000.0
T001580,C1053,P010,D025,A005,2024-01-12,3,22000.0,66000.0
T001581,C0449,P012,D009,A002,2025-01-22,14,29450.0,412300.0
T001582,C0747,P012,D016,A004,2024-06-26,4,31000.0,124000.0
T001583,C1128,P011,D019,A005,2024-01-04,10,39900.0,399000.0
T001584,C0974,P015,D021,A005,2025-05-08,12,46550.0,558600.0
T001585,C1876,P004,D040,A013,2026-03-09,10,36100.0,361000.0
T001586,C0265,P004,D004,A001,2025-06-30,2,38000.0,76000.0
T001587,C1331,P014,D028,A007,2026-01-24,2,28000.0,56000.0
T001588,C0773,P009,D015,A004,2024-10-09,4,8500.0,34000.0
T001589,C0828,P009,D016,A004,2026-05-13,11,8075.0,88825.0
T001590,C1377,P014,D028,A007,2024-05-14,11,26600.0,292600.0
T001591,C1323,P013,D027,A007,2025-01-11,11,90250.0,992750.0
T001592,C1884,P014,D038,A013,2026-08-18,1,28000.0,28000.0
T001593,C0247,P014,D001,A001,2024-01-12,13,26600.0,345800.0
T001594,C0198,P011,D007,A001,2026-05-07,9,42000.0,378000.0
T001595,C1393,P013,D028,A007,2024-02-04,6,95000.0,570000.0
T001596,C1100,P015,D022,A005,2025-08-29,9,49000.0,441000.0
T001597,C0532,P008,D012,A003,2024-01-23,14,51300.0,718200.0
T001598,C0147,P002,D005,A001,2026-08-13,3,6500.0,19500.0
T001599,C0152,P014,D004,A001,2026-07-22,10,26600.0,266000.0
T001600,C1725,P013,D036,A011,2025-06-04,11,90250.0,992750.0
T001601,C0372,P006,D008,A002,2025-01-31,8,18500.0,148000.0
T001602,C0629,P014,D014,A004,2025-12-14,9,28000.0,252000.0
T001603,C0437,P008,D011,A002,2024-01-25,12,51300.0,615600.0
T001604,C0683,P001,D018,A004,2025-10-14,5,45000.0,225000.0
T001605,C0122,P008,D001,A001,2024-09-25,11,51300.0,564300.0
T001606,C1012,P009,D025,A005,2025-02-15,11,8075.0,88825.0
T001607,C0116,P003,D007,A001,2024-03-03,13,114000.0,1482000.0
T001608,C1545,P011,D030,A009,2025-04-30,4,42000.0,168000.0
T001609,C0452,P014,D008,A002,2025-11-20,10,26600.0,266000.0
T001610,C1041,P003,D022,A005,2025-12-20,6,120000.0,720000.0
T001611,C1689,P008,D036,A011,2025-06-30,7,54000.0,378000.0
T001612,C1243,P005,D020,A005,2024-01-31,4,12500.0,50000.0
T001613,C1028,P011,D020,A005,2026-06-24,2,42000.0,84000.0
T001614,C0633,P011,D017,A004,2025-12-09,1,42000.0,42000.0
T001615,C0645,P007,D016,A004,2024-01-28,7,85000.0,595000.0
T001616,C1284,P009,D026,A006,2024-07-13,1,8500.0,8500.0
T001617,C1888,P005,D039,A013,2025-07-28,15,11875.0,178125.0
T001618,C1261,P004,D026,A006,2025-12-15,3,38000.0,114000.0
T001619,C1069,P012,D023,A005,2024-04-24,7,31000.0,217000.0
T001620,C1410,P011,D028,A007,2025-10-18,5,42000.0,210000.0
T001621,C0911,P011,D017,A004,2025-08-16,14,39900.0,558600.0
T001622,C0109,P015,D007,A001,2025-08-17,15,46550.0,698250.0
T001623,C1077,P009,D019,A005,2024-12-02,1,8500.0,8500.0
T001624,C1823,P008,D038,A013,2026-08-17,10,51300.0,513000.0
T001625,C0343,P015,D008,A002,2024-07-27,1,49000.0,49000.0
T001626,C1322,P015,D027,A007,2025-04-10,3,49000.0,147000.0
T001627,C0392,P007,D009,A002,2025-10-28,14,80750.0,1130500.0
T001628,C1032,P001,D024,A005,2026-05-21,1,45000.0,45000.0
T001629,C0180,P006,D005,A001,2024-07-07,11,17575.0,193325.0
T001630,C0877,P007,D017,A004,2024-01-03,7,85000.0,595000.0
T001631,C1460,P015,D029,A008,2026-05-29,2,49000.0,98000.0
T001632,C0670,P001,D017,A004,2024-02-03,9,45000.0,405000.0
T001633,C1272,P008,D026,A006,2025-10-12,13,51300.0,666900.0
T001634,C1533,P015,D032,A009,2024-10-14,5,49000.0,245000.0
T001635,C1783,P011,D039,A013,2025-10-19,5,42000.0,210000.0
T001636,C0453,P008,D008,A002,2024-03-24,3,54000.0,162000.0
T001637,C0764,P015,D018,A004,2024-05-26,5,49000.0,245000.0
T001638,C0293,P010,D001,A001,2025-08-22,2,22000.0,44000.0
T001639,C1884,P001,D039,A013,2025-07-18,15,42750.0,641250.0
T001640,C1782,P015,D038,A013,2024-09-12,10,46550.0,465500.0
T001641,C1041,P015,D025,A005,2024-10-27,4,49000.0,196000.0
T001642,C1616,P012,D035,A010,2024-02-13,6,31000.0,186000.0
T001643,C1016,P009,D025,A005,2024-03-22,12,8075.0,96900.0
T001644,C1187,P005,D024,A005,2024-01-17,4,12500.0,50000.0
T001645,C0161,P015,D005,A001,2025-07-13,3,49000.0,147000.0
T001646,C1458,P008,D029,A008,2025-06-14,6,54000.0,324000.0
T001647,C0246,P004,D002,A001,2024-08-24,7,38000.0,266000.0
T001648,C1592,P013,D035,A010,2024-10-17,10,90250.0,902500.0
T001649,C1507,P014,D033,A009,2026-07-22,14,26600.0,372400.0
T001650,C1366,P005,D027,A007,2025-09-11,9,12500.0,112500.0
T001651,C0057,P003,D001,A001,2025-01-28,7,120000.0,840000.0
T001652,C0580,P010,D017,A004,2025-02-21,3,22000.0,66000.0
T001653,C0513,P010,D012,A003,2025-08-25,15,20900.0,313500.0
T001654,C0693,P004,D014,A004,2024-11-24,13,36100.0,469300.0
T001655,C0158,P009,D005,A001,2025-04-20,12,8075.0,96900.0
T001656,C1794,P013,D041,A013,2024-01-13,5,95000.0,475000.0
T001657,C1062,P009,D025,A005,2026-04-06,5,8500.0,42500.0
T001658,C0585,P010,D017,A004,2026-02-02,4,22000.0,88000.0
T001659,C0757,P001,D013,A004,2026-07-07,2,45000.0,90000.0
T001660,C0867,P012,D016,A004,2026-08-10,7,31000.0,217000.0
T001661,C1136,P002,D025,A005,2024-11-08,12,6175.0,74100.0
T001662,C1004,P005,D024,A005,2026-08-16,10,11875.0,118750.0
T001663,C1765,P009,D037,A012,2024-11-25,3,8500.0,25500.0
T001664,C0975,P010,D023,A005,2025-07-07,7,22000.0,154000.0
T001665,C1884,P003,D039,A013,2024-10-30,15,114000.0,1710000.0
T001666,C1637,P001,D034,A010,2024-08-27,6,45000.0,270000.0
T001667,C0407,P007,D008,A002,2025-09-29,5,85000.0,425000.0
T001668,C1785,P010,D038,A013,2025-10-26,14,20900.0,292600.0
T001669,C0216,P002,D004,A001,2025-11-05,6,6500.0,39000.0
T001670,C1577,P007,D033,A009,2024-04-12,15,80750.0,1211250.0
T001671,C0728,P003,D018,A004,2026-07-26,12,114000.0,1368000.0
T001672,C1685,P001,D036,A011,2024-09-10,13,42750.0,555750.0
T001673,C1673,P006,D036,A011,2024-03-15,11,17575.0,193325.0
T001674,C1558,P007,D030,A009,2024-01-14,1,85000.0,85000.0
T001675,C1525,P002,D033,A009,2024-12-24,1,6500.0,6500.0
T001676,C0585,P011,D014,A004,2024-02-16,3,42000.0,126000.0
T001677,C0149,P010,D005,A001,2026-01-09,2,22000.0,44000.0
T001678,C0768,P008,D013,A004,2024-07-13,5,54000.0,270000.0
T001679,C0340,P005,D010,A002,2026-05-16,8,12500.0,100000.0
T001680,C1331,P008,D028,A007,2024-01-27,8,54000.0,432000.0
T001681,C0670,P013,D014,A004,2024-11-18,2,95000.0,190000.0
T001682,C1849,P002,D038,A013,2026-03-16,8,6500.0,52000.0
T001683,C1224,P013,D021,A005,2024-04-01,8,95000.0,760000.0
T001684,C1587,P009,D032,A009,2024-03-21,5,8500.0,42500.0
T001685,C0253,P014,D001,A001,2025-07-25,13,26600.0,345800.0
T001686,C1660,P012,D034,A010,2026-01-16,12,29450.0,353400.0
T001687,C1776,P012,D041,A013,2025-11-16,6,31000.0,186000.0
T001688,C0957,P001,D018,A004,2025-05-18,14,42750.0,598500.0
T001689,C1154,P004,D025,A005,2026-03-31,1,38000.0,38000.0
T001690,C1479,P009,D032,A009,2024-01-19,13,8075.0,104975.0
T001691,C0341,P003,D008,A002,2026-04-03,9,120000.0,1080000.0
T001692,C0989,P013,D020,A005,2026-02-24,12,90250.0,1083000.0
T001693,C0763,P014,D017,A004,2025-07-21,7,28000.0,196000.0
T001694,C0278,P012,D001,A001,2025-11-06,8,31000.0,248000.0
T001695,C0707,P003,D017,A004,2025-12-15,6,120000.0,720000.0
T001696,C0119,P007,D006,A001,2025-09-06,4,85000.0,340000.0
T001697,C0042,P003,D002,A001,2024-02-26,15,114000.0,1710000.0
T001698,C0260,P014,D001,A001,2025-05-30,15,26600.0,399000.0
T001699,C1830,P007,D041,A013,2024-02-13,9,85000.0,765000.0
T001700,C1055,P001,D023,A005,2024-06-21,1,45000.0,45000.0
T001701,C1832,P002,D040,A013,2026-06-05,4,6500.0,26000.0
T001702,C0834,P003,D016,A004,2025-01-22,2,120000.0,240000.0
T001703,C0608,P009,D013,A004,2024-12-17,3,8500.0,25500.0
T001704,C0991,P010,D024,A005,2025-02-16,1,22000.0,22000.0
T001705,C0850,P003,D014,A004,2024-01-19,6,120000.0,720000.0
T001706,C0201,P008,D004,A001,2024-10-06,6,54000.0,324000.0
T001707,C1221,P013,D019,A005,2026-06-03,9,95000.0,855000.0
T001708,C0416,P011,D009,A002,2024-03-22,8,42000.0,336000.0
T001709,C1182,P010,D023,A005,2024-12-13,12,20900.0,250800.0
T001710,C1242,P008,D025,A005,2025-01-31,7,54000.0,378000.0
T001711,C0293,P012,D007,A001,2025-08-13,7,31000.0,217000.0
T001712,C0109,P007,D001,A001,2026-01-27,9,85000.0,765000.0
T001713,C1504,P009,D033,A009,2024-01-07,4,8500.0,34000.0
T001714,C0893,P014,D013,A004,2025-02-06,4,28000.0,112000.0
T001715,C0106,P001,D003,A001,2024-02-15,3,45000.0,135000.0
T001716,C1888,P011,D041,A013,2024-09-29,14,39900.0,558600.0
T001717,C0106,P014,D002,A001,2025-08-23,1,28000.0,28000.0
T001718,C1331,P012,D027,A007,2025-10-16,1,31000.0,31000.0
T001719,C1872,P006,D039,A013,2025-12-06,4,18500.0,74000.0
T001720,C0463,P010,D012,A003,2024-08-24,14,20900.0,292600.0
T001721,C0272,P007,D001,A001,2024-02-20,10,80750.0,807500.0
T001722,C0228,P008,D003,A001,2026-07-28,14,51300.0,718200.0
T001723,C0580,P013,D015,A004,2025-10-07,10,90250.0,902500.0
T001724,C0187,P010,D003,A001,2025-12-11,5,22000.0,110000.0
T001725,C1323,P001,D027,A007,2026-01-05,9,45000.0,405000.0
T001726,C0110,P004,D003,A001,2026-06-26,14,36100.0,505400.0
T001727,C0997,P003,D025,A005,2024-06-20,10,114000.0,1140000.0
T001728,C1893,P008,D038,A013,2024-11-18,12,51300.0,615600.0
T001729,C1572,P007,D030,A009,2026-04-10,7,85000.0,595000.0
T001730,C1176,P001,D021,A005,2025-04-04,14,42750.0,598500.0
T001731,C0586,P007,D013,A004,2024-05-14,4,85000.0,340000.0
T001732,C1187,P006,D019,A005,2024-03-13,6,18500.0,111000.0
T001733,C1023,P011,D024,A005,2025-10-12,2,42000.0,84000.0
T001734,C0824,P001,D015,A004,2025-06-23,8,45000.0,360000.0
T001735,C0249,P005,D001,A001,2024-08-02,4,12500.0,50000.0
T001736,C1701,P001,D036,A011,2024-09-27,12,42750.0,513000.0
T001737,C0871,P006,D018,A004,2026-08-19,15,17575.0,263625.0
T001738,C0376,P002,D008,A002,2026-02-15,11,6175.0,67925.0
T001739,C0707,P012,D015,A004,2026-05-17,12,29450.0,353400.0
T001740,C0797,P015,D013,A004,2025-07-21,4,49000.0,196000.0
T001741,C1595,P005,D035,A010,2025-02-09,9,12500.0,112500.0
T001742,C1413,P003,D027,A007,2026-02-02,12,114000.0,1368000.0
T001743,C1483,P005,D031,A009,2026-05-26,1,12500.0,12500.0
T001744,C0017,P010,D003,A001,2025-03-18,8,22000.0,176000.0
T001745,C0799,P012,D018,A004,2025-09-10,12,29450.0,353400.0
T001746,C0948,P010,D016,A004,2024-10-23,5,22000.0,110000.0
T001747,C0029,P006,D002,A001,2026-02-20,3,18500.0,55500.0
T001748,C0502,P007,D012,A003,2024-09-21,3,85000.0,255000.0
T001749,C1465,P012,D029,A008,2024-08-17,12,29450.0,353400.0
T001750,C0265,P003,D002,A001,2025-12-03,3,120000.0,360000.0
T001751,C1031,P001,D019,A005,2025-03-09,10,42750.0,427500.0
T001752,C0415,P005,D010,A002,2024-05-21,4,12500.0,50000.0
T001753,C0021,P009,D002,A001,2026-06-29,10,8075.0,80750.0
T001754,C0467,P006,D012,A003,2024-12-02,14,17575.0,246050.0
T001755,C1851,P001,D041,A013,2024-11-27,7,45000.0,315000.0
T001756,C1548,P009,D031,A009,2024-05-07,1,8500.0,8500.0
T001757,C1825,P004,D039,A013,2025-11-20,3,38000.0,114000.0
T001758,C0958,P012,D014,A004,2026-07-24,3,31000.0,93000.0
T001759,C0207,P002,D004,A001,2026-06-26,12,6175.0,74100.0
T001760,C1053,P007,D021,A005,2026-01-17,8,85000.0,680000.0
T001761,C0883,P009,D015,A004,2024-02-23,4,8500.0,34000.0
T001762,C1624,P003,D035,A010,2024-05-18,11,114000.0,1254000.0
T001763,C0181,P013,D006,A001,2024-10-31,12,90250.0,1083000.0
T001764,C0958,P011,D018,A004,2026-06-08,7,42000.0,294000.0
T001765,C0287,P007,D004,A001,2025-03-06,3,85000.0,255000.0
T001766,C0633,P007,D014,A004,2024-01-15,14,80750.0,1130500.0
T001767,C1421,P009,D029,A008,2025-10-11,14,8075.0,113050.0
T001768,C0937,P012,D013,A004,2024-10-16,10,29450.0,294500.0
T001769,C0722,P010,D014,A004,2024-04-16,9,22000.0,198000.0
T001770,C0753,P011,D016,A004,2026-02-05,10,39900.0,399000.0
T001771,C0893,P013,D013,A004,2024-09-20,10,90250.0,902500.0
T001772,C1517,P010,D032,A009,2026-04-13,6,22000.0,132000.0
T001773,C1715,P011,D036,A011,2024-05-26,14,39900.0,558600.0
T001774,C1819,P003,D039,A013,2026-02-02,4,120000.0,480000.0
T001775,C1518,P002,D031,A009,2026-01-05,9,6500.0,58500.0
T001776,C0615,P002,D018,A004,2026-06-06,15,6175.0,92625.0
T001777,C1320,P006,D027,A007,2024-09-14,1,18500.0,18500.0
T001778,C0849,P007,D018,A004,2025-12-16,15,80750.0,1211250.0
T001779,C0494,P009,D012,A003,2026-08-19,8,8500.0,68000.0
T001780,C1612,P003,D035,A010,2025-02-11,12,114000.0,1368000.0
T001781,C0059,P014,D005,A001,2026-03-03,9,28000.0,252000.0
T001782,C1734,P009,D037,A012,2024-02-29,6,8500.0,51000.0
T001783,C0898,P009,D013,A004,2025-01-28,12,8075.0,96900.0
T001784,C1214,P005,D023,A005,2025-10-19,6,12500.0,75000.0
T001785,C1255,P010,D026,A006,2025-02-04,1,22000.0,22000.0
T001786,C1726,P010,D036,A011,2025-08-03,13,20900.0,271700.0
T001787,C1214,P001,D025,A005,2025-09-27,14,42750.0,598500.0
T001788,C1171,P001,D025,A005,2025-07-10,1,45000.0,45000.0
T001789,C0115,P007,D002,A001,2024-01-08,2,85000.0,170000.0
T001790,C1009,P008,D024,A005,2025-06-02,7,54000.0,378000.0
T001791,C0287,P007,D003,A001,2024-12-01,13,80750.0,1049750.0
T001792,C1421,P003,D029,A008,2025-04-26,7,120000.0,840000.0
T001793,C1002,P008,D021,A005,2025-06-17,13,51300.0,666900.0
T001794,C1305,P011,D026,A006,2024-12-31,2,42000.0,84000.0
T001795,C0069,P003,D002,A001,2026-07-02,5,120000.0,600000.0
T001796,C0152,P010,D004,A001,2026-08-13,5,22000.0,110000.0
T001797,C1377,P004,D028,A007,2026-07-23,9,38000.0,342000.0
T001798,C0124,P006,D007,A001,2025-04-26,14,17575.0,246050.0
T001799,C0124,P004,D004,A001,2024-07-17,1,38000.0,38000.0
T001800,C0021,P015,D002,A001,2025-06-08,11,46550.0,512050.0
T001801,C1820,P006,D038,A013,2025-07-07,10,17575.0,175750.0
T001802,C1421,P013,D029,A008,2026-02-03,2,95000.0,190000.0
T001803,C0680,P013,D016,A004,2025-10-15,2,95000.0,190000.0
T001804,C0570,P015,D017,A004,2026-06-17,8,49000.0,392000.0
T001805,C0671,P009,D015,A004,2024-04-22,4,8500.0,34000.0
T001806,C1494,P005,D032,A009,2026-07-25,1,12500.0,12500.0
T001807,C1261,P013,D026,A006,2024-11-02,9,95000.0,855000.0
T001808,C0360,P004,D010,A002,2025-11-24,1,38000.0,38000.0
T001809,C0341,P001,D009,A002,2025-11-04,7,45000.0,315000.0
T001810,C0181,P003,D006,A001,2026-06-11,13,114000.0,1482000.0
T001811,C1259,P009,D026,A006,2024-12-06,9,8500.0,76500.0
T001812,C1476,P004,D032,A009,2024-06-06,1,38000.0,38000.0
T001813,C0515,P008,D012,A003,2024-10-19,9,54000.0,486000.0
T001814,C0034,P002,D006,A001,2024-11-12,2,6500.0,13000.0
T001815,C0150,P015,D006,A001,2025-06-19,12,46550.0,558600.0
T001816,C1836,P012,D039,A013,2026-05-09,10,29450.0,294500.0
T001817,C0570,P012,D017,A004,2026-04-05,5,31000.0,155000.0
T001818,C1482,P013,D031,A009,2024-06-21,15,90250.0,1353750.0
T001819,C1187,P009,D022,A005,2026-01-03,10,8075.0,80750.0
T001820,C0729,P005,D017,A004,2024-08-02,2,12500.0,25000.0
T001821,C0403,P003,D009,A002,2025-11-03,11,114000.0,1254000.0
T001822,C0228,P009,D007,A001,2026-02-21,2,8500.0,17000.0
T001823,C1176,P003,D022,A005,2026-04-23,6,120000.0,720000.0
T001824,C1494,P010,D030,A009,2026-08-13,7,22000.0,154000.0
T001825,C1230,P004,D024,A005,2025-04-30,2,38000.0,76000.0
T001826,C1026,P003,D020,A005,2024-08-21,8,120000.0,960000.0
T001827,C0069,P014,D007,A001,2026-02-20,7,28000.0,196000.0
T001828,C1836,P009,D041,A013,2024-02-26,11,8075.0,88825.0
T001829,C1538,P010,D032,A009,2025-12-21,5,22000.0,110000.0
T001830,C0566,P006,D015,A004,2024-07-26,10,17575.0,175750.0
T001831,C1861,P009,D038,A013,2026-05-13,8,8500.0,68000.0
T001832,C1136,P010,D019,A005,2024-11-24,8,22000.0,176000.0
T001833,C1105,P009,D023,A005,2026-02-19,12,8075.0,96900.0
T001834,C1442,P004,D029,A008,2025-07-17,9,38000.0,342000.0
T001835,C1569,P003,D030,A009,2025-12-02,8,120000.0,960000.0
T001836,C1251,P011,D026,A006,2024-07-03,2,42000.0,84000.0
T001837,C0247,P014,D003,A001,2026-01-25,2,28000.0,56000.0
T001838,C0651,P015,D017,A004,2025-10-24,13,46550.0,605150.0
T001839,C1783,P013,D038,A013,2025-06-07,13,90250.0,1173250.0
T001840,C0431,P008,D008,A002,2026-07-26,7,54000.0,378000.0
T001841,C0716,P002,D013,A004,2025-04-10,10,6175.0,61750.0
T001842,C0833,P009,D014,A004,2025-01-31,9,8500.0,76500.0
T001843,C0850,P012,D017,A004,2025-11-09,15,29450.0,441750.0
T001844,C1168,P015,D019,A005,2024-09-05,12,46550.0,558600.0
T001845,C1802,P009,D041,A013,2026-06-01,9,8500.0,76500.0
T001846,C0466,P012,D012,A003,2024-01-14,13,29450.0,382850.0
T001847,C0228,P003,D007,A001,2026-04-04,11,114000.0,1254000.0
T001848,C0382,P001,D010,A002,2025-03-26,11,42750.0,470250.0
T001849,C1701,P008,D036,A011,2025-06-12,5,54000.0,270000.0
T001850,C1232,P006,D023,A005,2025-07-04,4,18500.0,74000.0
T001851,C0550,P015,D016,A004,2026-08-31,1,49000.0,49000.0
T001852,C1577,P015,D031,A009,2025-10-25,13,46550.0,605150.0
T001853,C1659,P008,D034,A010,2024-11-28,11,51300.0,564300.0
T001854,C1632,P002,D034,A010,2025-08-19,11,6175.0,67925.0
T001855,C1762,P009,D037,A012,2026-06-13,15,8075.0,121125.0
T001856,C0491,P011,D012,A003,2024-12-31,7,42000.0,294000.0
T001857,C1456,P010,D029,A008,2024-01-26,15,20900.0,313500.0
T001858,C0893,P007,D015,A004,2026-04-13,1,85000.0,85000.0
T001859,C1616,P008,D034,A010,2026-02-15,8,54000.0,432000.0
T001860,C1403,P008,D028,A007,2025-04-08,12,51300.0,615600.0
T001861,C1496,P011,D033,A009,2024-08-27,2,42000.0,84000.0
T001862,C1251,P004,D026,A006,2024-05-19,10,36100.0,361000.0
T001863,C0346,P011,D010,A002,2025-10-19,3,42000.0,126000.0
T001864,C1050,P014,D024,A005,2025-01-16,2,28000.0,56000.0
T001865,C1873,P004,D041,A013,2026-03-27,7,38000.0,266000.0
T001866,C1794,P013,D041,A013,2026-05-16,8,95000.0,760000.0
T001867,C0070,P006,D006,A001,2025-10-09,10,17575.0,175750.0
T001868,C0316,P011,D011,A002,2024-10-01,12,39900.0,478800.0
T001869,C0253,P006,D001,A001,2026-08-29,3,18500.0,55500.0
T001870,C1395,P010,D027,A007,2025-10-23,14,20900.0,292600.0
T001871,C1578,P013,D032,A009,2026-05-07,5,95000.0,475000.0
T001872,C0413,P012,D010,A002,2026-04-16,9,31000.0,279000.0
T001873,C0991,P012,D020,A005,2025-08-28,13,29450.0,382850.0
T001874,C1612,P011,D034,A010,2024-07-25,13,39900.0,518700.0
T001875,C1412,P011,D028,A007,2026-08-13,12,39900.0,478800.0
T001876,C1047,P012,D025,A005,2024-07-10,2,31000.0,62000.0
T001877,C1121,P008,D019,A005,2025-09-06,12,51300.0,615600.0
T001878,C0995,P002,D019,A005,2024-05-22,6,6500.0,39000.0
T001879,C0571,P013,D013,A004,2024-05-17,13,90250.0,1173250.0
T001880,C1084,P005,D023,A005,2025-08-25,9,12500.0,112500.0
T001881,C1320,P007,D027,A007,2026-07-01,7,85000.0,595000.0
T001882,C1680,P008,D036,A011,2025-09-21,2,54000.0,108000.0
T001883,C1213,P007,D019,A005,2024-10-07,5,85000.0,425000.0
T001884,C1469,P014,D029,A008,2024-03-05,8,28000.0,224000.0
T001885,C0308,P005,D002,A001,2026-06-08,13,11875.0,154375.0
T001886,C0899,P004,D016,A004,2026-02-08,3,38000.0,114000.0
T001887,C0013,P013,D003,A001,2026-01-22,15,90250.0,1353750.0
T001888,C0477,P006,D012,A003,2025-10-16,3,18500.0,55500.0
T001889,C1395,P005,D027,A007,2024-11-01,10,11875.0,118750.0
T001890,C1884,P003,D040,A013,2024-12-17,2,120000.0,240000.0
T001891,C0184,P013,D003,A001,2026-03-09,5,95000.0,475000.0
T001892,C0766,P003,D014,A004,2025-06-30,15,114000.0,1710000.0
T001893,C1545,P013,D031,A009,2024-08-27,2,95000.0,190000.0
T001894,C0397,P012,D008,A002,2025-01-17,11,29450.0,323950.0
T001895,C1062,P002,D019,A005,2024-09-23,12,6175.0,74100.0
T001896,C1412,P014,D028,A007,2024-08-06,2,28000.0,56000.0
T001897,C1176,P010,D021,A005,2024-10-19,4,22000.0,88000.0
T001898,C0364,P009,D009,A002,2024-02-23,12,8075.0,96900.0
T001899,C0683,P002,D018,A004,2025-12-14,9,6500.0,58500.0
T001900,C1512,P010,D030,A009,2024-11-28,2,22000.0,44000.0
T001901,C1062,P007,D020,A005,2025-10-08,2,85000.0,170000.0
T001902,C0007,P008,D001,A001,2024-02-16,10,51300.0,513000.0
T001903,C1468,P005,D029,A008,2024-12-04,13,11875.0,154375.0
T001904,C0057,P011,D007,A001,2024-01-03,3,42000.0,126000.0
T001905,C1436,P015,D029,A008,2025-01-16,5,49000.0,245000.0
T001906,C0393,P001,D008,A002,2024-07-08,4,45000.0,180000.0
T001907,C1823,P006,D040,A013,2026-07-20,12,17575.0,210900.0
T001908,C0709,P012,D013,A004,2024-04-08,5,31000.0,155000.0
T001909,C0637,P002,D015,A004,2024-03-18,5,6500.0,32500.0
T001910,C0282,P002,D007,A001,2025-02-15,7,6500.0,45500.0
T001911,C0585,P003,D014,A004,2026-05-23,3,120000.0,360000.0
T001912,C1683,P010,D036,A011,2024-07-07,11,20900.0,229900.0
T001913,C1892,P001,D038,A013,2025-11-10,12,42750.0,513000.0
T001914,C0710,P004,D015,A004,2025-07-01,5,38000.0,190000.0
T001915,C0870,P011,D014,A004,2025-01-07,3,42000.0,126000.0
T001916,C1390,P003,D027,A007,2026-01-20,10,114000.0,1140000.0
T001917,C1698,P006,D036,A011,2024-08-09,5,18500.0,92500.0
T001918,C1126,P005,D023,A005,2025-03-29,7,12500.0,87500.0
T001919,C0748,P007,D014,A004,2024-10-01,3,85000.0,255000.0
T001920,C0797,P006,D014,A004,2025-03-23,13,17575.0,228475.0
T001921,C1331,P014,D027,A007,2024-10-10,11,26600.0,292600.0
T001922,C0006,P010,D004,A001,2026-04-30,4,22000.0,88000.0
T001923,C1182,P012,D020,A005,2025-01-27,7,31000.0,217000.0
T001924,C0683,P005,D016,A004,2026-02-21,15,11875.0,178125.0
T001925,C1529,P014,D030,A009,2025-09-26,15,26600.0,399000.0
T001926,C0167,P013,D003,A001,2024-08-12,4,95000.0,380000.0
T001927,C1118,P005,D022,A005,2026-03-07,5,12500.0,62500.0
T001928,C0948,P006,D014,A004,2025-07-28,10,17575.0,175750.0
T001929,C1225,P013,D024,A005,2026-06-20,13,90250.0,1173250.0
T001930,C0112,P003,D003,A001,2024-07-26,15,114000.0,1710000.0
T001931,C1104,P010,D020,A005,2024-10-31,2,22000.0,44000.0
T001932,C1074,P014,D024,A005,2025-12-15,15,26600.0,399000.0
T001933,C1072,P015,D020,A005,2024-11-27,5,49000.0,245000.0
T001934,C1141,P006,D023,A005,2026-02-06,7,18500.0,129500.0
T001935,C1298,P002,D026,A006,2026-01-18,9,6500.0,58500.0
T001936,C1556,P004,D030,A009,2025-03-01,2,38000.0,76000.0
T001937,C0521,P002,D012,A003,2025-02-07,15,6175.0,92625.0
T001938,C1588,P001,D031,A009,2024-01-24,8,45000.0,360000.0
T001939,C0983,P012,D020,A005,2026-03-04,14,29450.0,412300.0
T001940,C0138,P007,D007,A001,2025-05-08,9,85000.0,765000.0
T001941,C0106,P012,D003,A001,2025-08-10,4,31000.0,124000.0
T001942,C0646,P007,D014,A004,2025-08-29,13,80750.0,1049750.0
T001943,C1517,P006,D032,A009,2026-05-08,3,18500.0,55500.0
T001944,C1361,P014,D028,A007,2024-12-18,13,26600.0,345800.0
T001945,C1522,P008,D031,A009,2026-02-05,15,51300.0,769500.0
T001946,C1009,P005,D019,A005,2024-08-08,7,12500.0,87500.0
T001947,C0850,P011,D013,A004,2024-07-04,11,39900.0,438900.0
T001948,C0280,P010,D004,A001,2024-03-31,10,20900.0,209000.0
T001949,C0639,P011,D017,A004,2024-08-17,4,42000.0,168000.0
T001950,C0840,P007,D013,A004,2024-06-22,6,85000.0,510000.0
T001951,C0159,P004,D005,A001,2025-09-08,5,38000.0,190000.0
T001952,C0423,P004,D009,A002,2024-08-25,5,38000.0,190000.0
T001953,C1133,P008,D024,A005,2026-03-30,4,54000.0,216000.0
T001954,C1417,P001,D028,A007,2024-03-31,12,42750.0,513000.0
T001955,C1898,P004,D038,A013,2024-03-16,5,38000.0,190000.0
T001956,C1787,P005,D038,A013,2026-03-01,1,12500.0,12500.0
T001957,C1225,P003,D019,A005,2024-06-03,9,120000.0,1080000.0
T001958,C0810,P015,D013,A004,2025-02-17,15,46550.0,698250.0
T001959,C1213,P015,D023,A005,2025-09-08,1,49000.0,49000.0
T001960,C1517,P013,D031,A009,2024-09-21,9,95000.0,855000.0
T001961,C0217,P015,D002,A001,2024-03-02,4,49000.0,196000.0
T001962,C0785,P008,D017,A004,2025-11-18,2,54000.0,108000.0
T001963,C1612,P004,D035,A010,2024-03-01,2,38000.0,76000.0
T001964,C0733,P015,D013,A004,2026-03-20,8,49000.0,392000.0
T001965,C1095,P002,D023,A005,2025-11-29,5,6500.0,32500.0
T001966,C1117,P011,D025,A005,2024-01-05,3,42000.0,126000.0
T001967,C0360,P002,D008,A002,2024-05-15,14,6175.0,86450.0
T001968,C0694,P003,D016,A004,2026-08-14,12,114000.0,1368000.0
T001969,C0647,P007,D016,A004,2026-05-19,9,85000.0,765000.0
T001970,C0044,P004,D005,A001,2024-03-14,4,38000.0,152000.0
T001971,C0041,P011,D004,A001,2024-11-04,10,39900.0,399000.0
T001972,C1600,P010,D035,A010,2024-06-22,4,22000.0,88000.0
T001973,C0528,P001,D012,A003,2025-12-28,4,45000.0,180000.0
T001974,C1009,P007,D023,A005,2025-11-10,7,85000.0,595000.0
T001975,C0574,P005,D015,A004,2024-12-11,3,12500.0,37500.0
T001976,C1799,P005,D038,A013,2024-01-03,3,12500.0,37500.0
T001977,C0498,P002,D012,A003,2025-08-20,9,6500.0,58500.0
T001978,C0829,P015,D015,A004,2025-03-12,7,49000.0,343000.0
T001979,C1678,P010,D036,A011,2024-02-29,1,22000.0,22000.0
T001980,C1616,P006,D035,A010,2025-04-07,6,18500.0,111000.0
T001981,C0361,P013,D010,A002,2026-06-26,3,95000.0,285000.0
T001982,C1551,P003,D033,A009,2025-02-17,3,120000.0,360000.0
T001983,C0891,P007,D013,A004,2025-05-02,1,85000.0,85000.0
T001984,C0953,P011,D015,A004,2024-04-23,14,39900.0,558600.0
T001985,C0259,P011,D004,A001,2026-05-31,3,42000.0,126000.0
T001986,C0149,P013,D007,A001,2024-04-15,15,90250.0,1353750.0
T001987,C1401,P007,D028,A007,2025-07-08,10,80750.0,807500.0
T001988,C0974,P003,D023,A005,2024-05-24,1,120000.0,120000.0
T001989,C0847,P002,D013,A004,2024-12-25,14,6175.0,86450.0
T001990,C1404,P003,D027,A007,2024-06-28,9,120000.0,1080000.0
T001991,C1479,P006,D031,A009,2025-06-22,4,18500.0,74000.0
T001992,C0302,P001,D001,A001,2024-10-06,2,45000.0,90000.0
T001993,C1164,P010,D025,A005,2024-04-28,4,22000.0,88000.0
T001994,C0260,P015,D002,A001,2024-12-21,11,46550.0,512050.0
T001995,C1447,P006,D029,A008,2026-08-07,3,18500.0,55500.0
T001996,C1251,P015,D026,A006,2026-03-21,15,46550.0,698250.0
T001997,C1820,P011,D040,A013,2025-05-16,9,42000.0,378000.0
T001998,C0122,P001,D002,A001,2026-08-06,9,45000.0,405000.0
T001999,C0106,P002,D005,A001,2024-10-21,15,6175.0,92625.0
T002000,C0546,P010,D015,A004,2026-06-11,13,20900.0,271700.0
T002001,C0509,P002,D012,A003,2024-10-21,8,6500.0,52000.0
T002002,C0478,P015,D012,A003,2025-07-17,1,49000.0,49000.0
T002003,C1741,P015,D037,A012,2024-01-24,7,49000.0,343000.0
T002004,C0482,P009,D012,A003,2025-11-20,4,8500.0,34000.0
T002005,C0525,P003,D012,A003,2024-08-15,14,114000.0,1596000.0
T002006,C1465,P005,D029,A008,2026-04-21,12,11875.0,142500.0
T002007,C0871,P006,D017,A004,2024-11-26,6,18500.0,111000.0
T002008,C1496,P012,D030,A009,2025-07-11,13,29450.0,382850.0
T002009,C0113,P007,D005,A001,2025-03-16,10,80750.0,807500.0
T002010,C0957,P003,D017,A004,2025-09-14,13,114000.0,1482000.0
T002011,C0055,P001,D004,A001,2024-12-05,7,45000.0,315000.0
T002012,C0110,P006,D004,A001,2026-07-04,1,18500.0,18500.0
T002013,C1741,P002,D037,A012,2025-03-04,11,6175.0,67925.0
T002014,C0267,P001,D002,A001,2025-01-01,4,45000.0,180000.0
T002015,C1027,P012,D022,A005,2025-09-22,10,29450.0,294500.0
T002016,C0790,P005,D015,A004,2025-04-15,13,11875.0,154375.0
T002017,C0670,P015,D013,A004,2025-06-28,5,49000.0,245000.0
T002018,C1733,P005,D037,A012,2024-08-05,5,12500.0,62500.0
T002019,C0036,P008,D006,A001,2024-05-09,5,54000.0,270000.0
T002020,C1265,P014,D026,A006,2025-09-06,2,28000.0,56000.0
T002021,C1830,P014,D038,A013,2025-01-28,3,28000.0,84000.0
T002022,C1072,P005,D020,A005,2025-01-12,8,12500.0,100000.0
T002023,C1794,P011,D039,A013,2025-09-27,13,39900.0,518700.0
T002024,C0094,P015,D002,A001,2026-05-18,2,49000.0,98000.0
T002025,C0803,P009,D016,A004,2024-08-19,1,8500.0,8500.0
T002026,C0503,P007,D012,A003,2024-07-07,15,80750.0,1211250.0
T002027,C1410,P002,D028,A007,2024-10-29,3,6500.0,19500.0
T002028,C1869,P002,D041,A013,2025-04-20,9,6500.0,58500.0
T002029,C0496,P010,D012,A003,2026-07-10,7,22000.0,154000.0
T002030,C1246,P014,D026,A006,2025-02-09,4,28000.0,112000.0
T002031,C0383,P004,D008,A002,2026-05-09,4,38000.0,152000.0
T002032,C1084,P013,D025,A005,2025-01-01,1,95000.0,95000.0
T002033,C0903,P010,D013,A004,2024-04-18,10,20900.0,209000.0
T002034,C1841,P004,D041,A013,2025-09-10,8,38000.0,304000.0
T002035,C1163,P001,D020,A005,2025-12-26,10,42750.0,427500.0
T002036,C0671,P003,D015,A004,2025-01-20,12,114000.0,1368000.0
T002037,C0213,P009,D006,A001,2025-01-12,6,8500.0,51000.0
T002038,C0289,P010,D007,A001,2026-07-09,3,22000.0,66000.0
T002039,C0431,P012,D009,A002,2024-05-19,12,29450.0,353400.0
T002040,C0489,P008,D012,A003,2026-07-27,13,51300.0,666900.0
T002041,C1636,P005,D035,A010,2026-01-21,5,12500.0,62500.0
T002042,C1074,P005,D025,A005,2024-12-27,4,12500.0,50000.0
T002043,C1018,P002,D024,A005,2025-04-07,8,6500.0,52000.0
T002044,C0214,P001,D003,A001,2024-06-30,11,42750.0,470250.0
T002045,C1656,P003,D034,A010,2026-03-13,10,114000.0,1140000.0
T002046,C1390,P008,D027,A007,2025-02-20,11,51300.0,564300.0
T002047,C0116,P003,D002,A001,2024-03-11,11,114000.0,1254000.0
T002048,C1362,P015,D028,A007,2024-01-25,7,49000.0,343000.0
T002049,C1049,P006,D020,A005,2024-05-18,3,18500.0,55500.0
T002050,C0149,P010,D002,A001,2024-03-14,14,20900.0,292600.0
T002051,C0891,P005,D018,A004,2025-06-08,6,12500.0,75000.0
T002052,C0954,P005,D014,A004,2025-09-12,5,12500.0,62500.0
T002053,C0316,P004,D011,A002,2026-04-30,6,38000.0,228000.0
T002054,C1806,P012,D039,A013,2026-06-13,4,31000.0,124000.0
T002055,C1636,P007,D035,A010,2025-09-05,11,80750.0,888250.0
T002056,C1283,P004,D026,A006,2025-05-05,13,36100.0,469300.0
T002057,C0902,P009,D014,A004,2026-03-31,11,8075.0,88825.0
T002058,C0795,P006,D014,A004,2026-07-30,9,18500.0,166500.0
T002059,C1243,P011,D025,A005,2024-02-01,14,39900.0,558600.0
T002060,C1052,P007,D021,A005,2024-07-07,7,85000.0,595000.0
T002061,C0110,P015,D003,A001,2024-03-06,13,46550.0,605150.0
T002062,C1002,P006,D020,A005,2026-04-07,15,17575.0,263625.0
T002063,C1558,P007,D032,A009,2026-08-10,13,80750.0,1049750.0
T002064,C0893,P008,D017,A004,2024-10-27,10,51300.0,513000.0
T002065,C0094,P010,D003,A001,2025-12-26,6,22000.0,132000.0
T002066,C1518,P006,D030,A009,2025-02-27,10,17575.0,175750.0
T002067,C0393,P009,D010,A002,2026-05-29,2,8500.0,17000.0
T002068,C0497,P013,D012,A003,2026-02-07,8,95000.0,760000.0
T002069,C0316,P004,D010,A002,2025-12-20,1,38000.0,38000.0
T002070,C0641,P011,D015,A004,2026-06-06,3,42000.0,126000.0
T002071,C1462,P014,D029,A008,2026-07-11,1,28000.0,28000.0
T002072,C1012,P008,D022,A005,2025-07-17,14,51300.0,718200.0
T002073,C0399,P012,D008,A002,2024-10-20,15,29450.0,441750.0
T002074,C1685,P014,D036,A011,2025-01-17,2,28000.0,56000.0
T002075,C1687,P001,D036,A011,2024-08-23,11,42750.0,470250.0
T002076,C1676,P009,D036,A011,2026-03-03,4,8500.0,34000.0
T002077,C0463,P012,D012,A003,2026-08-06,10,29450.0,294500.0
T002078,C0880,P015,D016,A004,2025-05-14,7,49000.0,343000.0
T002079,C1873,P011,D039,A013,2025-11-18,3,42000.0,126000.0
T002080,C1487,P003,D031,A009,2024-01-28,14,114000.0,1596000.0
T002081,C0046,P005,D005,A001,2026-07-29,5,12500.0,62500.0
T002082,C0113,P014,D005,A001,2024-07-27,4,28000.0,112000.0
T002083,C0903,P007,D013,A004,2026-08-27,13,80750.0,1049750.0
T002084,C1749,P007,D037,A012,2026-01-11,12,80750.0,969000.0
T002085,C1039,P014,D021,A005,2025-10-17,11,26600.0,292600.0
T002086,C0981,P015,D023,A005,2024-05-16,1,49000.0,49000.0
T002087,C0201,P010,D006,A001,2026-05-03,1,22000.0,22000.0
T002088,C1251,P006,D026,A006,2026-07-18,10,17575.0,175750.0
T002089,C1585,P015,D030,A009,2024-03-20,2,49000.0,98000.0
T002090,C0728,P013,D017,A004,2026-01-02,12,90250.0,1083000.0
T002091,C1495,P004,D030,A009,2024-10-19,5,38000.0,190000.0
T002092,C1830,P004,D038,A013,2024-12-22,7,38000.0,266000.0
T002093,C0397,P004,D010,A002,2024-07-14,9,38000.0,342000.0
T002094,C1018,P004,D022,A005,2024-11-13,8,38000.0,304000.0
T002095,C0552,P010,D018,A004,2024-01-13,2,22000.0,44000.0
T002096,C1527,P008,D030,A009,2025-05-13,14,51300.0,718200.0
T002097,C1100,P015,D023,A005,2024-02-08,3,49000.0,147000.0
T002098,C1213,P015,D023,A005,2025-06-23,12,46550.0,558600.0
T002099,C1537,P002,D033,A009,2024-04-05,2,6500.0,13000.0
T002100,C0757,P013,D017,A004,2025-03-08,2,95000.0,190000.0
T002101,C1755,P007,D037,A012,2024-12-30,10,80750.0,807500.0
T002102,C1029,P003,D022,A005,2024-03-08,8,120000.0,960000.0
T002103,C0301,P009,D002,A001,2025-01-18,4,8500.0,34000.0
T002104,C1332,P006,D028,A007,2024-12-01,8,18500.0,148000.0
T002105,C1528,P004,D031,A009,2025-08-15,11,36100.0,397100.0
T002106,C0623,P003,D016,A004,2025-02-13,11,114000.0,1254000.0
T002107,C1648,P008,D035,A010,2025-07-26,1,54000.0,54000.0
T002108,C1740,P015,D037,A012,2025-03-14,9,49000.0,441000.0
T002109,C0535,P014,D012,A003,2024-01-07,3,28000.0,84000.0
T002110,C1872,P008,D039,A013,2025-05-05,13,51300.0,666900.0
T002111,C0268,P004,D003,A001,2024-11-20,2,38000.0,76000.0
T002112,C0393,P003,D010,A002,2024-05-08,14,114000.0,1596000.0
T002113,C0360,P004,D008,A002,2026-04-03,9,38000.0,342000.0
T002114,C1725,P010,D036,A011,2024-05-08,15,20900.0,313500.0
T002115,C1246,P014,D026,A006,2025-07-22,14,26600.0,372400.0
T002116,C0293,P008,D004,A001,2025-04-11,15,51300.0,769500.0
T002117,C0850,P013,D017,A004,2024-10-26,3,95000.0,285000.0
T002118,C1176,P009,D022,A005,2024-07-22,1,8500.0,8500.0
T002119,C0150,P003,D001,A001,2024-02-19,14,114000.0,1596000.0
T002120,C1695,P005,D036,A011,2025-05-15,4,12500.0,50000.0
T002121,C1551,P008,D033,A009,2025-04-25,2,54000.0,108000.0
T002122,C0991,P015,D019,A005,2025-11-25,10,46550.0,465500.0
T002123,C1835,P012,D041,A013,2024-12-24,13,29450.0,382850.0
T002124,C0803,P001,D017,A004,2025-09-16,12,42750.0,513000.0
T002125,C1872,P005,D040,A013,2024-01-17,1,12500.0,12500.0
T002126,C1282,P014,D026,A006,2026-08-25,3,28000.0,84000.0
T002127,C1213,P013,D022,A005,2025-10-01,4,95000.0,380000.0
T002128,C0316,P002,D010,A002,2024-09-06,10,6175.0,61750.0
T002129,C1692,P005,D036,A011,2025-11-18,4,12500.0,50000.0
T002130,C0827,P013,D018,A004,2025-08-23,2,95000.0,190000.0
T002131,C0311,P012,D008,A002,2024-02-14,2,31000.0,62000.0
T002132,C0021,P001,D005,A001,2024-02-03,3,45000.0,135000.0
T002133,C1071,P011,D021,A005,2026-05-14,8,42000.0,336000.0
T002134,C1024,P014,D020,A005,2024-08-13,6,28000.0,168000.0
T002135,C1384,P008,D027,A007,2025-09-06,3,54000.0,162000.0
T002136,C1708,P002,D036,A011,2025-01-28,4,6500.0,26000.0
T002137,C0147,P007,D007,A001,2024-10-17,11,80750.0,888250.0
T002138,C1410,P002,D028,A007,2025-12-10,3,6500.0,19500.0
T002139,C0363,P009,D009,A002,2024-11-13,7,8500.0,59500.0
T002140,C1649,P012,D035,A010,2025-11-16,3,31000.0,93000.0
T002141,C1578,P012,D031,A009,2024-01-22,9,31000.0,279000.0
T002142,C1041,P012,D022,A005,2026-03-19,1,31000.0,31000.0
T002143,C1367,P006,D028,A007,2024-08-01,14,17575.0,246050.0
T002144,C0614,P011,D014,A004,2026-01-17,1,42000.0,42000.0
T002145,C0922,P006,D016,A004,2026-05-15,11,17575.0,193325.0
T002146,C1583,P015,D031,A009,2026-04-11,1,49000.0,49000.0
T002147,C0893,P010,D013,A004,2025-06-22,14,20900.0,292600.0
T002148,C0688,P009,D013,A004,2026-01-14,1,8500.0,8500.0
T002149,C0965,P003,D017,A004,2025-10-21,4,120000.0,480000.0
T002150,C1595,P009,D034,A010,2025-10-01,11,8075.0,88825.0
T002151,C0647,P005,D018,A004,2024-08-13,11,11875.0,130625.0
T002152,C0341,P007,D011,A002,2024-06-23,9,85000.0,765000.0
T002153,C1370,P003,D028,A007,2025-06-16,2,120000.0,240000.0
T002154,C1592,P013,D035,A010,2026-07-04,12,90250.0,1083000.0
T002155,C0185,P015,D006,A001,2024-08-13,2,49000.0,98000.0
T002156,C0466,P004,D012,A003,2024-01-09,14,36100.0,505400.0
T002157,C0272,P008,D005,A001,2025-05-30,5,54000.0,270000.0
T002158,C0671,P012,D015,A004,2024-05-23,11,29450.0,323950.0
T002159,C0877,P012,D015,A004,2025-10-25,1,31000.0,31000.0
T002160,C1446,P008,D029,A008,2025-06-05,8,54000.0,432000.0
T002161,C1243,P009,D025,A005,2024-08-09,7,8500.0,59500.0
T002162,C1183,P011,D021,A005,2024-01-26,2,42000.0,84000.0
T002163,C0680,P011,D014,A004,2025-04-15,15,39900.0,598500.0
T002164,C1615,P007,D035,A010,2025-03-30,9,85000.0,765000.0
T002165,C0923,P004,D016,A004,2025-10-21,7,38000.0,266000.0
T002166,C1858,P003,D038,A013,2025-04-19,5,120000.0,600000.0
T002167,C1210,P002,D020,A005,2024-11-27,6,6500.0,39000.0
T002168,C0244,P006,D005,A001,2026-05-06,8,18500.0,148000.0
T002169,C1298,P015,D026,A006,2026-01-29,9,49000.0,441000.0
T002170,C0635,P012,D015,A004,2024-05-07,13,29450.0,382850.0
T002171,C1314,P008,D027,A007,2025-08-08,2,54000.0,108000.0
T002172,C0122,P006,D007,A001,2024-04-05,9,18500.0,166500.0
T002173,C0342,P005,D011,A002,2024-02-10,1,12500.0,12500.0
T002174,C1648,P010,D034,A010,2024-09-25,5,22000.0,110000.0
T002175,C0437,P008,D011,A002,2024-12-23,11,51300.0,564300.0
T002176,C1608,P001,D034,A010,2025-08-26,4,45000.0,180000.0
T002177,C0538,P006,D012,A003,2024-03-06,11,17575.0,193325.0
T002178,C1225,P005,D020,A005,2025-08-08,13,11875.0,154375.0
T002179,C1328,P003,D027,A007,2024-06-14,4,120000.0,480000.0
T002180,C1002,P011,D023,A005,2024-01-17,7,42000.0,294000.0
T002181,C0585,P008,D018,A004,2024-07-19,1,54000.0,54000.0
T002182,C0413,P007,D011,A002,2024-05-22,5,85000.0,425000.0
T002183,C0054,P008,D007,A001,2026-01-22,11,51300.0,564300.0
T002184,C0583,P008,D018,A004,2024-04-04,13,51300.0,666900.0
T002185,C1244,P011,D023,A005,2025-01-11,15,39900.0,598500.0
T002186,C1795,P001,D041,A013,2025-07-09,15,42750.0,641250.0
T002187,C1676,P005,D036,A011,2024-08-12,5,12500.0,62500.0
T002188,C1479,P007,D033,A009,2024-12-28,15,80750.0,1211250.0
T002189,C1521,P009,D031,A009,2026-03-16,5,8500.0,42500.0
T002190,C1274,P015,D026,A006,2025-11-01,9,49000.0,441000.0
T002191,C0504,P008,D012,A003,2025-03-20,7,54000.0,378000.0
T002192,C1742,P014,D037,A012,2025-04-29,6,28000.0,168000.0
T002193,C1287,P005,D026,A006,2024-06-11,13,11875.0,154375.0
T002194,C1072,P004,D024,A005,2026-04-29,11,36100.0,397100.0
T002195,C0207,P007,D005,A001,2025-12-08,6,85000.0,510000.0
T002196,C0867,P013,D015,A004,2024-11-22,13,90250.0,1173250.0
T002197,C0893,P003,D017,A004,2024-10-02,7,120000.0,840000.0
T002198,C1668,P008,D034,A010,2024-10-14,3,54000.0,162000.0
T002199,C1053,P008,D022,A005,2024-08-20,15,51300.0,769500.0
T002200,C0728,P010,D015,A004,2024-10-03,11,20900.0,229900.0
T002201,C1854,P009,D038,A013,2024-03-05,7,8500.0,59500.0
T002202,C0207,P001,D006,A001,2024-05-15,12,42750.0,513000.0
T002203,C0810,P001,D018,A004,2024-07-08,9,45000.0,405000.0
T002204,C0069,P002,D002,A001,2026-07-19,8,6500.0,52000.0
T002205,C1423,P011,D029,A008,2026-04-24,4,42000.0,168000.0
T002206,C1761,P002,D037,A012,2024-04-24,3,6500.0,19500.0
T002207,C0543,P014,D012,A003,2025-02-14,6,28000.0,168000.0
T002208,C1649,P009,D035,A010,2026-05-10,11,8075.0,88825.0
T002209,C0566,P012,D013,A004,2025-06-20,6,31000.0,186000.0
T002210,C1751,P011,D037,A012,2024-12-22,5,42000.0,210000.0
T002211,C1452,P007,D029,A008,2026-03-28,10,80750.0,807500.0
T002212,C1556,P002,D033,A009,2025-11-12,15,6175.0,92625.0
T002213,C0029,P011,D002,A001,2025-12-06,8,42000.0,336000.0
T002214,C1829,P008,D039,A013,2025-07-10,14,51300.0,718200.0
T002215,C1395,P005,D028,A007,2024-04-07,14,11875.0,166250.0
T002216,C0585,P008,D015,A004,2025-03-09,12,51300.0,615600.0
T002217,C1596,P007,D035,A010,2026-06-23,2,85000.0,170000.0
T002218,C0544,P009,D012,A003,2025-06-07,13,8075.0,104975.0
T002219,C1678,P010,D036,A011,2025-03-10,10,20900.0,209000.0
T002220,C0211,P013,D007,A001,2024-08-28,15,90250.0,1353750.0
T002221,C1350,P008,D027,A007,2024-11-14,6,54000.0,324000.0
T002222,C1041,P010,D023,A005,2024-05-26,15,20900.0,313500.0
T002223,C0180,P008,D002,A001,2025-11-23,13,51300.0,666900.0
T002224,C0467,P013,D012,A003,2026-04-27,13,90250.0,1173250.0
T002225,C0021,P005,D005,A001,2024-12-18,14,11875.0,166250.0
T002226,C0920,P003,D015,A004,2025-09-14,14,114000.0,1596000.0
T002227,C0579,P011,D014,A004,2025-07-20,3,42000.0,126000.0
T002228,C1133,P008,D021,A005,2026-02-24,6,54000.0,324000.0
T002229,C0571,P002,D013,A004,2026-01-05,6,6500.0,39000.0
T002230,C0575,P005,D014,A004,2026-07-05,2,12500.0,25000.0
T002231,C1431,P004,D029,A008,2026-06-23,10,36100.0,361000.0
T002232,C0083,P011,D006,A001,2026-05-26,3,42000.0,126000.0
T002233,C1736,P011,D037,A012,2024-11-24,1,42000.0,42000.0
T002234,C1637,P011,D035,A010,2025-09-11,3,42000.0,126000.0
T002235,C1282,P015,D026,A006,2024-08-06,14,46550.0,651700.0
T002236,C1128,P011,D023,A005,2024-03-26,12,39900.0,478800.0
T002237,C1715,P010,D036,A011,2024-06-09,2,22000.0,44000.0
T002238,C0360,P002,D010,A002,2025-03-29,4,6500.0,26000.0
T002239,C0147,P013,D001,A001,2025-01-02,3,95000.0,285000.0
T002240,C0464,P008,D012,A003,2024-12-20,14,51300.0,718200.0
T002241,C1530,P006,D031,A009,2024-02-27,5,18500.0,92500.0
T002242,C0055,P003,D001,A001,2024-05-14,13,114000.0,1482000.0
T002243,C1106,P009,D022,A005,2025-07-22,10,8075.0,80750.0
T002244,C1891,P011,D040,A013,2026-06-20,1,42000.0,42000.0
T002245,C1648,P013,D035,A010,2024-02-18,4,95000.0,380000.0
T002246,C1016,P013,D024,A005,2026-03-18,4,95000.0,380000.0
T002247,C0112,P006,D003,A001,2025-10-02,2,18500.0,37000.0
T002248,C1599,P007,D034,A010,2024-02-15,2,85000.0,170000.0
T002249,C1135,P003,D019,A005,2024-02-19,14,114000.0,1596000.0
T002250,C0214,P001,D001,A001,2025-07-12,5,45000.0,225000.0
T002251,C0171,P011,D005,A001,2024-06-22,6,42000.0,252000.0
T002252,C1749,P004,D037,A012,2026-06-21,13,36100.0,469300.0
T002253,C1284,P011,D026,A006,2024-08-15,7,42000.0,294000.0
T002254,C1596,P011,D034,A010,2025-10-26,12,39900.0,478800.0
T002255,C1687,P001,D036,A011,2026-02-06,9,45000.0,405000.0
T002256,C1095,P008,D020,A005,2024-02-17,1,54000.0,54000.0
T002257,C1009,P012,D019,A005,2026-03-10,1,31000.0,31000.0
T002258,C0829,P004,D015,A004,2025-07-28,6,38000.0,228000.0
T002259,C0623,P010,D015,A004,2024-04-16,3,22000.0,66000.0
T002260,C0842,P013,D013,A004,2026-06-22,13,90250.0,1173250.0
T002261,C1490,P011,D032,A009,2025-01-05,5,42000.0,210000.0
T002262,C1136,P007,D021,A005,2024-12-12,7,85000.0,595000.0
T002263,C1715,P002,D036,A011,2025-03-25,8,6500.0,52000.0
T002264,C0857,P011,D017,A004,2025-05-27,7,42000.0,294000.0
T002265,C1157,P007,D019,A005,2024-05-17,12,80750.0,969000.0
T002266,C1206,P008,D023,A005,2024-08-12,1,54000.0,54000.0
T002267,C1123,P004,D023,A005,2026-05-16,14,36100.0,505400.0
T002268,C1348,P001,D027,A007,2026-01-16,3,45000.0,135000.0
T002269,C0457,P005,D011,A002,2024-03-11,5,12500.0,62500.0
T002270,C1002,P007,D020,A005,2026-01-14,4,85000.0,340000.0
T002271,C0198,P013,D004,A001,2025-03-02,13,90250.0,1173250.0
T002272,C0734,P002,D015,A004,2024-07-09,5,6500.0,32500.0
T002273,C0957,P009,D018,A004,2025-03-07,4,8500.0,34000.0
T002274,C1243,P007,D021,A005,2025-01-21,9,85000.0,765000.0
T002275,C1815,P015,D038,A013,2024-08-09,7,49000.0,343000.0
T002276,C1136,P005,D023,A005,2024-08-13,8,12500.0,100000.0
T002277,C1433,P012,D029,A008,2025-12-07,14,29450.0,412300.0
T002278,C0991,P012,D020,A005,2026-03-09,12,29450.0,353400.0
T002279,C1210,P015,D019,A005,2025-01-27,6,49000.0,294000.0
T002280,C0123,P005,D001,A001,2025-01-21,12,11875.0,142500.0
T002281,C0494,P008,D012,A003,2024-05-11,9,54000.0,486000.0
T002282,C0694,P001,D013,A004,2025-07-03,2,45000.0,90000.0
T002283,C0923,P007,D018,A004,2024-02-24,14,80750.0,1130500.0
T002284,C0075,P012,D007,A001,2026-05-06,12,29450.0,353400.0
T002285,C0268,P015,D003,A001,2025-08-18,10,46550.0,465500.0
T002286,C0534,P015,D012,A003,2024-04-19,8,49000.0,392000.0
T002287,C1841,P013,D040,A013,2025-03-03,6,95000.0,570000.0
T002288,C0642,P011,D013,A004,2026-08-21,15,39900.0,598500.0
T002289,C0949,P013,D018,A004,2026-05-24,14,90250.0,1263500.0
T002290,C0379,P007,D009,A002,2026-04-28,2,85000.0,170000.0
T002291,C1165,P008,D025,A005,2024-07-01,12,51300.0,615600.0
T002292,C0543,P007,D012,A003,2025-05-14,15,80750.0,1211250.0
T002293,C0406,P015,D009,A002,2025-06-22,14,46550.0,651700.0
T002294,C1006,P010,D019,A005,2025-02-05,9,22000.0,198000.0
T002295,C0009,P011,D007,A001,2024-01-14,8,42000.0,336000.0
T002296,C0012,P013,D006,A001,2025-12-13,3,95000.0,285000.0
T002297,C0418,P004,D011,A002,2026-08-01,2,38000.0,76000.0
T002298,C0058,P006,D003,A001,2025-08-15,1,18500.0,18500.0
T002299,C0205,P004,D004,A001,2025-11-19,3,38000.0,114000.0
T002300,C0651,P013,D015,A004,2025-05-30,4,95000.0,380000.0
T002301,C1551,P014,D031,A009,2025-11-27,10,26600.0,266000.0
T002302,C1095,P014,D021,A005,2026-01-20,4,28000.0,112000.0
T002303,C1002,P013,D021,A005,2024-04-18,8,95000.0,760000.0
T002304,C0569,P003,D015,A004,2025-07-25,15,114000.0,1710000.0
T002305,C1786,P014,D040,A013,2026-05-02,8,28000.0,224000.0
T002306,C0757,P003,D018,A004,2024-07-11,7,120000.0,840000.0
T002307,C0156,P010,D005,A001,2024-09-24,6,22000.0,132000.0
T002308,C1178,P009,D021,A005,2024-11-21,4,8500.0,34000.0
T002309,C0212,P010,D002,A001,2024-01-09,15,20900.0,313500.0
T002310,C0668,P006,D017,A004,2024-02-17,11,17575.0,193325.0
T002311,C0994,P015,D025,A005,2025-08-16,9,49000.0,441000.0
T002312,C1681,P001,D036,A011,2025-12-20,2,45000.0,90000.0
T002313,C0964,P006,D018,A004,2026-08-26,13,17575.0,228475.0
T002314,C1348,P015,D027,A007,2024-08-08,10,46550.0,465500.0
T002315,C1885,P008,D039,A013,2024-05-03,8,54000.0,432000.0
T002316,C0253,P012,D002,A001,2024-11-08,3,31000.0,93000.0
T002317,C0532,P005,D012,A003,2025-12-05,10,11875.0,118750.0
T002318,C0753,P013,D013,A004,2025-02-25,11,90250.0,992750.0
T002319,C0810,P005,D013,A004,2024-04-06,15,11875.0,178125.0
T002320,C0790,P005,D014,A004,2024-10-30,13,11875.0,154375.0
T002321,C1742,P011,D037,A012,2024-06-10,12,39900.0,478800.0
T002322,C1374,P012,D028,A007,2025-03-25,7,31000.0,217000.0
T002323,C1163,P012,D023,A005,2025-03-12,11,29450.0,323950.0
T002324,C0599,P001,D017,A004,2026-04-01,10,42750.0,427500.0
T002325,C1588,P010,D030,A009,2026-07-07,4,22000.0,88000.0
T002326,C1819,P003,D040,A013,2026-05-08,6,120000.0,720000.0
T002327,C1583,P015,D031,A009,2025-01-29,14,46550.0,651700.0
T002328,C0005,P011,D002,A001,2024-11-21,7,42000.0,294000.0
T002329,C1214,P010,D020,A005,2024-02-06,11,20900.0,229900.0
T002330,C0093,P007,D005,A001,2025-11-10,15,80750.0,1211250.0
T002331,C0497,P006,D012,A003,2024-08-25,9,18500.0,166500.0
T002332,C0108,P002,D006,A001,2026-04-22,9,6500.0,58500.0
T002333,C1142,P013,D020,A005,2026-03-13,13,90250.0,1173250.0
T002334,C1314,P003,D028,A007,2024-01-03,7,120000.0,840000.0
T002335,C0214,P005,D004,A001,2024-07-14,4,12500.0,50000.0
T002336,C0733,P004,D015,A004,2024-08-01,8,38000.0,304000.0
T002337,C0884,P007,D017,A004,2024-09-17,12,80750.0,969000.0
T002338,C0710,P013,D015,A004,2024-06-28,5,95000.0,475000.0
T002339,C0227,P010,D002,A001,2025-07-21,6,22000.0,132000.0
T002340,C0805,P014,D013,A004,2025-08-14,14,26600.0,372400.0
T002341,C1447,P011,D029,A008,2025-09-15,5,42000.0,210000.0
T002342,C0123,P007,D007,A001,2026-07-15,10,80750.0,807500.0
T002343,C0148,P002,D007,A001,2026-06-01,8,6500.0,52000.0
T002344,C0683,P013,D017,A004,2025-06-19,4,95000.0,380000.0
T002345,C1802,P006,D040,A013,2024-05-19,9,18500.0,166500.0
T002346,C1282,P005,D026,A006,2025-11-13,7,12500.0,87500.0
T002347,C1303,P009,D026,A006,2025-04-12,1,8500.0,8500.0
T002348,C0694,P014,D018,A004,2024-01-23,14,26600.0,372400.0
T002349,C1128,P010,D022,A005,2026-07-18,2,22000.0,44000.0
T002350,C0017,P009,D003,A001,2026-03-26,12,8075.0,96900.0
T002351,C1213,P006,D022,A005,2025-03-18,12,17575.0,210900.0
T002352,C1754,P012,D037,A012,2026-08-24,1,31000.0,31000.0
T002353,C1166,P005,D023,A005,2026-06-27,12,11875.0,142500.0
T002354,C1681,P006,D036,A011,2025-08-12,9,18500.0,166500.0
T002355,C1391,P015,D027,A007,2025-10-23,6,49000.0,294000.0
T002356,C0224,P004,D004,A001,2024-12-17,5,38000.0,190000.0
T002357,C1734,P005,D037,A012,2026-03-25,9,12500.0,112500.0
T002358,C0115,P003,D003,A001,2026-03-31,8,120000.0,960000.0
T002359,C1030,P006,D019,A005,2026-06-01,11,17575.0,193325.0
T002360,C0272,P008,D004,A001,2026-02-01,3,54000.0,162000.0
T002361,C0020,P013,D001,A001,2025-10-06,7,95000.0,665000.0
T002362,C0810,P013,D018,A004,2025-02-20,14,90250.0,1263500.0
T002363,C0569,P006,D017,A004,2024-12-25,4,18500.0,74000.0
T002364,C0956,P002,D014,A004,2025-03-25,9,6500.0,58500.0
T002365,C1100,P013,D023,A005,2025-10-26,4,95000.0,380000.0
T002366,C0071,P014,D003,A001,2024-05-30,15,26600.0,399000.0
T002367,C0232,P013,D004,A001,2024-02-19,15,90250.0,1353750.0
T002368,C1071,P004,D024,A005,2025-03-08,4,38000.0,152000.0
T002369,C0665,P010,D015,A004,2025-02-16,9,22000.0,198000.0
T002370,C1403,P004,D027,A007,2025-07-04,2,38000.0,76000.0
T002371,C1243,P008,D024,A005,2025-03-07,2,54000.0,108000.0
T002372,C1630,P008,D034,A010,2026-05-08,2,54000.0,108000.0
T002373,C1323,P015,D028,A007,2024-06-26,11,46550.0,512050.0
T002374,C0829,P007,D016,A004,2025-07-05,6,85000.0,510000.0
T002375,C1292,P009,D026,A006,2026-04-13,8,8500.0,68000.0
T002376,C0532,P010,D012,A003,2025-12-01,5,22000.0,110000.0
T002377,C0586,P012,D015,A004,2024-05-21,10,29450.0,294500.0
T002378,C1525,P013,D032,A009,2026-06-18,14,90250.0,1263500.0
T002379,C0864,P008,D016,A004,2025-07-24,8,54000.0,432000.0
T002380,C1538,P014,D033,A009,2025-03-07,8,28000.0,224000.0
T002381,C1587,P004,D032,A009,2024-03-31,2,38000.0,76000.0
T002382,C1648,P013,D034,A010,2024-03-01,10,90250.0,902500.0
T002383,C1756,P001,D037,A012,2026-01-26,1,45000.0,45000.0
T002384,C0830,P003,D014,A004,2026-02-01,5,120000.0,600000.0
T002385,C0624,P013,D015,A004,2025-11-01,11,90250.0,992750.0
T002386,C1105,P015,D020,A005,2026-06-04,11,46550.0,512050.0
T002387,C0713,P011,D018,A004,2026-07-26,15,39900.0,598500.0
T002388,C1136,P005,D022,A005,2024-01-30,14,11875.0,166250.0
T002389,C1354,P004,D028,A007,2025-08-21,13,36100.0,469300.0
T002390,C1320,P010,D028,A007,2026-05-03,6,22000.0,132000.0
T002391,C0719,P006,D017,A004,2024-08-08,12,17575.0,210900.0
T002392,C0317,P002,D010,A002,2026-01-17,5,6500.0,32500.0
T002393,C0829,P013,D018,A004,2025-02-22,9,95000.0,855000.0
T002394,C0272,P012,D005,A001,2025-02-25,7,31000.0,217000.0
T002395,C1708,P009,D036,A011,2025-12-26,10,8075.0,80750.0
T002396,C0670,P007,D015,A004,2025-09-06,10,80750.0,807500.0
T002397,C0295,P005,D006,A001,2024-06-17,12,11875.0,142500.0
T002398,C0042,P010,D006,A001,2024-07-09,8,22000.0,176000.0
T002399,C1232,P005,D025,A005,2025-05-07,11,11875.0,130625.0
T002400,C1214,P003,D019,A005,2024-09-16,1,120000.0,120000.0
T002401,C0660,P007,D016,A004,2024-02-03,5,85000.0,425000.0
T002402,C0124,P009,D005,A001,2026-05-08,2,8500.0,17000.0
T002403,C0783,P003,D015,A004,2025-04-11,5,120000.0,600000.0
T002404,C0604,P010,D015,A004,2024-10-15,2,22000.0,44000.0
T002405,C1300,P003,D026,A006,2026-03-12,9,120000.0,1080000.0
T002406,C1152,P002,D023,A005,2026-07-26,12,6175.0,74100.0
T002407,C0701,P005,D016,A004,2025-05-05,5,12500.0,62500.0
T002408,C0418,P002,D009,A002,2024-01-09,3,6500.0,19500.0
T002409,C1876,P007,D040,A013,2025-07-01,14,80750.0,1130500.0
T002410,C0882,P013,D017,A004,2025-01-08,11,90250.0,992750.0
T002411,C1320,P006,D028,A007,2026-06-16,10,17575.0,175750.0
T002412,C0268,P012,D006,A001,2026-03-23,2,31000.0,62000.0
T002413,C0956,P006,D015,A004,2026-04-07,9,18500.0,166500.0
T002414,C0047,P003,D002,A001,2025-07-04,4,120000.0,480000.0
T002415,C0991,P010,D019,A005,2025-07-14,15,20900.0,313500.0
T002416,C1830,P004,D038,A013,2026-04-18,5,38000.0,190000.0
T002417,C0733,P014,D014,A004,2024-11-15,15,26600.0,399000.0
T002418,C0059,P010,D004,A001,2026-02-01,14,20900.0,292600.0
T002419,C0051,P010,D006,A001,2026-08-03,2,22000.0,44000.0
T002420,C0744,P015,D014,A004,2024-10-29,2,49000.0,98000.0
T002421,C0308,P004,D001,A001,2024-12-06,15,36100.0,541500.0
T002422,C0041,P002,D003,A001,2024-08-16,1,6500.0,6500.0
T002423,C1460,P008,D029,A008,2025-06-29,2,54000.0,108000.0
T002424,C0892,P015,D018,A004,2025-02-21,6,49000.0,294000.0
T002425,C0556,P006,D016,A004,2025-02-20,12,17575.0,210900.0
T002426,C1733,P006,D037,A012,2024-05-02,13,17575.0,228475.0
T002427,C0215,P002,D002,A001,2025-02-20,10,6175.0,61750.0
T002428,C1820,P005,D038,A013,2026-08-15,10,11875.0,118750.0
T002429,C0613,P002,D018,A004,2026-02-05,7,6500.0,45500.0
T002430,C1706,P001,D036,A011,2024-06-12,11,42750.0,470250.0
T002431,C1139,P009,D020,A005,2025-03-03,14,8075.0,113050.0
T002432,C1592,P011,D035,A010,2024-12-30,15,39900.0,598500.0
T002433,C1872,P014,D041,A013,2024-05-29,1,28000.0,28000.0
T002434,C0556,P013,D018,A004,2024-03-29,12,90250.0,1083000.0
T002435,C1829,P011,D040,A013,2025-05-19,3,42000.0,126000.0
T002436,C0746,P004,D014,A004,2024-05-29,1,38000.0,38000.0
T002437,C0736,P014,D015,A004,2025-07-26,6,28000.0,168000.0
T002438,C0660,P004,D017,A004,2025-04-19,2,38000.0,76000.0
T002439,C1044,P003,D024,A005,2026-04-10,1,120000.0,120000.0
T002440,C0295,P013,D006,A001,2024-01-24,12,90250.0,1083000.0
T002441,C1062,P013,D022,A005,2024-02-14,5,95000.0,475000.0
T002442,C1045,P003,D021,A005,2024-01-14,7,120000.0,840000.0
T002443,C1473,P008,D029,A008,2025-12-10,10,51300.0,513000.0
T002444,C1604,P014,D034,A010,2025-10-11,9,28000.0,252000.0
T002445,C0850,P012,D015,A004,2024-07-28,1,31000.0,31000.0
T002446,C0580,P006,D016,A004,2026-04-04,3,18500.0,55500.0
T002447,C0499,P015,D012,A003,2026-01-15,15,46550.0,698250.0
T002448,C0376,P010,D009,A002,2024-03-16,4,22000.0,88000.0
T002449,C0106,P003,D002,A001,2026-05-13,10,114000.0,1140000.0
T002450,C0665,P014,D014,A004,2025-07-23,7,28000.0,196000.0
T002451,C0522,P005,D012,A003,2026-07-13,15,11875.0,178125.0
T002452,C1834,P009,D038,A013,2024-07-31,6,8500.0,51000.0
T002453,C1068,P009,D023,A005,2026-03-27,13,8075.0,104975.0
T002454,C0670,P012,D017,A004,2024-10-23,5,31000.0,155000.0
T002455,C1104,P008,D025,A005,2025-07-30,12,51300.0,615600.0
T002456,C0267,P003,D005,A001,2024-09-02,10,114000.0,1140000.0
T002457,C0859,P004,D018,A004,2024-02-27,14,36100.0,505400.0
T002458,C1194,P012,D022,A005,2025-05-20,1,31000.0,31000.0
T002459,C0958,P007,D018,A004,2025-06-25,12,80750.0,969000.0
T002460,C0766,P011,D014,A004,2025-08-30,15,39900.0,598500.0
T002461,C1888,P009,D039,A013,2026-06-12,15,8075.0,121125.0
T002462,C1689,P015,D036,A011,2026-02-17,13,46550.0,605150.0
T002463,C1187,P004,D019,A005,2025-03-23,15,36100.0,541500.0
T002464,C1090,P005,D024,A005,2026-08-22,14,11875.0,166250.0
T002465,C1183,P009,D019,A005,2025-09-17,7,8500.0,59500.0
T002466,C0393,P005,D010,A002,2025-08-11,6,12500.0,75000.0
T002467,C0755,P006,D018,A004,2024-07-24,2,18500.0,37000.0
T002468,C0060,P012,D003,A001,2025-09-06,11,29450.0,323950.0
T002469,C0934,P005,D017,A004,2025-12-26,8,12500.0,100000.0
T002470,C1048,P011,D021,A005,2025-06-23,7,42000.0,294000.0
T002471,C0439,P008,D010,A002,2026-02-17,2,54000.0,108000.0
T002472,C1830,P007,D040,A013,2024-12-08,4,85000.0,340000.0
T002473,C1749,P002,D037,A012,2026-03-08,11,6175.0,67925.0
T002474,C1390,P008,D028,A007,2024-08-31,15,51300.0,769500.0
T002475,C1029,P004,D021,A005,2026-01-24,9,38000.0,342000.0
T002476,C1675,P004,D036,A011,2024-03-28,13,36100.0,469300.0
T002477,C0248,P003,D002,A001,2026-08-02,5,120000.0,600000.0
T002478,C1526,P013,D031,A009,2024-11-08,13,90250.0,1173250.0
T002479,C0237,P009,D001,A001,2025-08-04,11,8075.0,88825.0
T002480,C1529,P001,D030,A009,2026-04-03,11,42750.0,470250.0
T002481,C0532,P004,D012,A003,2026-07-20,5,38000.0,190000.0
T002482,C1685,P014,D036,A011,2025-03-25,12,26600.0,319200.0
T002483,C1803,P012,D041,A013,2024-04-16,15,29450.0,441750.0
T002484,C0282,P001,D003,A001,2024-09-07,10,42750.0,427500.0
T002485,C0903,P007,D016,A004,2026-05-26,5,85000.0,425000.0
T002486,C1867,P003,D041,A013,2024-05-19,1,120000.0,120000.0
T002487,C0953,P012,D015,A004,2025-10-01,10,29450.0,294500.0
T002488,C1667,P009,D035,A010,2025-02-22,8,8500.0,68000.0
T002489,C1119,P009,D021,A005,2026-01-25,1,8500.0,8500.0
T002490,C0721,P006,D015,A004,2026-01-09,15,17575.0,263625.0
T002491,C0550,P014,D013,A004,2025-11-20,8,28000.0,224000.0
T002492,C0395,P002,D009,A002,2025-01-30,3,6500.0,19500.0
T002493,C1473,P008,D029,A008,2024-10-22,12,51300.0,615600.0
T002494,C0739,P014,D013,A004,2026-05-01,8,28000.0,224000.0
T002495,C0999,P012,D023,A005,2026-08-18,2,31000.0,62000.0
T002496,C0964,P006,D013,A004,2024-06-05,10,17575.0,175750.0
T002497,C1100,P005,D023,A005,2026-03-10,3,12500.0,37500.0
T002498,C1668,P005,D034,A010,2025-06-16,13,11875.0,154375.0
T002499,C1866,P006,D041,A013,2024-10-05,8,18500.0,148000.0
T002500,C0779,P010,D013,A004,2025-05-07,1,22000.0,22000.0
T002501,C1595,P011,D034,A010,2025-10-15,14,39900.0,558600.0
T002502,C1476,P008,D033,A009,2024-04-14,6,54000.0,324000.0
T002503,C1096,P012,D019,A005,2026-04-29,10,29450.0,294500.0
T002504,C1820,P008,D041,A013,2026-08-27,12,51300.0,615600.0
T002505,C0390,P006,D011,A002,2025-04-22,2,18500.0,37000.0
T002506,C0206,P006,D006,A001,2024-09-15,8,18500.0,148000.0
T002507,C1642,P005,D034,A010,2025-11-10,2,12500.0,25000.0
T002508,C0850,P003,D015,A004,2026-08-23,6,120000.0,720000.0
T002509,C1633,P002,D034,A010,2024-12-16,5,6500.0,32500.0
T002510,C1717,P002,D036,A011,2025-06-30,6,6500.0,39000.0
T002511,C0110,P006,D002,A001,2024-08-31,14,17575.0,246050.0
T002512,C1695,P001,D036,A011,2025-05-12,12,42750.0,513000.0
T002513,C0870,P009,D013,A004,2025-10-31,7,8500.0,59500.0
T002514,C0999,P009,D025,A005,2026-07-19,5,8500.0,42500.0
T002515,C1194,P003,D020,A005,2024-08-06,12,114000.0,1368000.0
T002516,C1781,P001,D040,A013,2024-01-19,8,45000.0,360000.0
T002517,C0029,P008,D006,A001,2026-01-03,2,54000.0,108000.0
T002518,C0939,P008,D018,A004,2026-04-08,13,51300.0,666900.0
T002519,C1320,P006,D028,A007,2025-08-08,6,18500.0,111000.0
T002520,C1390,P005,D028,A007,2026-01-01,13,11875.0,154375.0
T002521,C1323,P010,D028,A007,2024-04-13,1,22000.0,22000.0
T002522,C0260,P011,D007,A001,2024-02-10,13,39900.0,518700.0
T002523,C0574,P008,D017,A004,2026-03-20,11,51300.0,564300.0
T002524,C0691,P012,D017,A004,2024-07-01,9,31000.0,279000.0
T002525,C1552,P012,D031,A009,2024-04-22,12,29450.0,353400.0
T002526,C0536,P009,D012,A003,2025-03-31,7,8500.0,59500.0
T002527,C0412,P008,D009,A002,2025-01-11,15,51300.0,769500.0
T002528,C1823,P007,D038,A013,2025-05-15,1,85000.0,85000.0
T002529,C0013,P005,D007,A001,2024-03-28,4,12500.0,50000.0
T002530,C1896,P004,D038,A013,2024-03-17,5,38000.0,190000.0
T002531,C1300,P005,D026,A006,2025-05-19,11,11875.0,130625.0
T002532,C1595,P014,D034,A010,2024-11-17,8,28000.0,224000.0
T002533,C0569,P013,D013,A004,2026-08-31,12,90250.0,1083000.0
T002534,C0023,P013,D007,A001,2026-07-01,11,90250.0,992750.0
T002535,C1421,P012,D029,A008,2026-04-03,6,31000.0,186000.0
T002536,C1604,P003,D035,A010,2026-04-24,1,120000.0,120000.0
T002537,C1423,P011,D029,A008,2024-08-30,15,39900.0,598500.0
T002538,C0273,P012,D007,A001,2026-03-30,2,31000.0,62000.0
T002539,C1451,P007,D029,A008,2026-08-19,10,80750.0,807500.0
T002540,C1481,P004,D031,A009,2024-03-18,5,38000.0,190000.0
T002541,C1254,P013,D026,A006,2024-03-25,15,90250.0,1353750.0
T002542,C1479,P010,D031,A009,2026-05-13,6,22000.0,132000.0
T002543,C1632,P013,D035,A010,2025-04-07,5,95000.0,475000.0
T002544,C1168,P012,D020,A005,2024-07-04,6,31000.0,186000.0
T002545,C0159,P002,D001,A001,2025-06-17,2,6500.0,13000.0
T002546,C0957,P012,D015,A004,2024-03-28,4,31000.0,124000.0
T002547,C0141,P001,D006,A001,2024-12-12,3,45000.0,135000.0
T002548,C0779,P009,D013,A004,2025-12-07,10,8075.0,80750.0
T002549,C0779,P005,D013,A004,2025-07-03,13,11875.0,154375.0
T002550,C0115,P011,D002,A001,2024-06-18,1,42000.0,42000.0
T002551,C0671,P004,D015,A004,2024-09-30,1,38000.0,38000.0
T002552,C0207,P004,D004,A001,2024-01-12,4,38000.0,152000.0
T002553,C1560,P015,D032,A009,2025-04-24,15,46550.0,698250.0
T002554,C1812,P007,D041,A013,2025-03-21,2,85000.0,170000.0
T002555,C0124,P012,D005,A001,2025-01-17,1,31000.0,31000.0
T002556,C1819,P002,D041,A013,2024-07-08,2,6500.0,13000.0
T002557,C1017,P014,D023,A005,2025-02-08,9,28000.0,252000.0
T002558,C0575,P014,D017,A004,2024-08-15,1,28000.0,28000.0
T002559,C0136,P014,D003,A001,2025-11-01,6,28000.0,168000.0
T002560,C0988,P002,D023,A005,2025-09-19,2,6500.0,13000.0
T002561,C1530,P013,D031,A009,2025-09-15,11,90250.0,992750.0
T002562,C1360,P010,D027,A007,2025-08-01,12,20900.0,250800.0
T002563,C0088,P005,D002,A001,2024-12-10,14,11875.0,166250.0
T002564,C0125,P008,D006,A001,2024-02-24,2,54000.0,108000.0
T002565,C0768,P010,D013,A004,2024-07-11,7,22000.0,154000.0
T002566,C0569,P001,D016,A004,2024-10-10,3,45000.0,135000.0
T002567,C0449,P010,D009,A002,2025-10-14,15,20900.0,313500.0
T002568,C0543,P003,D012,A003,2026-03-25,1,120000.0,120000.0
T002569,C1551,P015,D030,A009,2025-07-17,12,46550.0,558600.0
T002570,C1784,P003,D039,A013,2024-07-22,13,114000.0,1482000.0
T002571,C0775,P005,D014,A004,2025-11-29,14,11875.0,166250.0
T002572,C1740,P008,D037,A012,2026-06-25,13,51300.0,666900.0
T002573,C0627,P015,D015,A004,2025-01-21,10,46550.0,465500.0
T002574,C0939,P001,D014,A004,2026-01-22,2,45000.0,90000.0
T002575,C0437,P003,D009,A002,2024-07-12,2,120000.0,240000.0
T002576,C1221,P010,D024,A005,2025-05-08,10,20900.0,209000.0
T002577,C1858,P013,D041,A013,2024-04-12,8,95000.0,760000.0
T002578,C1141,P004,D019,A005,2024-12-19,7,38000.0,266000.0
T002579,C0689,P005,D013,A004,2024-05-12,5,12500.0,62500.0
T002580,C1234,P007,D021,A005,2025-07-07,13,80750.0,1049750.0
T002581,C0231,P006,D002,A001,2024-09-01,8,18500.0,148000.0
T002582,C1706,P008,D036,A011,2025-04-13,8,54000.0,432000.0
T002583,C0989,P005,D020,A005,2024-11-13,6,12500.0,75000.0
T002584,C0870,P012,D016,A004,2025-11-23,11,29450.0,323950.0
T002585,C1117,P013,D022,A005,2026-02-17,4,95000.0,380000.0
T002586,C1187,P013,D022,A005,2026-02-05,14,90250.0,1263500.0
T002587,C0124,P008,D003,A001,2026-06-08,6,54000.0,324000.0
T002588,C1307,P015,D026,A006,2025-08-23,5,49000.0,245000.0
T002589,C0467,P004,D012,A003,2025-07-08,2,38000.0,76000.0
T002590,C1373,P005,D027,A007,2025-05-10,1,12500.0,12500.0
T002591,C1587,P006,D032,A009,2026-04-02,8,18500.0,148000.0
T002592,C1551,P008,D033,A009,2025-02-05,5,54000.0,270000.0
T002593,C1060,P007,D021,A005,2025-04-17,3,85000.0,255000.0
T002594,C1016,P007,D024,A005,2025-08-13,4,85000.0,340000.0
T002595,C0273,P011,D001,A001,2026-02-15,4,42000.0,168000.0
T002596,C1494,P011,D033,A009,2025-06-25,14,39900.0,558600.0
T002597,C0525,P007,D012,A003,2026-08-02,14,80750.0,1130500.0
T002598,C0974,P009,D020,A005,2026-08-11,7,8500.0,59500.0
T002599,C0549,P008,D016,A004,2026-06-30,8,54000.0,432000.0
T002600,C0260,P011,D002,A001,2025-08-06,10,39900.0,399000.0
T002601,C1203,P010,D020,A005,2026-06-19,12,20900.0,250800.0
T002602,C0099,P008,D007,A001,2024-09-01,6,54000.0,324000.0
T002603,C1446,P003,D029,A008,2025-02-20,9,120000.0,1080000.0
T002604,C0623,P004,D014,A004,2025-12-01,13,36100.0,469300.0
T002605,C0001,P010,D002,A001,2024-09-15,5,22000.0,110000.0
T002606,C0999,P015,D019,A005,2026-05-04,14,46550.0,651700.0
T002607,C0076,P011,D001,A001,2025-02-12,10,39900.0,399000.0
T002608,C0534,P009,D012,A003,2024-11-26,13,8075.0,104975.0
T002609,C1360,P006,D027,A007,2025-05-08,12,17575.0,210900.0
T002610,C0110,P005,D003,A001,2025-06-27,15,11875.0,178125.0
T002611,C1611,P006,D034,A010,2024-04-19,2,18500.0,37000.0
T002612,C0006,P013,D001,A001,2024-09-19,3,95000.0,285000.0
T002613,C0478,P009,D012,A003,2024-11-27,4,8500.0,34000.0
T002614,C1424,P006,D029,A008,2026-03-30,1,18500.0,18500.0
T002615,C0621,P011,D016,A004,2025-07-11,7,42000.0,294000.0
T002616,C0192,P010,D002,A001,2024-06-21,2,22000.0,44000.0
T002617,C0693,P015,D013,A004,2025-09-28,12,46550.0,558600.0
T002618,C0522,P010,D012,A003,2025-07-06,13,20900.0,271700.0
T002619,C1616,P015,D035,A010,2024-07-26,14,46550.0,651700.0
T002620,C0613,P010,D015,A004,2026-03-27,7,22000.0,154000.0
T002621,C1525,P011,D033,A009,2024-11-13,5,42000.0,210000.0
T002622,C1714,P003,D036,A011,2025-04-27,1,120000.0,120000.0
T002623,C0839,P009,D016,A004,2024-11-15,6,8500.0,51000.0
T002624,C1749,P003,D037,A012,2024-03-25,12,114000.0,1368000.0
T002625,C0724,P002,D016,A004,2024-10-09,9,6500.0,58500.0
T002626,C1830,P002,D038,A013,2026-06-08,15,6175.0,92625.0
T002627,C0161,P006,D006,A001,2026-01-27,1,18500.0,18500.0
T002628,C1315,P010,D028,A007,2024-09-15,5,22000.0,110000.0
T002629,C0965,P007,D013,A004,2025-05-07,9,85000.0,765000.0
T002630,C0744,P013,D014,A004,2024-07-25,1,95000.0,95000.0
T002631,C1207,P003,D020,A005,2025-12-06,9,120000.0,1080000.0
T002632,C1352,P007,D027,A007,2026-03-25,2,85000.0,170000.0
T002633,C0007,P003,D004,A001,2025-05-12,2,120000.0,240000.0
T002634,C0317,P012,D008,A002,2025-09-27,11,29450.0,323950.0
T002635,C1373,P002,D028,A007,2025-05-23,10,6175.0,61750.0
T002636,C1279,P006,D026,A006,2025-08-08,3,18500.0,55500.0
T002637,C1832,P012,D040,A013,2024-05-09,4,31000.0,124000.0
T002638,C1468,P001,D029,A008,2025-08-12,11,42750.0,470250.0
T002639,C1815,P003,D038,A013,2024-12-17,9,120000.0,1080000.0
T002640,C1348,P002,D028,A007,2026-05-12,4,6500.0,26000.0
T002641,C0574,P003,D013,A004,2026-07-14,13,114000.0,1482000.0
T002642,C0201,P012,D007,A001,2024-04-23,13,29450.0,382850.0
T002643,C1507,P008,D031,A009,2025-08-19,7,54000.0,378000.0
T002644,C1230,P009,D023,A005,2024-08-31,12,8075.0,96900.0
T002645,C0083,P013,D004,A001,2026-01-15,8,95000.0,760000.0
T002646,C0693,P013,D016,A004,2025-05-06,3,95000.0,285000.0
T002647,C1820,P011,D040,A013,2026-05-30,5,42000.0,210000.0
T002648,C0988,P010,D025,A005,2025-01-20,6,22000.0,132000.0
T002649,C0835,P012,D015,A004,2024-08-16,15,29450.0,441750.0
T002650,C0889,P003,D017,A004,2026-07-26,10,114000.0,1140000.0
T002651,C0409,P009,D008,A002,2025-10-18,5,8500.0,42500.0
T002652,C0710,P001,D018,A004,2024-02-01,12,42750.0,513000.0
T002653,C0713,P007,D018,A004,2024-12-28,8,85000.0,680000.0
T002654,C0094,P003,D004,A001,2025-01-26,12,114000.0,1368000.0
T002655,C1480,P010,D031,A009,2026-08-02,1,22000.0,22000.0
T002656,C0799,P010,D013,A004,2026-01-05,5,22000.0,110000.0
T002657,C1585,P006,D031,A009,2025-04-22,4,18500.0,74000.0
T002658,C1636,P003,D034,A010,2025-02-09,5,120000.0,600000.0
T002659,C0412,P013,D008,A002,2026-06-18,1,95000.0,95000.0
T002660,C1252,P010,D026,A006,2024-08-10,6,22000.0,132000.0
T002661,C0923,P013,D015,A004,2024-06-16,3,95000.0,285000.0
T002662,C1689,P013,D036,A011,2025-09-23,7,95000.0,665000.0
T002663,C0415,P008,D008,A002,2024-12-27,4,54000.0,216000.0
T002664,C1300,P013,D026,A006,2026-01-29,5,95000.0,475000.0
T002665,C1163,P001,D019,A005,2026-01-06,4,45000.0,180000.0
T002666,C0569,P012,D018,A004,2024-02-26,7,31000.0,217000.0
T002667,C0265,P014,D006,A001,2024-11-15,5,28000.0,140000.0
T002668,C1243,P012,D024,A005,2024-11-28,6,31000.0,186000.0
T002669,C1421,P005,D029,A008,2025-10-18,4,12500.0,50000.0
T002670,C0617,P012,D018,A004,2026-02-06,1,31000.0,31000.0
T002671,C1230,P005,D023,A005,2024-08-18,10,11875.0,118750.0
T002672,C0755,P007,D017,A004,2024-01-20,5,85000.0,425000.0
T002673,C1373,P010,D027,A007,2026-03-21,12,20900.0,250800.0
T002674,C0385,P004,D010,A002,2025-04-12,4,38000.0,152000.0
T002675,C1708,P004,D036,A011,2024-01-21,15,36100.0,541500.0
T002676,C0552,P015,D018,A004,2024-08-01,1,49000.0,49000.0
T002677,C0708,P014,D014,A004,2024-06-05,5,28000.0,140000.0
T002678,C0106,P009,D003,A001,2024-07-14,12,8075.0,96900.0
T002679,C0210,P001,D003,A001,2026-07-26,2,45000.0,90000.0
T002680,C1004,P006,D019,A005,2026-04-18,1,18500.0,18500.0
T002681,C0519,P006,D012,A003,2024-02-25,13,17575.0,228475.0
T002682,C1607,P012,D034,A010,2024-10-06,3,31000.0,93000.0
T002683,C0024,P006,D004,A001,2024-11-08,2,18500.0,37000.0
T002684,C0728,P006,D013,A004,2024-05-14,6,18500.0,111000.0
T002685,C0651,P008,D017,A004,2024-03-18,10,51300.0,513000.0
T002686,C0029,P015,D003,A001,2026-07-14,1,49000.0,49000.0
T002687,C0237,P005,D005,A001,2024-09-17,15,11875.0,178125.0
T002688,C0797,P006,D018,A004,2025-05-24,14,17575.0,246050.0
T002689,C0964,P007,D016,A004,2026-03-27,4,85000.0,340000.0
T002690,C0773,P005,D016,A004,2024-09-08,1,12500.0,12500.0
T002691,C1026,P014,D019,A005,2025-11-18,11,26600.0,292600.0
T002692,C1128,P007,D020,A005,2024-11-19,3,85000.0,255000.0
T002693,C0017,P002,D003,A001,2024-02-12,5,6500.0,32500.0
T002694,C0903,P007,D017,A004,2026-04-08,6,85000.0,510000.0
T002695,C1830,P015,D038,A013,2024-11-09,4,49000.0,196000.0
T002696,C1012,P015,D023,A005,2024-02-13,12,46550.0,558600.0
T002697,C1300,P005,D026,A006,2026-01-20,2,12500.0,25000.0
T002698,C0608,P014,D017,A004,2025-06-21,9,28000.0,252000.0
T002699,C1490,P005,D033,A009,2025-11-03,2,12500.0,25000.0
T002700,C1488,P007,D033,A009,2025-12-25,9,85000.0,765000.0
T002701,C1016,P006,D022,A005,2026-08-11,10,17575.0,175750.0
T002702,C1851,P010,D041,A013,2024-12-08,7,22000.0,154000.0
T002703,C0242,P003,D005,A001,2024-02-05,1,120000.0,120000.0
T002704,C0027,P014,D001,A001,2026-01-11,11,26600.0,292600.0
T002705,C1486,P005,D033,A009,2024-06-07,11,11875.0,130625.0
T002706,C1559,P001,D033,A009,2025-06-12,4,45000.0,180000.0
T002707,C0223,P009,D002,A001,2024-02-20,13,8075.0,104975.0
T002708,C0515,P010,D012,A003,2024-04-15,11,20900.0,229900.0
T002709,C0029,P004,D004,A001,2025-04-17,15,36100.0,541500.0
T002710,C0568,P001,D016,A004,2025-01-23,9,45000.0,405000.0
T002711,C1488,P014,D032,A009,2026-02-20,8,28000.0,224000.0
T002712,C1009,P001,D021,A005,2025-11-15,10,42750.0,427500.0
T002713,C0671,P004,D013,A004,2025-05-30,1,38000.0,38000.0
T002714,C0714,P003,D013,A004,2026-01-07,1,120000.0,120000.0
T002715,C0005,P007,D003,A001,2026-02-15,13,80750.0,1049750.0
T002716,C0575,P008,D014,A004,2024-01-19,11,51300.0,564300.0
T002717,C1233,P008,D019,A005,2025-08-29,13,51300.0,666900.0
T002718,C1845,P009,D041,A013,2025-11-20,3,8500.0,25500.0
T002719,C1633,P001,D034,A010,2025-01-18,14,42750.0,598500.0
T002720,C0041,P006,D003,A001,2025-08-27,1,18500.0,18500.0
T002721,C1731,P010,D037,A012,2025-08-04,14,20900.0,292600.0
T002722,C1509,P009,D033,A009,2024-05-18,5,8500.0,42500.0
T002723,C1504,P013,D032,A009,2024-09-11,9,95000.0,855000.0
T002724,C0890,P010,D013,A004,2024-10-25,4,22000.0,88000.0
T002725,C0762,P004,D013,A004,2025-05-18,12,36100.0,433200.0
T002726,C0580,P010,D018,A004,2025-02-26,6,22000.0,132000.0
T002727,C0114,P010,D004,A001,2025-12-10,4,22000.0,88000.0
T002728,C0440,P003,D009,A002,2024-12-10,3,120000.0,360000.0
T002729,C0477,P001,D012,A003,2024-05-10,4,45000.0,180000.0
T002730,C0954,P001,D015,A004,2025-01-26,12,42750.0,513000.0
T002731,C1442,P002,D029,A008,2025-01-03,2,6500.0,13000.0
T002732,C0926,P014,D015,A004,2024-04-14,15,26600.0,399000.0
T002733,C0106,P009,D001,A001,2024-12-10,2,8500.0,17000.0
T002734,C1823,P013,D038,A013,2026-05-20,3,95000.0,285000.0
T002735,C1802,P005,D040,A013,2025-05-12,11,11875.0,130625.0
T002736,C1517,P004,D033,A009,2024-03-25,6,38000.0,228000.0
T002737,C1884,P009,D040,A013,2024-11-06,5,8500.0,42500.0
T002738,C1049,P005,D024,A005,2025-07-22,3,12500.0,37500.0
T002739,C1829,P012,D038,A013,2024-09-07,14,29450.0,412300.0
T002740,C0130,P001,D002,A001,2026-08-23,2,45000.0,90000.0
T002741,C0706,P007,D018,A004,2025-01-24,11,80750.0,888250.0
T002742,C0431,P002,D009,A002,2025-11-16,10,6175.0,61750.0
T002743,C0378,P008,D008,A002,2026-06-13,9,54000.0,486000.0
T002744,C0268,P014,D005,A001,2026-04-03,13,26600.0,345800.0
T002745,C1184,P007,D024,A005,2025-11-23,10,80750.0,807500.0
T002746,C1507,P009,D031,A009,2024-10-23,2,8500.0,17000.0
T002747,C1100,P004,D025,A005,2024-03-12,9,38000.0,342000.0
T002748,C0279,P009,D006,A001,2024-04-16,5,8500.0,42500.0
T002749,C1569,P012,D031,A009,2024-06-09,6,31000.0,186000.0
T002750,C1213,P005,D021,A005,2025-04-06,1,12500.0,12500.0
T002751,C0744,P005,D013,A004,2026-04-06,15,11875.0,178125.0
T002752,C1293,P009,D026,A006,2025-06-23,4,8500.0,34000.0
T002753,C0502,P013,D012,A003,2026-02-20,15,90250.0,1353750.0
T002754,C0668,P013,D014,A004,2025-04-13,6,95000.0,570000.0
T002755,C1759,P001,D037,A012,2026-01-13,5,45000.0,225000.0
T002756,C0561,P010,D018,A004,2025-08-17,10,20900.0,209000.0
T002757,C0921,P004,D017,A004,2024-04-19,12,36100.0,433200.0
T002758,C1708,P003,D036,A011,2024-11-03,2,120000.0,240000.0
T002759,C1361,P007,D028,A007,2024-12-25,4,85000.0,340000.0
T002760,C0110,P008,D004,A001,2024-09-04,2,54000.0,108000.0
T002761,C0280,P009,D005,A001,2025-02-19,11,8075.0,88825.0
T002762,C0012,P006,D002,A001,2025-02-09,1,18500.0,18500.0
T002763,C1204,P008,D021,A005,2026-08-31,9,54000.0,486000.0
T002764,C0870,P007,D018,A004,2025-10-13,10,80750.0,807500.0
T002765,C0260,P002,D004,A001,2024-01-13,15,6175.0,92625.0
T002766,C1823,P001,D041,A013,2026-03-28,8,45000.0,360000.0
T002767,C1026,P013,D025,A005,2024-08-15,11,90250.0,992750.0
T002768,C0467,P004,D012,A003,2026-04-15,15,36100.0,541500.0
T002769,C0988,P015,D019,A005,2025-03-28,2,49000.0,98000.0
T002770,C1303,P001,D026,A006,2025-09-22,1,45000.0,45000.0
T002771,C0132,P002,D007,A001,2024-12-31,6,6500.0,39000.0
T002772,C0532,P004,D012,A003,2025-11-10,10,36100.0,361000.0
T002773,C1559,P006,D031,A009,2024-08-22,10,17575.0,175750.0
T002774,C0893,P004,D018,A004,2024-08-27,6,38000.0,228000.0
T002775,C1053,P001,D021,A005,2025-09-24,12,42750.0,513000.0
T002776,C0836,P006,D014,A004,2026-01-06,7,18500.0,129500.0
T002777,C0072,P011,D007,A001,2025-04-12,4,42000.0,168000.0
T002778,C0316,P014,D010,A002,2026-02-20,7,28000.0,196000.0
T002779,C0863,P012,D018,A004,2024-06-04,15,29450.0,441750.0
T002780,C0411,P006,D011,A002,2026-05-28,6,18500.0,111000.0
T002781,C0088,P008,D006,A001,2026-04-11,7,54000.0,378000.0
T002782,C1618,P002,D034,A010,2024-10-07,10,6175.0,61750.0
T002783,C1869,P010,D041,A013,2025-03-26,15,20900.0,313500.0
T002784,C1528,P011,D030,A009,2025-05-04,14,39900.0,558600.0
T002785,C1642,P002,D034,A010,2025-02-01,3,6500.0,19500.0
T002786,C0467,P009,D012,A003,2026-08-14,15,8075.0,121125.0
T002787,C1828,P004,D041,A013,2024-01-16,2,38000.0,76000.0
T002788,C0379,P006,D011,A002,2024-01-06,14,17575.0,246050.0
T002789,C1815,P003,D041,A013,2025-12-13,14,114000.0,1596000.0
T002790,C1888,P012,D039,A013,2025-01-05,6,31000.0,186000.0
T002791,C1370,P001,D027,A007,2025-02-02,1,45000.0,45000.0
T002792,C1869,P013,D038,A013,2025-11-14,13,90250.0,1173250.0
T002793,C1091,P007,D019,A005,2026-05-16,10,80750.0,807500.0
T002794,C0501,P013,D012,A003,2024-05-22,2,95000.0,190000.0
T002795,C0847,P009,D014,A004,2025-11-01,13,8075.0,104975.0
T002796,C1128,P007,D025,A005,2025-08-09,10,80750.0,807500.0
T002797,C0125,P015,D006,A001,2026-04-19,9,49000.0,441000.0
T002798,C1184,P004,D019,A005,2024-03-03,5,38000.0,190000.0
T002799,C1869,P015,D041,A013,2026-08-29,11,46550.0,512050.0
T002800,C0370,P006,D010,A002,2026-01-12,7,18500.0,129500.0
T002801,C1527,P013,D031,A009,2026-06-18,3,95000.0,285000.0
T002802,C1743,P012,D037,A012,2026-04-21,5,31000.0,155000.0
T002803,C1803,P011,D039,A013,2026-04-28,1,42000.0,42000.0
T002804,C1828,P012,D041,A013,2025-09-14,4,31000.0,124000.0
T002805,C1016,P010,D023,A005,2024-03-08,7,22000.0,154000.0
T002806,C1855,P003,D039,A013,2026-03-11,10,114000.0,1140000.0
T002807,C1462,P011,D029,A008,2024-12-17,3,42000.0,126000.0
T002808,C0309,P013,D004,A001,2026-07-22,2,95000.0,190000.0
T002809,C0939,P010,D015,A004,2025-09-11,14,20900.0,292600.0
T002810,C1381,P015,D027,A007,2024-11-16,3,49000.0,147000.0
T002811,C0478,P011,D012,A003,2026-02-17,4,42000.0,168000.0
T002812,C1221,P009,D022,A005,2025-06-03,2,8500.0,17000.0
T002813,C1279,P004,D026,A006,2025-03-12,5,38000.0,190000.0
T002814,C0311,P009,D011,A002,2025-05-05,2,8500.0,17000.0
T002815,C1084,P011,D025,A005,2025-12-11,1,42000.0,42000.0
T002816,C1487,P013,D033,A009,2025-06-27,8,95000.0,760000.0
T002817,C0984,P012,D020,A005,2024-01-17,12,29450.0,353400.0
T002818,C0021,P008,D002,A001,2024-04-29,7,54000.0,378000.0
T002819,C0013,P001,D002,A001,2024-05-29,4,45000.0,180000.0
T002820,C0687,P001,D014,A004,2025-09-29,6,45000.0,270000.0
T002821,C1781,P008,D041,A013,2026-02-27,4,54000.0,216000.0
T002822,C0443,P014,D010,A002,2025-05-15,14,26600.0,372400.0
T002823,C1212,P011,D025,A005,2024-05-29,5,42000.0,210000.0
T002824,C0426,P002,D011,A002,2025-11-22,4,6500.0,26000.0
T002825,C0629,P012,D017,A004,2025-03-11,3,31000.0,93000.0
T002826,C1633,P007,D034,A010,2024-04-15,3,85000.0,255000.0
T002827,C1403,P003,D027,A007,2024-07-31,1,120000.0,120000.0
T002828,C0171,P004,D001,A001,2026-01-30,9,38000.0,342000.0
T002829,C0828,P011,D017,A004,2024-05-22,9,42000.0,378000.0
T002830,C0049,P003,D007,A001,2024-04-23,1,120000.0,120000.0
T002831,C0948,P002,D014,A004,2025-10-13,8,6500.0,52000.0
T002832,C1265,P005,D026,A006,2024-06-01,3,12500.0,37500.0
T002833,C0217,P008,D007,A001,2024-01-24,9,54000.0,486000.0
T002834,C0556,P011,D013,A004,2025-03-23,11,39900.0,438900.0
T002835,C0762,P013,D014,A004,2025-10-06,7,95000.0,665000.0
T002836,C1765,P006,D037,A012,2024-12-05,2,18500.0,37000.0
T002837,C1886,P015,D038,A013,2024-02-03,9,49000.0,441000.0
T002838,C0072,P005,D006,A001,2024-05-11,3,12500.0,37500.0
T002839,C1468,P001,D029,A008,2025-03-04,1,45000.0,45000.0
T002840,C0714,P003,D018,A004,2025-10-31,9,120000.0,1080000.0
T002841,C0749,P005,D018,A004,2024-05-25,15,11875.0,178125.0
T002842,C1453,P004,D029,A008,2025-03-21,13,36100.0,469300.0
T002843,C1761,P010,D037,A012,2026-06-11,7,22000.0,154000.0
T002844,C1815,P015,D041,A013,2025-09-18,7,49000.0,343000.0
T002845,C1100,P004,D020,A005,2026-05-28,1,38000.0,38000.0
T002846,C0687,P001,D016,A004,2024-04-11,7,45000.0,315000.0
T002847,C1520,P011,D032,A009,2024-10-24,13,39900.0,518700.0
T002848,C0489,P012,D012,A003,2025-05-16,7,31000.0,217000.0
T002849,C1082,P012,D020,A005,2025-06-12,1,31000.0,31000.0
T002850,C0691,P001,D015,A004,2026-04-17,1,45000.0,45000.0
T002851,C1251,P010,D026,A006,2024-04-11,12,20900.0,250800.0
T002852,C0466,P003,D012,A003,2025-01-16,3,120000.0,360000.0
T002853,C0372,P013,D008,A002,2024-11-28,9,95000.0,855000.0
T002854,C1761,P011,D037,A012,2024-08-28,6,42000.0,252000.0
T002855,C0192,P005,D004,A001,2025-02-18,3,12500.0,37500.0
T002856,C0991,P006,D019,A005,2026-03-01,2,18500.0,37000.0
T002857,C0423,P014,D010,A002,2024-11-23,9,28000.0,252000.0
T002858,C0059,P012,D005,A001,2025-07-19,9,31000.0,279000.0
T002859,C0057,P008,D003,A001,2025-06-28,10,51300.0,513000.0
T002860,C0343,P006,D008,A002,2025-12-24,13,17575.0,228475.0
T002861,C1670,P013,D035,A010,2026-04-26,15,90250.0,1353750.0
T002862,C0546,P012,D015,A004,2025-12-09,13,29450.0,382850.0
T002863,C1815,P003,D038,A013,2024-11-29,12,114000.0,1368000.0
T002864,C1105,P008,D023,A005,2025-09-13,14,51300.0,718200.0
T002865,C0847,P010,D017,A004,2024-08-16,1,22000.0,22000.0
T002866,C1104,P003,D022,A005,2026-06-14,5,120000.0,600000.0
T002867,C1007,P007,D019,A005,2025-07-16,10,80750.0,807500.0
T002868,C1464,P001,D029,A008,2026-06-18,6,45000.0,270000.0
T002869,C0546,P013,D014,A004,2024-07-25,7,95000.0,665000.0
T002870,C0680,P001,D017,A004,2024-07-19,5,45000.0,225000.0
T002871,C1725,P011,D036,A011,2024-01-08,11,39900.0,438900.0
T002872,C1808,P012,D039,A013,2026-01-18,14,29450.0,412300.0
T002873,C1715,P015,D036,A011,2025-04-22,2,49000.0,98000.0
T002874,C0805,P015,D013,A004,2026-07-23,13,46550.0,605150.0
T002875,C1504,P009,D032,A009,2026-06-22,14,8075.0,113050.0
T002876,C0938,P009,D017,A004,2025-06-08,7,8500.0,59500.0
T002877,C0980,P005,D025,A005,2024-08-28,10,11875.0,118750.0
T002878,C0399,P015,D008,A002,2025-10-22,1,49000.0,49000.0
T002879,C1123,P010,D023,A005,2026-05-20,13,20900.0,271700.0
T002880,C0361,P006,D011,A002,2025-12-01,15,17575.0,263625.0
T002881,C0642,P014,D013,A004,2025-04-07,7,28000.0,196000.0
T002882,C1646,P003,D035,A010,2025-10-17,13,114000.0,1482000.0
T002883,C0406,P008,D010,A002,2025-08-04,2,54000.0,108000.0
T002884,C0124,P006,D005,A001,2025-10-29,15,17575.0,263625.0
T002885,C0122,P011,D006,A001,2025-12-28,14,39900.0,558600.0
T002886,C1799,P012,D041,A013,2025-01-07,9,31000.0,279000.0
T002887,C0993,P011,D022,A005,2024-12-03,7,42000.0,294000.0
T002888,C0782,P008,D017,A004,2024-11-12,14,51300.0,718200.0
T002889,C1568,P014,D031,A009,2024-02-28,8,28000.0,224000.0
T002890,C1607,P008,D035,A010,2024-04-06,15,51300.0,769500.0
T002891,C0645,P001,D018,A004,2025-10-03,1,45000.0,45000.0
T002892,C1325,P003,D027,A007,2024-07-14,4,120000.0,480000.0
T002893,C1486,P004,D031,A009,2025-02-22,10,36100.0,361000.0
T002894,C1247,P006,D026,A006,2026-01-15,3,18500.0,55500.0
T002895,C0292,P011,D007,A001,2025-02-06,6,42000.0,252000.0
T002896,C1683,P011,D036,A011,2026-04-08,2,42000.0,84000.0
T002897,C1039,P012,D019,A005,2024-07-11,3,31000.0,93000.0
T002898,C0546,P005,D016,A004,2026-03-22,10,11875.0,118750.0
T002899,C0819,P006,D015,A004,2025-01-11,6,18500.0,111000.0
T002900,C0058,P003,D001,A001,2024-02-11,7,120000.0,840000.0
T002901,C0246,P005,D003,A001,2026-08-17,15,11875.0,178125.0
T002902,C1479,P007,D030,A009,2026-02-23,3,85000.0,255000.0
T002903,C0001,P010,D001,A001,2025-10-12,3,22000.0,66000.0
T002904,C0799,P014,D016,A004,2024-11-28,1,28000.0,28000.0
T002905,C1017,P003,D025,A005,2024-06-02,15,114000.0,1710000.0
T002906,C0099,P001,D003,A001,2025-01-30,5,45000.0,225000.0
T002907,C1845,P011,D038,A013,2026-08-17,5,42000.0,210000.0
T002908,C0437,P001,D009,A002,2025-02-21,4,45000.0,180000.0
T002909,C0584,P008,D017,A004,2025-09-12,13,51300.0,666900.0
T002910,C0583,P011,D014,A004,2025-05-14,7,42000.0,294000.0
T002911,C0444,P011,D011,A002,2024-02-06,1,42000.0,42000.0
T002912,C0005,P007,D005,A001,2025-01-21,12,80750.0,969000.0
T002913,C1403,P007,D027,A007,2024-07-07,11,80750.0,888250.0
T002914,C1834,P006,D038,A013,2025-02-14,2,18500.0,37000.0
T002915,C0431,P015,D011,A002,2024-01-25,15,46550.0,698250.0
T002916,C1265,P003,D026,A006,2024-02-27,4,120000.0,480000.0
T002917,C1425,P001,D029,A008,2025-03-22,10,42750.0,427500.0
T002918,C1635,P012,D034,A010,2025-07-18,11,29450.0,323950.0
T002919,C0810,P004,D017,A004,2026-01-22,11,36100.0,397100.0
T002920,C0580,P007,D018,A004,2025-09-16,3,85000.0,255000.0
T002921,C0635,P008,D013,A004,2024-06-12,3,54000.0,162000.0
T002922,C1373,P003,D027,A007,2025-06-07,4,120000.0,480000.0
T002923,C1577,P008,D030,A009,2024-11-19,5,54000.0,270000.0
T002924,C0356,P009,D011,A002,2026-03-19,3,8500.0,25500.0
T002925,C0713,P003,D014,A004,2025-12-10,11,114000.0,1254000.0
T002926,C1734,P002,D037,A012,2025-03-07,10,6175.0,61750.0
T002927,C1559,P012,D033,A009,2025-01-09,9,31000.0,279000.0
T002928,C1873,P008,D041,A013,2024-01-14,14,51300.0,718200.0
T002929,C1453,P011,D029,A008,2026-06-26,14,39900.0,558600.0
T002930,C0749,P015,D015,A004,2024-06-30,6,49000.0,294000.0
T002931,C1122,P005,D022,A005,2025-05-21,9,12500.0,112500.0
T002932,C1261,P012,D026,A006,2025-03-02,6,31000.0,186000.0
T002933,C0144,P007,D001,A001,2024-05-25,15,80750.0,1211250.0
T002934,C1049,P015,D020,A005,2025-07-12,5,49000.0,245000.0
T002935,C1367,P003,D027,A007,2026-07-04,7,120000.0,840000.0
T002936,C0318,P007,D010,A002,2024-05-02,8,85000.0,680000.0
T002937,C1504,P002,D033,A009,2024-02-04,6,6500.0,39000.0
T002938,C1107,P001,D025,A005,2024-07-25,2,45000.0,90000.0
T002939,C1816,P005,D041,A013,2026-06-09,10,11875.0,118750.0
T002940,C0069,P009,D002,A001,2026-07-08,2,8500.0,17000.0
T002941,C0515,P011,D012,A003,2024-08-31,6,42000.0,252000.0
T002942,C1136,P013,D019,A005,2024-03-27,10,90250.0,902500.0
T002943,C0570,P005,D017,A004,2024-01-21,9,12500.0,112500.0
T002944,C1374,P001,D028,A007,2025-05-12,14,42750.0,598500.0
T002945,C1464,P011,D029,A008,2026-01-11,1,42000.0,42000.0
T002946,C0197,P004,D004,A001,2025-07-15,10,36100.0,361000.0
T002947,C1003,P012,D020,A005,2025-10-25,15,29450.0,441750.0
T002948,C0997,P002,D019,A005,2024-02-05,15,6175.0,92625.0
T002949,C0710,P001,D013,A004,2025-05-23,9,45000.0,405000.0
T002950,C1787,P006,D038,A013,2024-06-01,6,18500.0,111000.0
T002951,C1595,P013,D034,A010,2025-12-21,11,90250.0,992750.0
T002952,C1334,P011,D027,A007,2025-09-26,15,39900.0,598500.0
T002953,C1374,P008,D028,A007,2025-10-25,8,54000.0,432000.0
T002954,C0900,P006,D018,A004,2024-08-23,14,17575.0,246050.0
T002955,C1773,P008,D037,A012,2024-09-17,14,51300.0,718200.0
T002956,C1329,P011,D028,A007,2025-11-16,11,39900.0,438900.0
T002957,C1403,P002,D028,A007,2026-03-08,12,6175.0,74100.0
T002958,C1659,P013,D035,A010,2024-04-05,15,90250.0,1353750.0
T002959,C0531,P013,D012,A003,2026-06-08,8,95000.0,760000.0
T002960,C1559,P013,D033,A009,2025-01-23,9,95000.0,855000.0
T002961,C0376,P001,D010,A002,2024-12-17,8,45000.0,360000.0
T002962,C0668,P011,D013,A004,2026-03-30,6,42000.0,252000.0
T002963,C0647,P009,D013,A004,2024-10-08,5,8500.0,42500.0
T002964,C1857,P014,D040,A013,2025-05-30,7,28000.0,196000.0
T002965,C1648,P008,D035,A010,2024-09-28,6,54000.0,324000.0
T002966,C1340,P004,D027,A007,2024-09-21,6,38000.0,228000.0
T002967,C1397,P002,D027,A007,2026-07-11,2,6500.0,13000.0
T002968,C1077,P009,D021,A005,2026-03-30,12,8075.0,96900.0
T002969,C1812,P007,D040,A013,2025-09-02,4,85000.0,340000.0
T002970,C0970,P007,D019,A005,2025-05-27,11,80750.0,888250.0
T002971,C0728,P012,D014,A004,2025-10-28,5,31000.0,155000.0
T002972,C0311,P013,D008,A002,2026-06-24,3,95000.0,285000.0
T002973,C1518,P006,D033,A009,2025-11-09,15,17575.0,263625.0
T002974,C1413,P014,D027,A007,2026-04-22,10,26600.0,266000.0
T002975,C0733,P009,D013,A004,2026-01-05,10,8075.0,80750.0
T002976,C0042,P005,D004,A001,2025-11-30,5,12500.0,62500.0
T002977,C1611,P007,D034,A010,2024-10-28,3,85000.0,255000.0
T002978,C0018,P008,D006,A001,2025-07-14,15,51300.0,769500.0
T002979,C1350,P002,D028,A007,2025-03-16,2,6500.0,13000.0
T002980,C1839,P013,D040,A013,2024-12-18,13,90250.0,1173250.0
T002981,C0849,P014,D016,A004,2025-09-26,15,26600.0,399000.0
T002982,C0453,P009,D011,A002,2026-08-21,8,8500.0,68000.0
T002983,C1354,P015,D028,A007,2026-02-15,5,49000.0,245000.0
T002984,C1577,P010,D031,A009,2026-01-09,15,20900.0,313500.0
T002985,C1053,P015,D019,A005,2025-12-08,6,49000.0,294000.0
T002986,C1834,P011,D038,A013,2025-12-16,10,39900.0,399000.0
T002987,C0093,P001,D001,A001,2024-06-05,14,42750.0,598500.0
T002988,C0991,P005,D022,A005,2025-09-10,4,12500.0,50000.0
T002989,C1381,P002,D027,A007,2025-01-03,7,6500.0,45500.0
T002990,C1667,P012,D034,A010,2026-06-07,15,29450.0,441750.0
T002991,C0351,P007,D010,A002,2025-09-20,5,85000.0,425000.0
T002992,C1543,P002,D033,A009,2024-02-05,3,6500.0,19500.0
T002993,C1060,P004,D020,A005,2024-02-24,4,38000.0,152000.0
T002994,C0757,P015,D018,A004,2026-01-02,13,46550.0,605150.0
T002995,C0253,P003,D003,A001,2024-11-01,8,120000.0,960000.0
T002996,C1668,P013,D034,A010,2024-05-13,11,90250.0,992750.0
T002997,C0300,P009,D007,A001,2024-07-09,9,8500.0,76500.0
T002998,C0599,P007,D016,A004,2024-03-20,6,85000.0,510000.0
T002999,C0560,P009,D015,A004,2025-06-09,7,8500.0,59500.0
T003000,C1678,P014,D036,A011,2024-03-22,9,28000.0,252000.0
T003001,C1292,P003,D026,A006,2024-05-22,2,120000.0,240000.0
T003002,C1535,P007,D033,A009,2025-08-21,1,85000.0,85000.0
T003003,C0487,P010,D012,A003,2024-06-28,9,22000.0,198000.0
T003004,C1187,P005,D022,A005,2026-06-23,1,12500.0,12500.0
T003005,C1095,P004,D025,A005,2025-11-21,3,38000.0,114000.0
T003006,C1600,P002,D034,A010,2024-08-02,12,6175.0,74100.0
T003007,C1740,P007,D037,A012,2024-10-27,3,85000.0,255000.0
T003008,C0021,P007,D002,A001,2025-03-13,9,85000.0,765000.0
T003009,C1292,P003,D026,A006,2026-01-26,7,120000.0,840000.0
T003010,C0094,P015,D004,A001,2025-04-04,9,49000.0,441000.0
T003011,C1055,P012,D019,A005,2025-02-20,3,31000.0,93000.0
T003012,C0554,P011,D018,A004,2024-12-21,14,39900.0,558600.0
T003013,C0587,P015,D016,A004,2024-06-26,4,49000.0,196000.0
T003014,C0680,P008,D016,A004,2025-10-21,12,51300.0,615600.0
T003015,C1183,P009,D021,A005,2025-12-23,10,8075.0,80750.0
T003016,C0646,P004,D018,A004,2025-10-13,11,36100.0,397100.0
T003017,C1412,P013,D028,A007,2026-08-02,15,90250.0,1353750.0
T003018,C0775,P001,D018,A004,2024-06-05,6,45000.0,270000.0
T003019,C0119,P010,D006,A001,2026-03-19,12,20900.0,250800.0
T003020,C1512,P015,D033,A009,2025-10-26,1,49000.0,49000.0
T003021,C0550,P009,D017,A004,2026-05-24,2,8500.0,17000.0
T003022,C0836,P014,D015,A004,2025-02-13,14,26600.0,372400.0
T003023,C1311,P013,D028,A007,2025-01-24,10,90250.0,902500.0
T003024,C0645,P015,D015,A004,2026-02-03,11,46550.0,512050.0
T003025,C0104,P012,D002,A001,2025-09-30,14,29450.0,412300.0
T003026,C0718,P010,D015,A004,2024-12-26,9,22000.0,198000.0
T003027,C1803,P011,D041,A013,2026-07-01,3,42000.0,126000.0
T003028,C1224,P010,D025,A005,2025-08-30,11,20900.0,229900.0
T003029,C1288,P008,D026,A006,2024-01-25,11,51300.0,564300.0
T003030,C1206,P003,D024,A005,2024-02-18,4,120000.0,480000.0
T003031,C0385,P004,D011,A002,2024-04-03,14,36100.0,505400.0
T003032,C0803,P007,D017,A004,2025-10-01,1,85000.0,85000.0
T003033,C1447,P002,D029,A008,2025-07-07,11,6175.0,67925.0
T003034,C0189,P004,D004,A001,2024-10-13,14,36100.0,505400.0
T003035,C0536,P011,D012,A003,2025-05-17,3,42000.0,126000.0
T003036,C0534,P015,D012,A003,2025-01-09,10,46550.0,465500.0
T003037,C0833,P015,D017,A004,2025-11-14,15,46550.0,698250.0
T003038,C1865,P006,D040,A013,2025-01-11,1,18500.0,18500.0
T003039,C0116,P011,D004,A001,2024-05-17,10,39900.0,399000.0
T003040,C1010,P009,D021,A005,2026-06-15,15,8075.0,121125.0
T003041,C0352,P006,D009,A002,2025-12-07,6,18500.0,111000.0
T003042,C1841,P003,D038,A013,2026-08-23,8,120000.0,960000.0
T003043,C0211,P003,D007,A001,2026-02-16,2,120000.0,240000.0
T003044,C0768,P010,D018,A004,2025-12-27,3,22000.0,66000.0
T003045,C1421,P005,D029,A008,2024-11-23,3,12500.0,37500.0
T003046,C1354,P011,D027,A007,2025-04-29,11,39900.0,438900.0
T003047,C0810,P001,D017,A004,2026-01-18,13,42750.0,555750.0
T003048,C0670,P012,D015,A004,2025-11-30,14,29450.0,412300.0
T003049,C0762,P003,D018,A004,2024-10-18,15,114000.0,1710000.0
T003050,C0514,P004,D012,A003,2024-08-27,5,38000.0,190000.0
T003051,C0402,P005,D008,A002,2024-06-29,13,11875.0,154375.0
T003052,C0953,P006,D018,A004,2026-04-30,11,17575.0,193325.0
T003053,C0520,P010,D012,A003,2025-12-25,1,22000.0,22000.0
T003054,C0552,P005,D013,A004,2024-05-19,13,11875.0,154375.0
T003055,C1251,P007,D026,A006,2024-03-29,9,85000.0,765000.0
T003056,C1836,P013,D040,A013,2026-01-28,12,90250.0,1083000.0
T003057,C1142,P008,D019,A005,2024-07-25,4,54000.0,216000.0
T003058,C0137,P003,D004,A001,2025-03-13,9,120000.0,1080000.0
T003059,C0130,P014,D002,A001,2024-04-28,13,26600.0,345800.0
T003060,C1815,P002,D039,A013,2025-05-29,2,6500.0,13000.0
T003061,C0571,P005,D017,A004,2024-02-05,3,12500.0,37500.0
T003062,C0165,P009,D006,A001,2025-06-24,12,8075.0,96900.0
T003063,C1135,P013,D021,A005,2024-06-10,4,95000.0,380000.0
T003064,C1187,P014,D023,A005,2024-02-06,9,28000.0,252000.0
T003065,C1236,P007,D023,A005,2026-01-14,14,80750.0,1130500.0
T003066,C0518,P004,D012,A003,2026-06-21,14,36100.0,505400.0
T003067,C0024,P015,D006,A001,2026-06-20,12,46550.0,558600.0
T003068,C1832,P011,D039,A013,2025-12-08,9,42000.0,378000.0
T003069,C0489,P013,D012,A003,2024-10-24,1,95000.0,95000.0
T003070,C1298,P012,D026,A006,2026-03-11,3,31000.0,93000.0
T003071,C1358,P013,D028,A007,2025-08-29,6,95000.0,570000.0
T003072,C1164,P015,D023,A005,2025-05-01,13,46550.0,605150.0
T003073,C0612,P008,D015,A004,2026-02-08,12,51300.0,615600.0
T003074,C0525,P003,D012,A003,2024-03-18,14,114000.0,1596000.0
T003075,C1132,P001,D025,A005,2024-07-19,11,42750.0,470250.0
T003076,C1668,P002,D034,A010,2024-11-19,13,6175.0,80275.0
T003077,C1811,P013,D041,A013,2026-05-30,13,90250.0,1173250.0
T003078,C0201,P001,D001,A001,2024-12-19,10,42750.0,427500.0
T003079,C0296,P014,D004,A001,2025-02-10,11,26600.0,292600.0
T003080,C1803,P013,D039,A013,2024-08-11,12,90250.0,1083000.0
T003081,C1419,P011,D028,A007,2025-06-19,14,39900.0,558600.0
T003082,C1695,P015,D036,A011,2024-10-07,11,46550.0,512050.0
T003083,C0393,P004,D010,A002,2024-08-08,14,36100.0,505400.0
T003084,C1117,P009,D025,A005,2025-05-17,5,8500.0,42500.0
T003085,C1340,P009,D027,A007,2025-09-30,15,8075.0,121125.0
T003086,C1304,P012,D026,A006,2026-05-10,10,29450.0,294500.0
T003087,C0782,P006,D017,A004,2026-05-08,12,17575.0,210900.0
T003088,C0025,P012,D003,A001,2024-12-30,6,31000.0,186000.0
T003089,C1106,P010,D022,A005,2026-03-11,1,22000.0,22000.0
T003090,C0494,P013,D012,A003,2025-03-14,8,95000.0,760000.0
T003091,C0877,P008,D014,A004,2025-02-09,15,51300.0,769500.0
T003092,C1823,P004,D038,A013,2024-02-03,5,38000.0,190000.0
T003093,C0763,P009,D015,A004,2025-02-27,7,8500.0,59500.0
T003094,C1612,P012,D035,A010,2024-04-10,7,31000.0,217000.0
T003095,C0366,P007,D009,A002,2024-04-18,8,85000.0,680000.0
T003096,C1291,P008,D026,A006,2024-02-08,2,54000.0,108000.0
T003097,C1854,P002,D038,A013,2026-02-06,13,6175.0,80275.0
T003098,C0192,P003,D005,A001,2024-04-25,12,114000.0,1368000.0
T003099,C0012,P002,D001,A001,2025-02-28,9,6500.0,58500.0
T003100,C0839,P001,D014,A004,2026-06-17,7,45000.0,315000.0
T003101,C0165,P012,D006,A001,2024-01-23,13,29450.0,382850.0
T003102,C1443,P007,D029,A008,2026-07-20,5,85000.0,425000.0
T003103,C1755,P007,D037,A012,2026-08-05,14,80750.0,1130500.0
T003104,C0840,P013,D013,A004,2024-07-22,5,95000.0,475000.0
T003105,C0497,P006,D012,A003,2025-11-21,7,18500.0,129500.0
T003106,C0842,P014,D013,A004,2024-04-04,10,26600.0,266000.0
T003107,C1391,P013,D027,A007,2024-08-13,9,95000.0,855000.0
T003108,C0013,P011,D002,A001,2025-12-08,2,42000.0,84000.0
T003109,C1121,P014,D025,A005,2024-07-31,7,28000.0,196000.0
T003110,C1168,P014,D019,A005,2026-08-22,10,26600.0,266000.0
T003111,C1214,P013,D023,A005,2024-07-17,5,95000.0,475000.0
T003112,C0467,P007,D012,A003,2024-02-03,9,85000.0,765000.0
T003113,C1374,P013,D028,A007,2026-05-26,15,90250.0,1353750.0
T003114,C0163,P009,D003,A001,2024-07-12,14,8075.0,113050.0
T003115,C0385,P001,D011,A002,2024-06-25,13,42750.0,555750.0
T003116,C1685,P010,D036,A011,2026-06-16,12,20900.0,250800.0
T003117,C1421,P006,D029,A008,2024-10-18,10,17575.0,175750.0
T003118,C0022,P003,D007,A001,2024-03-27,12,114000.0,1368000.0
T003119,C0481,P006,D012,A003,2024-05-13,8,18500.0,148000.0
T003120,C0413,P002,D011,A002,2026-08-10,12,6175.0,74100.0
T003121,C0523,P004,D012,A003,2024-11-09,8,38000.0,304000.0
T003122,C0478,P006,D012,A003,2024-08-27,6,18500.0,111000.0
T003123,C0110,P009,D002,A001,2026-04-23,3,8500.0,25500.0
T003124,C0892,P008,D018,A004,2024-04-03,11,51300.0,564300.0
T003125,C1412,P001,D028,A007,2025-07-23,2,45000.0,90000.0
T003126,C1155,P011,D021,A005,2025-04-04,7,42000.0,294000.0
T003127,C1292,P005,D026,A006,2025-07-26,5,12500.0,62500.0
T003128,C0149,P011,D006,A001,2026-07-01,11,39900.0,438900.0
T003129,C1816,P013,D039,A013,2025-10-17,4,95000.0,380000.0
T003130,C1611,P012,D035,A010,2026-05-30,7,31000.0,217000.0
T003131,C1558,P004,D030,A009,2026-07-29,3,38000.0,114000.0
T003132,C1587,P008,D033,A009,2024-04-08,14,51300.0,718200.0
T003133,C1786,P012,D038,A013,2026-05-05,9,31000.0,279000.0
T003134,C1049,P013,D023,A005,2024-10-11,2,95000.0,190000.0
T003135,C0390,P002,D008,A002,2025-03-02,2,6500.0,13000.0
T003136,C1178,P007,D024,A005,2025-10-27,2,85000.0,170000.0
T003137,C1430,P001,D029,A008,2025-01-06,13,42750.0,555750.0
T003138,C1421,P015,D029,A008,2024-08-05,12,46550.0,558600.0
T003139,C1016,P013,D021,A005,2025-12-28,3,95000.0,285000.0
T003140,C0120,P005,D005,A001,2025-11-21,14,11875.0,166250.0
T003141,C0713,P009,D017,A004,2026-06-27,2,8500.0,17000.0
T003142,C1773,P015,D037,A012,2024-06-09,2,49000.0,98000.0
T003143,C1109,P009,D020,A005,2026-02-12,3,8500.0,25500.0
T003144,C1039,P007,D024,A005,2025-02-19,7,85000.0,595000.0
T003145,C0520,P015,D012,A003,2025-07-16,4,49000.0,196000.0
T003146,C0710,P007,D015,A004,2025-02-16,13,80750.0,1049750.0
T003147,C1726,P001,D036,A011,2024-07-12,11,42750.0,470250.0
T003148,C1279,P014,D026,A006,2025-04-02,1,28000.0,28000.0
T003149,C1520,P011,D033,A009,2026-07-30,12,39900.0,478800.0
T003150,C0883,P010,D014,A004,2024-06-17,1,22000.0,22000.0
T003151,C1203,P001,D023,A005,2026-06-29,15,42750.0,641250.0
T003152,C0481,P003,D012,A003,2025-05-18,12,114000.0,1368000.0
T003153,C1354,P011,D027,A007,2025-09-22,7,42000.0,294000.0
T003154,C0827,P011,D015,A004,2026-04-11,6,42000.0,252000.0
T003155,C0853,P007,D015,A004,2025-11-24,5,85000.0,425000.0
T003156,C1237,P002,D022,A005,2025-08-23,5,6500.0,32500.0
T003157,C1791,P015,D038,A013,2024-07-17,5,49000.0,245000.0
T003158,C0112,P003,D004,A001,2024-07-02,7,120000.0,840000.0
T003159,C1588,P003,D033,A009,2025-11-10,15,114000.0,1710000.0
T003160,C0566,P004,D014,A004,2024-01-11,10,36100.0,361000.0
T003161,C0858,P014,D015,A004,2026-03-05,13,26600.0,345800.0
T003162,C0036,P007,D005,A001,2024-12-17,3,85000.0,255000.0
T003163,C0578,P008,D015,A004,2024-05-05,3,54000.0,162000.0
T003164,C0989,P011,D023,A005,2025-08-30,1,42000.0,42000.0
T003165,C0101,P015,D002,A001,2025-02-13,12,46550.0,558600.0
T003166,C0963,P008,D016,A004,2024-08-24,4,54000.0,216000.0
T003167,C1782,P012,D041,A013,2024-06-12,13,29450.0,382850.0
T003168,C0201,P014,D007,A001,2026-04-13,4,28000.0,112000.0
T003169,C1476,P010,D031,A009,2024-04-14,1,22000.0,22000.0
T003170,C0784,P013,D018,A004,2025-12-16,12,90250.0,1083000.0
T003171,C1249,P003,D026,A006,2024-09-14,15,114000.0,1710000.0
T003172,C0504,P004,D012,A003,2024-08-26,15,36100.0,541500.0
T003173,C0306,P015,D007,A001,2025-06-10,4,49000.0,196000.0
T003174,C0308,P002,D002,A001,2025-01-03,11,6175.0,67925.0
T003175,C0122,P005,D004,A001,2024-08-12,8,12500.0,100000.0
T003176,C0360,P011,D010,A002,2026-02-09,15,39900.0,598500.0
T003177,C1267,P010,D026,A006,2025-07-07,1,22000.0,22000.0
T003178,C1692,P012,D036,A011,2024-11-10,5,31000.0,155000.0
T003179,C1572,P008,D031,A009,2025-04-19,10,51300.0,513000.0
T003180,C1311,P004,D027,A007,2025-10-06,14,36100.0,505400.0
T003181,C0207,P009,D003,A001,2025-09-23,4,8500.0,34000.0
T003182,C0556,P009,D014,A004,2025-10-12,13,8075.0,104975.0
T003183,C0599,P015,D017,A004,2025-04-24,15,46550.0,698250.0
T003184,C0482,P004,D012,A003,2025-12-11,6,38000.0,228000.0
T003185,C1004,P006,D025,A005,2025-08-18,14,17575.0,246050.0
T003186,C1032,P013,D019,A005,2025-11-28,11,90250.0,992750.0
T003187,C0687,P007,D016,A004,2026-06-16,15,80750.0,1211250.0
T003188,C0682,P013,D013,A004,2025-02-16,11,90250.0,992750.0
T003189,C1595,P008,D034,A010,2026-06-10,5,54000.0,270000.0
T003190,C1525,P003,D032,A009,2026-01-11,10,114000.0,1140000.0
T003191,C0589,P006,D014,A004,2024-11-13,3,18500.0,55500.0
T003192,C1754,P006,D037,A012,2024-09-04,15,17575.0,263625.0
T003193,C1817,P007,D039,A013,2025-09-02,10,80750.0,807500.0
T003194,C0637,P004,D017,A004,2025-07-30,6,38000.0,228000.0
T003195,C0683,P007,D018,A004,2025-10-30,6,85000.0,510000.0
T003196,C0991,P004,D019,A005,2024-02-24,3,38000.0,114000.0
T003197,C1800,P012,D041,A013,2026-08-20,4,31000.0,124000.0
T003198,C1683,P003,D036,A011,2026-01-23,7,120000.0,840000.0
T003199,C0197,P014,D002,A001,2024-06-23,12,26600.0,319200.0
T003200,C0749,P010,D014,A004,2025-09-04,2,22000.0,44000.0
T003201,C1061,P010,D019,A005,2024-02-04,10,20900.0,209000.0
T003202,C0989,P012,D024,A005,2024-01-24,12,29450.0,353400.0
T003203,C0374,P007,D010,A002,2024-11-07,15,80750.0,1211250.0
T003204,C1651,P011,D034,A010,2025-11-11,8,42000.0,336000.0
T003205,C1300,P005,D026,A006,2025-05-10,7,12500.0,87500.0
T003206,C1609,P010,D034,A010,2025-05-22,2,22000.0,44000.0
T003207,C1650,P011,D035,A010,2025-10-15,9,42000.0,378000.0
T003208,C1443,P014,D029,A008,2026-01-02,5,28000.0,140000.0
T003209,C0850,P005,D016,A004,2026-03-22,4,12500.0,50000.0
T003210,C1164,P013,D023,A005,2026-06-22,1,95000.0,95000.0
T003211,C0308,P006,D002,A001,2025-05-28,10,17575.0,175750.0
T003212,C1292,P015,D026,A006,2025-07-20,4,49000.0,196000.0
T003213,C0351,P008,D011,A002,2024-04-02,10,51300.0,513000.0
T003214,C1328,P008,D028,A007,2024-09-08,14,51300.0,718200.0
T003215,C0443,P009,D010,A002,2025-09-25,4,8500.0,34000.0
T003216,C0216,P001,D002,A001,2024-09-02,1,45000.0,45000.0
T003217,C0316,P011,D011,A002,2024-10-14,7,42000.0,294000.0
T003218,C0005,P004,D003,A001,2026-03-04,14,36100.0,505400.0
T003219,C1384,P006,D027,A007,2024-04-24,3,18500.0,55500.0
T003220,C1412,P004,D028,A007,2024-03-06,1,38000.0,38000.0
T003221,C1004,P005,D022,A005,2025-09-28,5,12500.0,62500.0
T003222,C0309,P013,D001,A001,2024-08-05,8,95000.0,760000.0
T003223,C0150,P012,D005,A001,2024-05-05,11,29450.0,323950.0
T003224,C0029,P003,D001,A001,2026-04-11,6,120000.0,720000.0
T003225,C0316,P014,D011,A002,2025-12-16,6,28000.0,168000.0
T003226,C1712,P012,D036,A011,2025-10-15,10,29450.0,294500.0
T003227,C0467,P009,D012,A003,2024-08-08,4,8500.0,34000.0
T003228,C0683,P012,D018,A004,2025-02-14,1,31000.0,31000.0
T003229,C0201,P012,D001,A001,2026-02-23,14,29450.0,412300.0
T003230,C0426,P008,D009,A002,2026-03-19,9,54000.0,486000.0
T003231,C1012,P014,D021,A005,2026-04-10,6,28000.0,168000.0
T003232,C1163,P006,D023,A005,2024-02-26,7,18500.0,129500.0
T003233,C0474,P005,D012,A003,2024-07-13,15,11875.0,178125.0
T003234,C0106,P015,D003,A001,2024-12-10,2,49000.0,98000.0
T003235,C0747,P010,D014,A004,2026-05-03,15,20900.0,313500.0
T003236,C0453,P007,D011,A002,2024-03-19,8,85000.0,680000.0
T003237,C0421,P003,D009,A002,2025-12-25,3,120000.0,360000.0
T003238,C1825,P015,D038,A013,2025-09-06,7,49000.0,343000.0
T003239,C1176,P014,D020,A005,2024-03-17,13,26600.0,345800.0
T003240,C1065,P003,D019,A005,2025-07-30,14,114000.0,1596000.0
T003241,C0798,P014,D014,A004,2025-05-04,14,26600.0,372400.0
T003242,C0828,P006,D017,A004,2025-07-23,6,18500.0,111000.0
T003243,C1041,P001,D022,A005,2025-02-13,2,45000.0,90000.0
T003244,C1333,P003,D028,A007,2026-03-18,12,114000.0,1368000.0
T003245,C1347,P001,D028,A007,2025-08-29,14,42750.0,598500.0
T003246,C0330,P011,D008,A002,2024-06-21,2,42000.0,84000.0
T003247,C0986,P002,D023,A005,2024-03-24,15,6175.0,92625.0
T003248,C0795,P012,D018,A004,2026-03-09,4,31000.0,124000.0
T003249,C1676,P004,D036,A011,2024-07-05,6,38000.0,228000.0
T003250,C1206,P008,D023,A005,2026-01-07,15,51300.0,769500.0
T003251,C1027,P002,D025,A005,2024-10-18,14,6175.0,86450.0
T003252,C0214,P012,D005,A001,2025-12-18,10,29450.0,294500.0
T003253,C1149,P007,D024,A005,2024-04-20,10,80750.0,807500.0
T003254,C0216,P006,D001,A001,2024-12-18,3,18500.0,55500.0
T003255,C0651,P004,D016,A004,2024-01-07,9,38000.0,342000.0
T003256,C0273,P012,D005,A001,2026-02-26,1,31000.0,31000.0
T003257,C1323,P014,D027,A007,2026-06-16,9,28000.0,252000.0
T003258,C0406,P002,D010,A002,2024-02-09,13,6175.0,80275.0
T003259,C0748,P006,D015,A004,2024-10-14,10,17575.0,175750.0
T003260,C1727,P011,D036,A011,2026-04-28,15,39900.0,598500.0
T003261,C0398,P008,D010,A002,2024-12-14,7,54000.0,378000.0
T003262,C0995,P011,D023,A005,2026-07-25,14,39900.0,558600.0
T003263,C0805,P003,D017,A004,2024-10-07,2,120000.0,240000.0
T003264,C0029,P005,D005,A001,2025-01-02,8,12500.0,100000.0
T003265,C1527,P014,D031,A009,2025-11-21,13,26600.0,345800.0
T003266,C0122,P007,D005,A001,2024-03-28,15,80750.0,1211250.0
T003267,C0926,P007,D015,A004,2025-05-22,3,85000.0,255000.0
T003268,C1072,P005,D024,A005,2025-12-30,7,12500.0,87500.0
T003269,C1200,P013,D024,A005,2025-01-31,3,95000.0,285000.0
T003270,C1320,P013,D028,A007,2025-01-31,3,95000.0,285000.0
T003271,C0494,P004,D012,A003,2025-09-03,9,38000.0,342000.0
T003272,C0017,P009,D005,A001,2026-07-28,11,8075.0,88825.0
T003273,C1391,P007,D028,A007,2025-01-22,3,85000.0,255000.0
T003274,C1032,P003,D019,A005,2026-07-07,6,120000.0,720000.0
T003275,C1607,P003,D035,A010,2024-05-31,5,120000.0,600000.0
T003276,C1583,P014,D033,A009,2026-05-01,1,28000.0,28000.0
T003277,C1616,P014,D035,A010,2025-09-06,7,28000.0,196000.0
T003278,C0956,P014,D013,A004,2024-12-13,13,26600.0,345800.0
T003279,C0646,P015,D014,A004,2024-12-04,4,49000.0,196000.0
T003280,C1527,P006,D033,A009,2024-01-18,6,18500.0,111000.0
T003281,C0880,P011,D014,A004,2024-09-05,3,42000.0,126000.0
T003282,C0358,P010,D008,A002,2026-06-23,3,22000.0,66000.0
T003283,C1646,P004,D034,A010,2026-03-22,14,36100.0,505400.0
T003284,C1695,P005,D036,A011,2026-04-06,15,11875.0,178125.0
T003285,C0914,P005,D018,A004,2026-07-17,13,11875.0,154375.0
T003286,C0130,P014,D004,A001,2025-08-28,13,26600.0,345800.0
T003287,C0744,P013,D014,A004,2024-04-08,15,90250.0,1353750.0
T003288,C1551,P002,D031,A009,2025-05-18,10,6175.0,61750.0
T003289,C1734,P009,D037,A012,2025-10-30,1,8500.0,8500.0
T003290,C0395,P014,D010,A002,2024-06-15,7,28000.0,196000.0
T003291,C0115,P013,D007,A001,2025-03-21,13,90250.0,1173250.0
T003292,C1685,P008,D036,A011,2026-03-05,14,51300.0,718200.0
T003293,C0746,P012,D015,A004,2025-05-29,9,31000.0,279000.0
T003294,C1045,P008,D025,A005,2025-10-03,3,54000.0,162000.0
T003295,C1836,P011,D040,A013,2024-07-26,6,42000.0,252000.0
T003296,C0115,P011,D005,A001,2026-02-14,3,42000.0,126000.0
T003297,C1236,P005,D021,A005,2025-01-09,4,12500.0,50000.0
T003298,C0126,P008,D002,A001,2024-01-08,5,54000.0,270000.0
T003299,C0721,P007,D018,A004,2024-02-15,9,85000.0,765000.0
T003300,C1551,P012,D033,A009,2024-03-21,12,29450.0,353400.0
T003301,C0838,P004,D013,A004,2025-12-01,14,36100.0,505400.0
T003302,C1894,P010,D039,A013,2024-04-15,6,22000.0,132000.0
T003303,C1071,P011,D019,A005,2025-05-07,14,39900.0,558600.0
T003304,C0626,P005,D014,A004,2024-01-04,11,11875.0,130625.0
T003305,C0423,P015,D010,A002,2024-12-30,3,49000.0,147000.0
T003306,C0675,P005,D015,A004,2025-12-25,8,12500.0,100000.0
T003307,C0716,P010,D017,A004,2026-05-20,8,22000.0,176000.0
T003308,C0122,P004,D002,A001,2026-04-18,4,38000.0,152000.0
T003309,C0710,P010,D016,A004,2026-05-12,10,20900.0,209000.0
T003310,C0903,P012,D014,A004,2026-03-21,11,29450.0,323950.0
T003311,C1390,P008,D028,A007,2026-01-26,12,51300.0,615600.0
T003312,C1251,P011,D026,A006,2026-01-21,9,42000.0,378000.0
T003313,C1366,P009,D028,A007,2024-02-24,12,8075.0,96900.0
T003314,C0012,P008,D005,A001,2024-09-18,4,54000.0,216000.0
T003315,C0417,P003,D011,A002,2026-07-13,5,120000.0,600000.0
T003316,C1261,P003,D026,A006,2024-07-09,4,120000.0,480000.0
T003317,C0954,P015,D016,A004,2024-01-15,5,49000.0,245000.0
T003318,C0008,P012,D006,A001,2026-06-17,15,29450.0,441750.0
T003319,C1552,P005,D033,A009,2025-04-27,12,11875.0,142500.0
T003320,C1488,P007,D033,A009,2025-02-24,14,80750.0,1130500.0
T003321,C1055,P008,D022,A005,2026-01-04,3,54000.0,162000.0
T003322,C0115,P002,D007,A001,2024-07-04,13,6175.0,80275.0
T003323,C1480,P014,D031,A009,2026-05-29,14,26600.0,372400.0
T003324,C1107,P009,D025,A005,2024-09-24,13,8075.0,104975.0
T003325,C1507,P004,D031,A009,2024-07-21,14,36100.0,505400.0
T003326,C1449,P011,D029,A008,2025-08-06,3,42000.0,126000.0
T003327,C1551,P007,D030,A009,2026-06-27,5,85000.0,425000.0
T003328,C1009,P004,D021,A005,2025-10-31,15,36100.0,541500.0
T003329,C0268,P012,D003,A001,2025-08-15,15,29450.0,441750.0
T003330,C1287,P014,D026,A006,2024-12-25,2,28000.0,56000.0
T003331,C1183,P014,D022,A005,2026-02-06,4,28000.0,112000.0
T003332,C1427,P012,D029,A008,2024-11-10,9,31000.0,279000.0
T003333,C0324,P005,D008,A002,2024-03-26,12,11875.0,142500.0
T003334,C0376,P006,D010,A002,2025-08-09,15,17575.0,263625.0
T003335,C1709,P010,D036,A011,2026-08-01,2,22000.0,44000.0
T003336,C1446,P012,D029,A008,2024-12-10,10,29450.0,294500.0
T003337,C1743,P009,D037,A012,2025-05-02,8,8500.0,68000.0
T003338,C1464,P007,D029,A008,2024-08-01,14,80750.0,1130500.0
T003339,C1132,P002,D023,A005,2024-12-20,4,6500.0,26000.0
T003340,C1246,P013,D026,A006,2024-07-02,7,95000.0,665000.0
T003341,C1706,P010,D036,A011,2025-11-26,13,20900.0,271700.0
T003342,C1101,P001,D019,A005,2024-04-06,2,45000.0,90000.0
T003343,C1206,P009,D019,A005,2024-11-11,5,8500.0,42500.0
T003344,C0298,P008,D005,A001,2024-06-09,13,51300.0,666900.0
T003345,C0926,P002,D013,A004,2026-06-03,12,6175.0,74100.0
T003346,C1377,P007,D028,A007,2026-04-25,8,85000.0,680000.0
T003347,C0524,P013,D012,A003,2024-12-16,15,90250.0,1353750.0
T003348,C0393,P007,D011,A002,2025-09-19,10,80750.0,807500.0
T003349,C0613,P003,D013,A004,2025-08-21,11,114000.0,1254000.0
T003350,C0467,P004,D012,A003,2024-07-04,7,38000.0,266000.0
T003351,C0415,P009,D011,A002,2025-08-04,10,8075.0,80750.0
T003352,C0817,P010,D016,A004,2024-04-16,11,20900.0,229900.0
T003353,C1742,P010,D037,A012,2024-06-09,13,20900.0,271700.0
T003354,C0993,P006,D021,A005,2025-11-25,10,17575.0,175750.0
T003355,C0363,P004,D009,A002,2026-01-17,14,36100.0,505400.0
T003356,C0137,P006,D004,A001,2025-06-04,9,18500.0,166500.0
T003357,C1333,P007,D027,A007,2024-02-05,15,80750.0,1211250.0
T003358,C0733,P006,D017,A004,2025-01-22,8,18500.0,148000.0
T003359,C1584,P015,D031,A009,2026-05-25,7,49000.0,343000.0
T003360,C1255,P007,D026,A006,2024-06-02,8,85000.0,680000.0
T003361,C1535,P013,D032,A009,2025-08-31,7,95000.0,665000.0
T003362,C0525,P012,D012,A003,2025-01-29,10,29450.0,294500.0
T003363,C1323,P008,D027,A007,2024-12-23,6,54000.0,324000.0
T003364,C0514,P008,D012,A003,2026-06-03,6,54000.0,324000.0
T003365,C1795,P001,D040,A013,2024-09-04,8,45000.0,360000.0
T003366,C1214,P012,D021,A005,2025-11-26,14,29450.0,412300.0
T003367,C0633,P004,D018,A004,2025-09-30,5,38000.0,190000.0
T003368,C0520,P014,D012,A003,2024-10-13,9,28000.0,252000.0
T003369,C0370,P006,D009,A002,2025-06-28,4,18500.0,74000.0
T003370,C1330,P010,D027,A007,2024-07-10,12,20900.0,250800.0
T003371,C0418,P005,D008,A002,2025-12-14,15,11875.0,178125.0
T003372,C1129,P008,D020,A005,2024-02-26,13,51300.0,666900.0
T003373,C0514,P007,D012,A003,2024-06-29,13,80750.0,1049750.0
T003374,C1261,P001,D026,A006,2025-02-21,6,45000.0,270000.0
T003375,C1574,P010,D033,A009,2024-07-29,4,22000.0,88000.0
T003376,C1500,P007,D032,A009,2025-12-09,13,80750.0,1049750.0
T003377,C1468,P004,D029,A008,2026-07-14,8,38000.0,304000.0
T003378,C0363,P005,D008,A002,2024-12-09,10,11875.0,118750.0
T003379,C0158,P010,D003,A001,2026-04-17,14,20900.0,292600.0
T003380,C1337,P011,D028,A007,2025-03-22,1,42000.0,42000.0
T003381,C0710,P010,D015,A004,2024-04-27,7,22000.0,154000.0
T003382,C0833,P008,D016,A004,2025-08-02,11,51300.0,564300.0
T003383,C0051,P014,D007,A001,2024-01-23,7,28000.0,196000.0
T003384,C0502,P008,D012,A003,2024-10-03,12,51300.0,615600.0
T003385,C0055,P001,D007,A001,2026-07-22,6,45000.0,270000.0
T003386,C1687,P007,D036,A011,2024-07-09,13,80750.0,1049750.0
T003387,C0470,P008,D012,A003,2025-03-19,13,51300.0,666900.0
T003388,C1067,P015,D024,A005,2025-07-08,11,46550.0,512050.0
T003389,C0059,P015,D006,A001,2025-02-12,15,46550.0,698250.0
T003390,C1279,P004,D026,A006,2025-04-17,5,38000.0,190000.0
T003391,C0629,P005,D018,A004,2024-04-14,12,11875.0,142500.0
T003392,C1730,P008,D036,A011,2026-08-15,9,54000.0,486000.0
T003393,C1706,P001,D036,A011,2025-08-15,2,45000.0,90000.0
T003394,C0635,P011,D015,A004,2024-05-01,15,39900.0,598500.0
T003395,C1733,P001,D037,A012,2025-06-24,4,45000.0,180000.0
T003396,C1892,P012,D040,A013,2025-06-08,4,31000.0,124000.0
T003397,C1591,P006,D035,A010,2024-08-06,7,18500.0,129500.0
T003398,C1627,P014,D035,A010,2026-06-17,5,28000.0,140000.0
T003399,C0482,P010,D012,A003,2024-07-12,2,22000.0,44000.0
T003400,C1098,P013,D024,A005,2026-03-15,7,95000.0,665000.0
T003401,C0115,P012,D005,A001,2024-11-29,12,29450.0,353400.0
T003402,C0171,P005,D001,A001,2025-07-18,9,12500.0,112500.0
T003403,C1900,P010,D039,A013,2024-01-25,4,22000.0,88000.0
T003404,C0637,P015,D015,A004,2025-03-22,1,49000.0,49000.0
T003405,C1442,P010,D029,A008,2024-05-07,12,20900.0,250800.0
T003406,C1559,P003,D033,A009,2025-01-25,4,120000.0,480000.0
T003407,C1649,P003,D034,A010,2025-01-01,14,114000.0,1596000.0
T003408,C1894,P001,D041,A013,2025-09-03,11,42750.0,470250.0
T003409,C0467,P013,D012,A003,2026-04-03,3,95000.0,285000.0
T003410,C0063,P002,D002,A001,2026-06-06,11,6175.0,67925.0
T003411,C0790,P015,D015,A004,2024-01-05,1,49000.0,49000.0
T003412,C0248,P009,D002,A001,2025-12-17,1,8500.0,8500.0
T003413,C0038,P013,D001,A001,2024-11-04,9,95000.0,855000.0
T003414,C0693,P015,D013,A004,2026-07-20,6,49000.0,294000.0
T003415,C1512,P015,D032,A009,2025-03-30,13,46550.0,605150.0
T003416,C1087,P009,D024,A005,2024-06-02,5,8500.0,42500.0
T003417,C0612,P009,D013,A004,2025-01-18,14,8075.0,113050.0
T003418,C1246,P011,D026,A006,2026-02-22,9,42000.0,378000.0
T003419,C0449,P010,D010,A002,2026-06-07,2,22000.0,44000.0
T003420,C0024,P008,D006,A001,2025-03-04,13,51300.0,666900.0
T003421,C1476,P006,D032,A009,2025-08-28,1,18500.0,18500.0
T003422,C1187,P007,D024,A005,2026-01-14,14,80750.0,1130500.0
T003423,C1473,P009,D029,A008,2025-01-31,2,8500.0,17000.0
T003424,C0059,P013,D003,A001,2025-06-08,9,95000.0,855000.0
T003425,C1608,P014,D035,A010,2026-01-24,1,28000.0,28000.0
T003426,C1182,P007,D024,A005,2024-10-24,1,85000.0,85000.0
T003427,C1078,P014,D022,A005,2025-09-01,15,26600.0,399000.0
T003428,C1187,P013,D025,A005,2026-08-14,4,95000.0,380000.0
T003429,C1668,P014,D034,A010,2025-06-03,13,26600.0,345800.0
T003430,C1117,P013,D021,A005,2024-11-03,8,95000.0,760000.0
T003431,C1104,P006,D023,A005,2026-06-13,3,18500.0,55500.0
T003432,C1883,P004,D041,A013,2024-05-31,14,36100.0,505400.0
T003433,C1462,P008,D029,A008,2024-01-18,8,54000.0,432000.0
T003434,C0852,P010,D015,A004,2025-07-14,14,20900.0,292600.0
T003435,C1361,P015,D028,A007,2026-08-02,12,46550.0,558600.0
T003436,C0746,P010,D015,A004,2026-03-18,7,22000.0,154000.0
T003437,C0443,P006,D009,A002,2024-12-17,15,17575.0,263625.0
T003438,C1132,P008,D021,A005,2025-10-01,12,51300.0,615600.0
T003439,C1783,P015,D039,A013,2025-05-17,3,49000.0,147000.0
T003440,C1784,P002,D040,A013,2026-04-16,6,6500.0,39000.0
T003441,C0662,P008,D018,A004,2026-04-18,1,54000.0,54000.0
T003442,C1024,P004,D025,A005,2024-10-23,6,38000.0,228000.0
T003443,C0412,P006,D011,A002,2026-03-31,3,18500.0,55500.0
T003444,C1892,P011,D039,A013,2024-07-27,6,42000.0,252000.0
T003445,C1869,P009,D038,A013,2025-07-27,14,8075.0,113050.0
T003446,C1237,P013,D024,A005,2025-08-17,2,95000.0,190000.0
T003447,C1552,P005,D031,A009,2024-03-22,8,12500.0,100000.0
T003448,C1374,P009,D028,A007,2026-02-23,3,8500.0,25500.0
T003449,C1127,P004,D020,A005,2025-02-04,9,38000.0,342000.0
T003450,C0097,P011,D002,A001,2026-06-10,2,42000.0,84000.0
T003451,C0883,P015,D017,A004,2025-06-02,9,49000.0,441000.0
T003452,C1297,P001,D026,A006,2025-01-15,13,42750.0,555750.0
T003453,C1300,P006,D026,A006,2024-06-26,1,18500.0,18500.0
T003454,C0718,P012,D014,A004,2025-12-03,11,29450.0,323950.0
T003455,C1802,P007,D039,A013,2025-05-26,10,80750.0,807500.0
T003456,C0318,P015,D009,A002,2025-07-10,9,49000.0,441000.0
T003457,C0988,P002,D023,A005,2025-06-29,10,6175.0,61750.0
T003458,C1322,P008,D027,A007,2026-02-09,13,51300.0,666900.0
T003459,C1334,P012,D028,A007,2026-06-20,14,29450.0,412300.0
T003460,C1237,P009,D024,A005,2024-04-04,3,8500.0,25500.0
T003461,C0532,P005,D012,A003,2024-10-11,3,12500.0,37500.0
T003462,C0297,P001,D003,A001,2025-04-19,11,42750.0,470250.0
T003463,C1213,P013,D022,A005,2025-09-05,14,90250.0,1263500.0
T003464,C1135,P011,D021,A005,2025-06-14,2,42000.0,84000.0
T003465,C0352,P014,D010,A002,2024-10-06,10,26600.0,266000.0
T003466,C1354,P011,D027,A007,2024-11-09,15,39900.0,598500.0
T003467,C0883,P013,D017,A004,2025-09-23,12,90250.0,1083000.0
T003468,C1282,P013,D026,A006,2025-02-17,5,95000.0,475000.0
T003469,C1609,P003,D035,A010,2026-03-22,13,114000.0,1482000.0
T003470,C0324,P013,D011,A002,2024-10-01,13,90250.0,1173250.0
T003471,C0029,P013,D005,A001,2024-03-06,15,90250.0,1353750.0
T003472,C1502,P003,D031,A009,2024-09-05,11,114000.0,1254000.0
T003473,C1164,P007,D023,A005,2025-05-17,3,85000.0,255000.0
T003474,C1337,P004,D028,A007,2025-12-24,9,38000.0,342000.0
T003475,C1611,P002,D034,A010,2025-06-11,7,6500.0,45500.0
T003476,C1551,P009,D032,A009,2025-05-22,9,8500.0,76500.0
T003477,C1829,P006,D041,A013,2025-12-03,13,17575.0,228475.0
T003478,C1032,P011,D025,A005,2025-11-13,15,39900.0,598500.0
T003479,C0958,P009,D018,A004,2024-01-03,1,8500.0,8500.0
T003480,C0766,P015,D016,A004,2025-10-14,12,46550.0,558600.0
T003481,C0294,P010,D003,A001,2024-08-07,7,22000.0,154000.0
T003482,C1095,P002,D021,A005,2025-03-20,6,6500.0,39000.0
T003483,C0535,P001,D012,A003,2024-10-25,3,45000.0,135000.0
T003484,C1775,P005,D037,A012,2026-01-02,2,12500.0,25000.0
T003485,C1106,P011,D023,A005,2024-04-04,10,39900.0,399000.0
T003486,C1125,P006,D022,A005,2025-01-18,11,17575.0,193325.0
T003487,C0683,P009,D015,A004,2024-02-20,9,8500.0,76500.0
T003488,C0094,P014,D002,A001,2025-12-27,10,26600.0,266000.0
T003489,C0051,P007,D006,A001,2024-07-28,3,85000.0,255000.0
T003490,C0812,P013,D015,A004,2024-05-11,4,95000.0,380000.0
T003491,C0152,P015,D006,A001,2026-03-30,9,49000.0,441000.0
T003492,C1156,P001,D019,A005,2025-01-07,3,45000.0,135000.0
T003493,C1689,P008,D036,A011,2025-08-17,14,51300.0,718200.0
T003494,C1695,P014,D036,A011,2025-04-29,1,28000.0,28000.0
T003495,C1254,P002,D026,A006,2026-04-01,5,6500.0,32500.0
T003496,C0412,P001,D010,A002,2026-08-22,14,42750.0,598500.0
T003497,C1667,P012,D035,A010,2024-05-06,4,31000.0,124000.0
T003498,C1697,P003,D036,A011,2024-04-21,7,120000.0,840000.0
T003499,C0379,P015,D009,A002,2026-04-22,8,49000.0,392000.0
T003500,C1421,P014,D029,A008,2024-02-14,5,28000.0,140000.0
T003501,C0552,P004,D013,A004,2024-07-02,7,38000.0,266000.0
T003502,C1551,P003,D031,A009,2024-07-25,7,120000.0,840000.0
T003503,C1894,P001,D041,A013,2026-02-20,3,45000.0,135000.0
T003504,C0050,P007,D004,A001,2026-08-20,3,85000.0,255000.0
T003505,C1728,P008,D036,A011,2024-05-27,8,54000.0,432000.0
T003506,C1184,P006,D024,A005,2026-05-15,14,17575.0,246050.0
T003507,C1845,P007,D038,A013,2024-11-22,8,85000.0,680000.0
T003508,C0907,P009,D013,A004,2026-05-19,7,8500.0,59500.0
T003509,C1633,P003,D034,A010,2025-01-08,13,114000.0,1482000.0
T003510,C0110,P015,D002,A001,2024-01-18,11,46550.0,512050.0
T003511,C0647,P012,D015,A004,2024-03-24,14,29450.0,412300.0
T003512,C0115,P008,D005,A001,2024-10-30,4,54000.0,216000.0
T003513,C1848,P001,D039,A013,2024-10-04,3,45000.0,135000.0
T003514,C1577,P013,D032,A009,2025-10-05,15,90250.0,1353750.0
T003515,C1637,P003,D034,A010,2024-11-07,2,120000.0,240000.0
T003516,C1794,P009,D038,A013,2026-03-08,6,8500.0,51000.0
T003517,C0152,P007,D007,A001,2025-01-08,12,80750.0,969000.0
T003518,C0737,P004,D013,A004,2024-11-19,8,38000.0,304000.0
T003519,C0124,P008,D006,A001,2026-06-10,1,54000.0,54000.0
T003520,C0412,P002,D011,A002,2026-02-28,5,6500.0,32500.0
T003521,C0443,P011,D009,A002,2024-04-08,13,39900.0,518700.0
T003522,C0920,P001,D013,A004,2026-04-18,3,45000.0,135000.0
T003523,C0520,P009,D012,A003,2026-06-02,4,8500.0,34000.0
T003524,C0187,P008,D006,A001,2026-05-10,14,51300.0,718200.0
T003525,C0318,P007,D011,A002,2025-01-18,1,85000.0,85000.0
T003526,C0280,P004,D006,A001,2026-03-03,10,36100.0,361000.0
T003527,C1845,P001,D040,A013,2026-01-08,6,45000.0,270000.0
T003528,C1465,P009,D029,A008,2024-09-10,12,8075.0,96900.0
T003529,C1836,P015,D041,A013,2024-10-21,11,46550.0,512050.0
T003530,C0850,P005,D018,A004,2024-11-03,1,12500.0,12500.0
T003531,C0536,P005,D012,A003,2026-04-27,3,12500.0,37500.0
T003532,C1538,P006,D033,A009,2024-01-22,11,17575.0,193325.0
T003533,C0637,P001,D017,A004,2024-09-24,7,45000.0,315000.0
T003534,C0574,P011,D015,A004,2025-03-11,3,42000.0,126000.0
T003535,C0449,P010,D009,A002,2025-02-24,1,22000.0,22000.0
T003536,C0248,P013,D006,A001,2026-04-18,2,95000.0,190000.0
T003537,C0496,P001,D012,A003,2024-01-28,10,42750.0,427500.0
T003538,C0683,P002,D017,A004,2024-10-12,14,6175.0,86450.0
T003539,C1292,P008,D026,A006,2024-02-20,14,51300.0,718200.0
T003540,C0110,P011,D002,A001,2025-06-24,1,42000.0,42000.0
T003541,C0411,P012,D011,A002,2025-04-21,14,29450.0,412300.0
T003542,C1563,P011,D033,A009,2024-05-17,12,39900.0,478800.0
T003543,C0279,P006,D004,A001,2025-10-25,11,17575.0,193325.0
T003544,C0665,P001,D016,A004,2025-04-05,4,45000.0,180000.0
T003545,C1668,P012,D034,A010,2025-08-30,14,29450.0,412300.0
T003546,C0296,P015,D007,A001,2024-05-03,4,49000.0,196000.0
T003547,C0150,P014,D005,A001,2026-08-14,12,26600.0,319200.0
T003548,C0954,P013,D018,A004,2025-09-16,3,95000.0,285000.0
T003549,C0580,P007,D016,A004,2026-02-03,5,85000.0,425000.0
T003550,C1078,P006,D023,A005,2024-05-03,9,18500.0,166500.0
T003551,C1551,P005,D033,A009,2026-08-24,5,12500.0,62500.0
T003552,C0265,P010,D005,A001,2025-11-13,11,20900.0,229900.0
T003553,C1104,P004,D021,A005,2025-01-30,10,36100.0,361000.0
T003554,C0991,P006,D020,A005,2026-03-02,1,18500.0,18500.0
T003555,C0276,P015,D003,A001,2025-03-12,11,46550.0,512050.0
T003556,C1187,P002,D023,A005,2024-04-01,10,6175.0,61750.0
T003557,C0529,P006,D012,A003,2025-11-25,1,18500.0,18500.0
T003558,C0958,P008,D017,A004,2024-08-09,1,54000.0,54000.0
T003559,C0150,P013,D006,A001,2026-01-11,13,90250.0,1173250.0
T003560,C0893,P006,D014,A004,2025-03-09,12,17575.0,210900.0
T003561,C0586,P013,D017,A004,2025-05-17,5,95000.0,475000.0
T003562,C1587,P003,D033,A009,2025-08-28,14,114000.0,1596000.0
T003563,C0105,P002,D004,A001,2024-08-24,10,6175.0,61750.0
T003564,C0803,P002,D016,A004,2025-10-22,8,6500.0,52000.0
T003565,C0891,P013,D014,A004,2025-08-04,11,90250.0,992750.0
T003566,C1393,P006,D027,A007,2024-11-19,6,18500.0,111000.0
T003567,C1097,P013,D025,A005,2025-07-30,2,95000.0,190000.0
T003568,C1279,P011,D026,A006,2024-08-04,5,42000.0,210000.0
T003569,C1497,P015,D030,A009,2024-03-11,12,46550.0,558600.0
T003570,C1662,P003,D035,A010,2024-06-10,1,120000.0,120000.0
T003571,C0613,P004,D016,A004,2025-08-28,12,36100.0,433200.0
T003572,C1039,P003,D023,A005,2024-09-19,4,120000.0,480000.0
T003573,C1612,P015,D035,A010,2024-01-05,13,46550.0,605150.0
T003574,C1881,P010,D040,A013,2024-08-21,13,20900.0,271700.0
T003575,C1708,P002,D036,A011,2026-03-15,12,6175.0,74100.0
T003576,C0714,P013,D018,A004,2025-08-30,8,95000.0,760000.0
T003577,C0376,P010,D009,A002,2024-04-27,15,20900.0,313500.0
T003578,C0958,P009,D017,A004,2026-06-17,11,8075.0,88825.0
T003579,C1424,P011,D029,A008,2024-08-07,3,42000.0,126000.0
T003580,C0964,P006,D014,A004,2025-06-25,5,18500.0,92500.0
T003581,C0953,P006,D018,A004,2025-05-26,1,18500.0,18500.0
T003582,C1611,P011,D034,A010,2026-06-10,14,39900.0,558600.0
T003583,C0694,P003,D015,A004,2026-05-02,6,120000.0,720000.0
T003584,C1655,P003,D034,A010,2026-04-30,4,120000.0,480000.0
T003585,C0779,P012,D014,A004,2024-05-27,11,29450.0,323950.0
T003586,C0639,P014,D013,A004,2026-02-07,8,28000.0,224000.0
T003587,C0882,P007,D013,A004,2026-07-29,13,80750.0,1049750.0
T003588,C1475,P008,D029,A008,2026-01-08,11,51300.0,564300.0
T003589,C0243,P009,D007,A001,2024-03-19,1,8500.0,8500.0
T003590,C0379,P007,D009,A002,2024-12-11,3,85000.0,255000.0
T003591,C1816,P012,D039,A013,2024-01-01,15,29450.0,441750.0
T003592,C0343,P006,D011,A002,2024-03-09,7,18500.0,129500.0
T003593,C1090,P005,D024,A005,2026-04-29,2,12500.0,25000.0
T003594,C1101,P002,D020,A005,2024-08-11,11,6175.0,67925.0
T003595,C0958,P001,D014,A004,2025-06-14,6,45000.0,270000.0
T003596,C1230,P007,D024,A005,2026-02-16,15,80750.0,1211250.0
T003597,C0443,P002,D010,A002,2026-01-14,8,6500.0,52000.0
T003598,C1060,P003,D024,A005,2026-04-02,5,120000.0,600000.0
T003599,C0716,P014,D013,A004,2025-10-20,11,26600.0,292600.0
T003600,C1261,P015,D026,A006,2025-05-30,2,49000.0,98000.0
T003601,C0269,P004,D007,A001,2025-06-09,6,38000.0,228000.0
T003602,C1091,P004,D023,A005,2024-05-03,5,38000.0,190000.0
T003603,C0360,P002,D009,A002,2026-04-20,12,6175.0,74100.0
T003604,C0536,P003,D012,A003,2025-09-26,15,114000.0,1710000.0
T003605,C0418,P010,D011,A002,2025-02-16,6,22000.0,132000.0
T003606,C0358,P003,D011,A002,2024-07-10,13,114000.0,1482000.0
T003607,C1591,P015,D035,A010,2026-08-30,10,46550.0,465500.0
T003608,C0549,P012,D018,A004,2025-08-13,2,31000.0,62000.0
T003609,C1782,P009,D038,A013,2026-07-02,2,8500.0,17000.0
T003610,C1837,P003,D039,A013,2024-04-14,6,120000.0,720000.0
T003611,C1091,P015,D020,A005,2024-10-23,3,49000.0,147000.0
T003612,C0274,P012,D002,A001,2024-05-31,15,29450.0,441750.0
T003613,C0719,P003,D016,A004,2025-05-03,14,114000.0,1596000.0
T003614,C1537,P003,D032,A009,2024-09-09,15,114000.0,1710000.0
T003615,C0707,P013,D013,A004,2026-04-13,8,95000.0,760000.0
T003616,C0154,P010,D006,A001,2024-07-21,11,20900.0,229900.0
T003617,C1065,P009,D022,A005,2025-10-17,12,8075.0,96900.0
T003618,C1629,P001,D035,A010,2025-05-13,14,42750.0,598500.0
T003619,C1535,P003,D032,A009,2026-05-13,12,114000.0,1368000.0
T003620,C0343,P015,D010,A002,2026-05-24,2,49000.0,98000.0
T003621,C1292,P014,D026,A006,2026-07-28,3,28000.0,84000.0
T003622,C0423,P006,D010,A002,2024-07-06,7,18500.0,129500.0
T003623,C0418,P013,D009,A002,2025-08-30,3,95000.0,285000.0
T003624,C1681,P013,D036,A011,2025-08-17,9,95000.0,855000.0
T003625,C0482,P002,D012,A003,2026-03-25,15,6175.0,92625.0
T003626,C0514,P004,D012,A003,2026-03-06,14,36100.0,505400.0
T003627,C0002,P008,D006,A001,2026-07-29,1,54000.0,54000.0
T003628,C1676,P015,D036,A011,2026-03-02,11,46550.0,512050.0
T003629,C1527,P010,D031,A009,2024-03-13,14,20900.0,292600.0
T003630,C1194,P003,D024,A005,2024-03-23,11,114000.0,1254000.0
T003631,C1446,P012,D029,A008,2024-12-20,1,31000.0,31000.0
T003632,C0293,P008,D003,A001,2024-01-07,12,51300.0,615600.0
T003633,C0891,P010,D015,A004,2025-11-05,10,20900.0,209000.0
T003634,C0677,P013,D015,A004,2025-04-12,7,95000.0,665000.0
T003635,C0170,P002,D002,A001,2025-07-13,15,6175.0,92625.0
T003636,C0956,P002,D017,A004,2026-03-10,14,6175.0,86450.0
T003637,C1773,P012,D037,A012,2024-06-15,15,29450.0,441750.0
T003638,C0061,P014,D007,A001,2026-04-24,4,28000.0,112000.0
T003639,C0562,P006,D015,A004,2024-04-08,10,17575.0,175750.0
T003640,C0407,P015,D008,A002,2024-01-27,10,46550.0,465500.0
T003641,C0458,P004,D011,A002,2024-08-22,7,38000.0,266000.0
T003642,C1745,P006,D037,A012,2024-09-14,2,18500.0,37000.0
T003643,C0915,P005,D014,A004,2025-03-05,14,11875.0,166250.0
T003644,C0914,P008,D013,A004,2025-12-27,4,54000.0,216000.0
T003645,C1467,P002,D029,A008,2025-06-12,2,6500.0,13000.0
T003646,C0295,P011,D006,A001,2025-08-06,13,39900.0,518700.0
T003647,C0957,P008,D018,A004,2025-11-29,14,51300.0,718200.0
T003648,C0829,P002,D013,A004,2026-07-13,3,6500.0,19500.0
T003649,C1132,P013,D025,A005,2025-05-24,15,90250.0,1353750.0
T003650,C1900,P004,D039,A013,2024-04-17,15,36100.0,541500.0
T003651,C1483,P004,D030,A009,2026-04-16,7,38000.0,266000.0
T003652,C0762,P011,D013,A004,2024-01-28,4,42000.0,168000.0
T003653,C1595,P012,D035,A010,2024-10-31,9,31000.0,279000.0
T003654,C0327,P001,D009,A002,2024-03-10,9,45000.0,405000.0
T003655,C0050,P009,D001,A001,2025-04-03,1,8500.0,8500.0
T003656,C0399,P011,D011,A002,2025-06-29,8,42000.0,336000.0
T003657,C0660,P002,D015,A004,2025-08-04,10,6175.0,61750.0
T003658,C0999,P004,D024,A005,2024-05-11,1,38000.0,38000.0
T003659,C1176,P005,D020,A005,2026-01-11,4,12500.0,50000.0
T003660,C1751,P006,D037,A012,2026-06-10,1,18500.0,18500.0
T003661,C0997,P001,D024,A005,2024-10-26,2,45000.0,90000.0
T003662,C0988,P012,D022,A005,2025-08-07,5,31000.0,155000.0
T003663,C0088,P003,D006,A001,2025-11-28,3,120000.0,360000.0
T003664,C0057,P014,D006,A001,2025-04-20,3,28000.0,84000.0
T003665,C1059,P002,D024,A005,2025-06-19,13,6175.0,80275.0
T003666,C0849,P009,D016,A004,2026-01-02,9,8500.0,76500.0
T003667,C1611,P015,D035,A010,2026-06-04,2,49000.0,98000.0
T003668,C0308,P003,D007,A001,2024-08-06,10,114000.0,1140000.0
T003669,C0042,P008,D006,A001,2025-10-13,13,51300.0,666900.0
T003670,C0870,P001,D015,A004,2025-01-04,2,45000.0,90000.0
T003671,C0457,P007,D008,A002,2025-10-22,12,80750.0,969000.0
T003672,C0086,P009,D005,A001,2026-07-09,11,8075.0,88825.0
T003673,C1393,P013,D028,A007,2026-01-15,11,90250.0,992750.0
T003674,C0210,P006,D004,A001,2026-04-04,6,18500.0,111000.0
T003675,C1163,P002,D025,A005,2025-07-06,11,6175.0,67925.0
T003676,C0543,P001,D012,A003,2026-07-11,5,45000.0,225000.0
T003677,C0340,P003,D011,A002,2024-03-24,11,114000.0,1254000.0
T003678,C0728,P004,D017,A004,2024-11-17,14,36100.0,505400.0
T003679,C1548,P001,D033,A009,2025-10-12,2,45000.0,90000.0
T003680,C0748,P003,D013,A004,2025-12-04,15,114000.0,1710000.0
T003681,C1447,P006,D029,A008,2025-11-20,6,18500.0,111000.0
T003682,C0241,P008,D007,A001,2026-08-19,15,51300.0,769500.0
T003683,C1488,P008,D031,A009,2025-10-21,12,51300.0,615600.0
T003684,C0456,P001,D008,A002,2025-04-11,13,42750.0,555750.0
T003685,C1300,P001,D026,A006,2025-05-21,13,42750.0,555750.0
T003686,C1084,P007,D019,A005,2025-12-05,8,85000.0,680000.0
T003687,C1784,P015,D040,A013,2024-04-07,15,46550.0,698250.0
T003688,C0743,P007,D016,A004,2024-03-24,9,85000.0,765000.0
T003689,C0115,P007,D002,A001,2026-02-27,5,85000.0,425000.0
T003690,C0029,P005,D005,A001,2025-07-15,7,12500.0,87500.0
T003691,C1592,P002,D035,A010,2025-04-22,13,6175.0,80275.0
T003692,C1019,P013,D019,A005,2025-12-10,5,95000.0,475000.0
T003693,C1494,P008,D031,A009,2024-05-17,5,54000.0,270000.0
T003694,C0453,P010,D011,A002,2025-11-04,15,20900.0,313500.0
T003695,C0668,P004,D018,A004,2026-03-05,1,38000.0,38000.0
T003696,C0050,P002,D007,A001,2025-04-20,8,6500.0,52000.0
T003697,C1829,P010,D039,A013,2024-09-24,7,22000.0,154000.0
T003698,C1282,P014,D026,A006,2024-04-17,15,26600.0,399000.0
T003699,C1787,P013,D040,A013,2024-09-07,3,95000.0,285000.0
T003700,C0515,P012,D012,A003,2026-04-15,6,31000.0,186000.0
T003701,C1166,P006,D023,A005,2024-03-23,15,17575.0,263625.0
T003702,C1303,P015,D026,A006,2024-10-04,4,49000.0,196000.0
T003703,C0623,P013,D018,A004,2025-04-25,5,95000.0,475000.0
T003704,C1633,P012,D035,A010,2024-08-03,7,31000.0,217000.0
T003705,C1812,P004,D038,A013,2024-03-15,14,36100.0,505400.0
T003706,C1696,P010,D036,A011,2025-10-17,3,22000.0,66000.0
T003707,C1422,P012,D029,A008,2025-10-27,10,29450.0,294500.0
T003708,C0536,P003,D012,A003,2024-03-18,11,114000.0,1254000.0
T003709,C0544,P013,D012,A003,2025-10-31,4,95000.0,380000.0
T003710,C1830,P005,D039,A013,2024-11-19,13,11875.0,154375.0
T003711,C0017,P011,D003,A001,2025-11-15,13,39900.0,518700.0
T003712,C1377,P012,D027,A007,2025-02-27,13,29450.0,382850.0
T003713,C1356,P006,D028,A007,2024-08-02,8,18500.0,148000.0
T003714,C1184,P003,D024,A005,2025-10-18,10,114000.0,1140000.0
T003715,C1882,P010,D040,A013,2024-02-02,3,22000.0,66000.0
T003716,C0608,P010,D014,A004,2026-04-25,6,22000.0,132000.0
T003717,C0658,P012,D018,A004,2024-12-07,15,29450.0,441750.0
T003718,C0147,P001,D007,A001,2025-05-22,6,45000.0,270000.0
T003719,C0854,P002,D017,A004,2025-12-03,15,6175.0,92625.0
T003720,C0508,P005,D012,A003,2026-07-22,3,12500.0,37500.0
T003721,C0665,P008,D016,A004,2025-05-09,5,54000.0,270000.0
T003722,C1605,P005,D034,A010,2024-02-04,5,12500.0,62500.0
T003723,C1790,P001,D041,A013,2025-08-04,9,45000.0,405000.0
T003724,C0360,P007,D009,A002,2026-01-29,11,80750.0,888250.0
T003725,C0716,P008,D016,A004,2025-08-30,4,54000.0,216000.0
T003726,C1784,P011,D041,A013,2024-01-22,10,39900.0,399000.0
T003727,C0110,P005,D001,A001,2025-04-24,3,12500.0,37500.0
T003728,C0165,P010,D004,A001,2024-02-14,2,22000.0,44000.0
T003729,C0311,P014,D009,A002,2024-05-24,14,26600.0,372400.0
T003730,C1128,P010,D020,A005,2025-02-10,3,22000.0,66000.0
T003731,C0287,P012,D004,A001,2024-10-30,4,31000.0,124000.0
T003732,C1836,P003,D040,A013,2024-03-01,11,114000.0,1254000.0
T003733,C0867,P005,D014,A004,2025-11-21,11,11875.0,130625.0
T003734,C0989,P005,D020,A005,2025-04-15,9,12500.0,112500.0
T003735,C0477,P007,D012,A003,2026-03-16,14,80750.0,1130500.0
T003736,C0921,P012,D015,A004,2024-12-10,15,29450.0,441750.0
T003737,C1261,P012,D026,A006,2026-05-12,8,31000.0,248000.0
T003738,C1447,P012,D029,A008,2026-01-13,2,31000.0,62000.0
T003739,C1452,P014,D029,A008,2025-03-25,12,26600.0,319200.0
T003740,C1100,P015,D024,A005,2024-10-13,15,46550.0,698250.0
T003741,C1738,P007,D037,A012,2025-05-02,7,85000.0,595000.0
T003742,C1577,P013,D032,A009,2024-02-11,5,95000.0,475000.0
T003743,C1462,P002,D029,A008,2024-06-16,9,6500.0,58500.0
T003744,C0101,P001,D003,A001,2024-01-07,3,45000.0,135000.0
T003745,C0011,P010,D002,A001,2024-02-08,8,22000.0,176000.0
T003746,C0413,P006,D009,A002,2026-03-23,15,17575.0,263625.0
T003747,C1265,P015,D026,A006,2025-05-17,8,49000.0,392000.0
T003748,C0790,P012,D015,A004,2024-08-10,15,29450.0,441750.0
T003749,C0768,P012,D014,A004,2026-01-02,8,31000.0,248000.0
T003750,C1696,P012,D036,A011,2024-03-22,14,29450.0,412300.0
T003751,C1727,P001,D036,A011,2025-03-27,13,42750.0,555750.0
T003752,C1749,P011,D037,A012,2025-12-14,9,42000.0,378000.0
T003753,C0613,P007,D015,A004,2024-08-09,14,80750.0,1130500.0
T003754,C1322,P004,D027,A007,2024-01-27,6,38000.0,228000.0
T003755,C0525,P002,D012,A003,2024-08-15,1,6500.0,6500.0
T003756,C0370,P010,D009,A002,2026-05-11,4,22000.0,88000.0
T003757,C0360,P003,D011,A002,2024-07-16,15,114000.0,1710000.0
T003758,C0663,P006,D013,A004,2026-07-04,13,17575.0,228475.0
T003759,C0829,P006,D017,A004,2025-10-16,14,17575.0,246050.0
T003760,C1597,P012,D034,A010,2024-01-01,10,29450.0,294500.0
T003761,C0223,P011,D006,A001,2025-05-04,2,42000.0,84000.0
T003762,C1413,P014,D028,A007,2024-12-21,3,28000.0,84000.0
T003763,C1027,P010,D022,A005,2026-03-01,1,22000.0,22000.0
T003764,C0556,P013,D017,A004,2026-07-17,13,90250.0,1173250.0
T003765,C0964,P002,D016,A004,2025-01-04,8,6500.0,52000.0
T003766,C0575,P014,D017,A004,2025-06-22,9,28000.0,252000.0
T003767,C1130,P010,D021,A005,2026-08-19,2,22000.0,44000.0
T003768,C0839,P012,D015,A004,2024-05-04,4,31000.0,124000.0
T003769,C0314,P007,D011,A002,2025-10-27,6,85000.0,510000.0
T003770,C0216,P011,D005,A001,2024-12-12,1,42000.0,42000.0
T003771,C1053,P006,D019,A005,2024-10-30,10,17575.0,175750.0
T003772,C1734,P010,D037,A012,2025-11-24,7,22000.0,154000.0
T003773,C0665,P006,D013,A004,2025-07-07,15,17575.0,263625.0
T003774,C1412,P005,D027,A007,2025-10-28,9,12500.0,112500.0
T003775,C1254,P011,D026,A006,2026-07-17,7,42000.0,294000.0
T003776,C1786,P011,D039,A013,2026-08-09,5,42000.0,210000.0
T003777,C1583,P002,D033,A009,2026-03-13,15,6175.0,92625.0
T003778,C1087,P001,D022,A005,2025-07-23,15,42750.0,641250.0
T003779,C1251,P010,D026,A006,2025-06-29,6,22000.0,132000.0
T003780,C1731,P002,D037,A012,2025-02-08,11,6175.0,67925.0
T003781,C0764,P005,D013,A004,2025-05-31,8,12500.0,100000.0
T003782,C0637,P010,D015,A004,2024-08-09,8,22000.0,176000.0
T003783,C0017,P004,D007,A001,2024-04-22,7,38000.0,266000.0
T003784,C1592,P009,D034,A010,2026-08-06,15,8075.0,121125.0
T003785,C1546,P005,D033,A009,2024-01-03,5,12500.0,62500.0
T003786,C0198,P006,D001,A001,2026-04-01,9,18500.0,166500.0
T003787,C1100,P007,D024,A005,2026-07-13,10,80750.0,807500.0
T003788,C0903,P013,D014,A004,2025-11-15,12,90250.0,1083000.0
T003789,C0219,P013,D004,A001,2024-04-30,3,95000.0,285000.0
T003790,C1866,P002,D039,A013,2026-05-23,4,6500.0,26000.0
T003791,C0414,P011,D010,A002,2026-03-17,10,39900.0,399000.0
T003792,C0115,P003,D003,A001,2026-03-05,7,120000.0,840000.0
T003793,C1128,P012,D025,A005,2024-01-01,15,29450.0,441750.0
T003794,C1421,P007,D029,A008,2025-12-15,4,85000.0,340000.0
T003795,C0053,P015,D002,A001,2026-04-21,11,46550.0,512050.0
T003796,C1254,P009,D026,A006,2025-03-20,12,8075.0,96900.0
T003797,C1027,P014,D022,A005,2026-06-05,12,26600.0,319200.0
T003798,C0197,P013,D001,A001,2025-03-12,1,95000.0,95000.0
T003799,C0337,P005,D009,A002,2024-09-10,14,11875.0,166250.0
T003800,C1090,P012,D023,A005,2024-03-22,12,29450.0,353400.0
T003801,C0570,P005,D014,A004,2025-01-31,9,12500.0,112500.0
T003802,C1795,P014,D041,A013,2024-09-01,9,28000.0,252000.0
T003803,C1578,P015,D032,A009,2026-07-02,8,49000.0,392000.0
T003804,C1872,P012,D040,A013,2024-09-18,6,31000.0,186000.0
T003805,C0502,P005,D012,A003,2024-11-10,2,12500.0,25000.0
T003806,C1837,P004,D038,A013,2024-09-13,2,38000.0,76000.0
T003807,C0830,P003,D016,A004,2024-07-31,12,114000.0,1368000.0
T003808,C0670,P003,D014,A004,2024-07-28,12,114000.0,1368000.0
T003809,C0090,P009,D007,A001,2026-04-16,15,8075.0,121125.0
T003810,C0094,P001,D004,A001,2025-12-16,14,42750.0,598500.0
T003811,C1323,P001,D028,A007,2026-01-05,5,45000.0,225000.0
T003812,C0889,P008,D016,A004,2024-03-13,6,54000.0,324000.0
T003813,C0437,P011,D011,A002,2025-02-03,1,42000.0,42000.0
T003814,C1171,P004,D023,A005,2024-03-27,15,36100.0,541500.0
T003815,C0493,P006,D012,A003,2025-10-30,7,18500.0,129500.0
T003816,C1100,P008,D025,A005,2026-04-14,7,54000.0,378000.0
T003817,C0691,P007,D015,A004,2025-05-07,7,85000.0,595000.0
T003818,C1588,P011,D032,A009,2026-05-20,11,39900.0,438900.0
T003819,C1583,P006,D031,A009,2024-03-13,8,18500.0,148000.0
T003820,C0939,P009,D016,A004,2025-06-25,3,8500.0,25500.0
T003821,C0676,P008,D015,A004,2024-11-02,12,51300.0,615600.0
T003822,C0696,P011,D018,A004,2025-07-21,6,42000.0,252000.0
T003823,C1558,P010,D033,A009,2026-03-13,11,20900.0,229900.0
T003824,C0639,P005,D013,A004,2024-03-04,7,12500.0,87500.0
T003825,C0411,P007,D009,A002,2025-08-21,1,85000.0,85000.0
T003826,C0152,P001,D002,A001,2024-04-01,9,45000.0,405000.0
T003827,C0914,P004,D014,A004,2026-04-20,1,38000.0,38000.0
T003828,C0949,P009,D015,A004,2025-11-15,1,8500.0,8500.0
T003829,C1612,P006,D035,A010,2024-11-23,6,18500.0,111000.0
T003830,C0424,P007,D008,A002,2024-12-17,2,85000.0,170000.0
T003831,C0729,P005,D015,A004,2025-04-10,12,11875.0,142500.0
T003832,C1560,P010,D031,A009,2025-10-27,9,22000.0,198000.0
T003833,C1588,P006,D032,A009,2025-02-10,7,18500.0,129500.0
T003834,C0734,P004,D017,A004,2025-12-30,13,36100.0,469300.0
T003835,C0893,P007,D018,A004,2024-09-13,2,85000.0,170000.0
T003836,C0580,P011,D016,A004,2026-07-14,1,42000.0,42000.0
T003837,C1786,P002,D041,A013,2024-05-12,5,6500.0,32500.0
T003838,C0218,P007,D006,A001,2026-08-29,3,85000.0,255000.0
T003839,C1787,P015,D040,A013,2024-05-20,7,49000.0,343000.0
T003840,C1309,P010,D026,A006,2024-07-14,7,22000.0,154000.0
T003841,C1027,P001,D019,A005,2026-04-12,15,42750.0,641250.0
T003842,C0054,P008,D007,A001,2024-03-19,10,51300.0,513000.0
T003843,C0935,P012,D018,A004,2025-11-23,14,29450.0,412300.0
T003844,C0782,P011,D016,A004,2024-06-11,2,42000.0,84000.0
T003845,C0309,P011,D001,A001,2025-08-08,1,42000.0,42000.0
T003846,C1251,P007,D026,A006,2026-04-26,5,85000.0,425000.0
T003847,C1841,P001,D038,A013,2025-02-04,6,45000.0,270000.0
T003848,C1077,P010,D020,A005,2025-11-25,6,22000.0,132000.0
T003849,C1374,P003,D028,A007,2024-05-11,6,120000.0,720000.0
T003850,C0120,P001,D002,A001,2024-02-24,11,42750.0,470250.0
T003851,C0803,P009,D015,A004,2024-03-08,11,8075.0,88825.0
T003852,C0216,P005,D005,A001,2024-10-31,4,12500.0,50000.0
T003853,C1168,P013,D024,A005,2025-09-06,4,95000.0,380000.0
T003854,C1795,P014,D041,A013,2024-01-26,3,28000.0,84000.0
T003855,C1261,P004,D026,A006,2024-01-25,15,36100.0,541500.0
T003856,C0135,P009,D002,A001,2024-08-29,11,8075.0,88825.0
T003857,C0683,P003,D016,A004,2025-05-01,11,114000.0,1254000.0
T003858,C1059,P005,D022,A005,2025-02-11,2,12500.0,25000.0
T003859,C0768,P004,D015,A004,2024-11-24,5,38000.0,190000.0
T003860,C1603,P002,D034,A010,2026-07-19,7,6500.0,45500.0
T003861,C1573,P004,D031,A009,2026-03-28,13,36100.0,469300.0
T003862,C1166,P003,D022,A005,2025-12-25,1,120000.0,120000.0
T003863,C0718,P011,D013,A004,2024-07-31,15,39900.0,598500.0
T003864,C0495,P010,D012,A003,2025-03-23,3,22000.0,66000.0
T003865,C0201,P010,D006,A001,2026-06-25,6,22000.0,132000.0
T003866,C0683,P008,D014,A004,2024-08-08,12,51300.0,615600.0
T003867,C0797,P010,D013,A004,2024-08-14,8,22000.0,176000.0
T003868,C1297,P008,D026,A006,2025-09-05,4,54000.0,216000.0
T003869,C1254,P011,D026,A006,2026-08-29,5,42000.0,210000.0
T003870,C0122,P011,D002,A001,2024-06-30,1,42000.0,42000.0
T003871,C0755,P006,D017,A004,2024-03-31,1,18500.0,18500.0
T003872,C0357,P007,D010,A002,2026-06-16,4,85000.0,340000.0
T003873,C0298,P003,D006,A001,2026-03-07,10,114000.0,1140000.0
T003874,C1594,P012,D034,A010,2025-10-08,1,31000.0,31000.0
T003875,C0069,P008,D004,A001,2026-01-05,9,54000.0,486000.0
T003876,C0805,P014,D018,A004,2025-06-03,15,26600.0,399000.0
T003877,C0323,P002,D008,A002,2025-09-08,15,6175.0,92625.0
T003878,C1687,P001,D036,A011,2024-02-14,10,42750.0,427500.0
T003879,C1065,P011,D020,A005,2024-12-16,9,42000.0,378000.0
T003880,C0444,P015,D011,A002,2026-06-24,6,49000.0,294000.0
T003881,C0989,P008,D020,A005,2025-07-20,11,51300.0,564300.0
T003882,C1410,P005,D028,A007,2026-04-02,7,12500.0,87500.0
T003883,C1823,P014,D041,A013,2024-12-28,11,26600.0,292600.0
T003884,C0423,P014,D008,A002,2024-12-08,5,28000.0,140000.0
T003885,C1698,P008,D036,A011,2025-05-21,4,54000.0,216000.0
T003886,C1787,P009,D040,A013,2024-04-20,13,8075.0,104975.0
T003887,C1756,P011,D037,A012,2025-01-02,12,39900.0,478800.0
T003888,C1213,P013,D022,A005,2024-01-13,1,95000.0,95000.0
T003889,C1203,P012,D020,A005,2025-04-03,12,29450.0,353400.0
T003890,C0768,P012,D015,A004,2025-06-12,5,31000.0,155000.0
T003891,C1449,P003,D029,A008,2024-11-29,2,120000.0,240000.0
T003892,C1027,P010,D024,A005,2025-01-12,14,20900.0,292600.0
T003893,C1300,P008,D026,A006,2025-02-27,1,54000.0,54000.0
T003894,C0828,P005,D014,A004,2024-02-28,3,12500.0,37500.0
T003895,C1410,P004,D028,A007,2024-06-07,3,38000.0,114000.0
T003896,C1588,P013,D031,A009,2025-01-05,11,90250.0,992750.0
T003897,C0278,P003,D002,A001,2025-09-13,11,114000.0,1254000.0
T003898,C1600,P011,D035,A010,2025-08-04,7,42000.0,294000.0
T003899,C1041,P007,D024,A005,2025-10-23,11,80750.0,888250.0
T003900,C1626,P015,D035,A010,2025-07-05,15,46550.0,698250.0
T003901,C0830,P008,D016,A004,2025-04-13,11,51300.0,564300.0
T003902,C0728,P005,D015,A004,2025-02-12,7,12500.0,87500.0
T003903,C1755,P004,D037,A012,2026-08-09,11,36100.0,397100.0
T003904,C0489,P004,D012,A003,2025-06-01,3,38000.0,114000.0
T003905,C1624,P009,D035,A010,2024-12-09,10,8075.0,80750.0
T003906,C0954,P010,D016,A004,2026-03-22,3,22000.0,66000.0
T003907,C1003,P004,D025,A005,2026-07-24,13,36100.0,469300.0
T003908,C0594,P008,D014,A004,2025-10-09,5,54000.0,270000.0
T003909,C1096,P014,D024,A005,2025-09-12,12,26600.0,319200.0
T003910,C0635,P005,D016,A004,2024-06-30,4,12500.0,50000.0
T003911,C0060,P015,D004,A001,2025-03-02,7,49000.0,343000.0
T003912,C0525,P005,D012,A003,2024-03-30,9,12500.0,112500.0
T003913,C0011,P003,D005,A001,2026-04-13,9,120000.0,1080000.0
T003914,C1857,P009,D041,A013,2026-08-23,10,8075.0,80750.0
T003915,C1832,P005,D038,A013,2026-02-11,4,12500.0,50000.0
T003916,C0755,P015,D017,A004,2025-01-03,2,49000.0,98000.0
T003917,C1403,P007,D027,A007,2024-08-23,11,80750.0,888250.0
T003918,C0670,P004,D018,A004,2025-11-02,4,38000.0,152000.0
T003919,C1287,P007,D026,A006,2024-10-01,8,85000.0,680000.0
T003920,C1558,P014,D031,A009,2025-05-20,8,28000.0,224000.0
T003921,C1811,P010,D038,A013,2024-04-03,13,20900.0,271700.0
T003922,C0765,P001,D013,A004,2025-01-29,4,45000.0,180000.0
T003923,C1509,P001,D031,A009,2024-09-03,10,42750.0,427500.0
T003924,C0515,P004,D012,A003,2026-04-13,14,36100.0,505400.0
T003925,C1883,P002,D040,A013,2026-02-25,1,6500.0,6500.0
T003926,C0042,P001,D002,A001,2024-09-07,2,45000.0,90000.0
T003927,C1142,P001,D025,A005,2024-04-25,3,45000.0,135000.0
T003928,C1255,P004,D026,A006,2025-11-10,13,36100.0,469300.0
T003929,C1320,P010,D027,A007,2024-01-08,12,20900.0,250800.0
T003930,C0224,P013,D006,A001,2024-03-22,8,95000.0,760000.0
T003931,C1795,P004,D039,A013,2026-08-19,5,38000.0,190000.0
T003932,C0355,P013,D011,A002,2024-04-26,6,95000.0,570000.0
T003933,C1184,P007,D023,A005,2024-04-28,2,85000.0,170000.0
T003934,C0426,P012,D011,A002,2024-01-12,3,31000.0,93000.0
T003935,C0588,P014,D015,A004,2024-02-24,1,28000.0,28000.0
T003936,C1053,P001,D025,A005,2026-06-09,9,45000.0,405000.0
T003937,C0802,P011,D013,A004,2024-07-02,14,39900.0,558600.0
T003938,C0308,P001,D001,A001,2025-01-18,14,42750.0,598500.0
T003939,C0328,P012,D008,A002,2025-07-13,4,31000.0,124000.0
T003940,C0803,P012,D016,A004,2025-01-28,3,31000.0,93000.0
T003941,C1462,P003,D029,A008,2024-08-13,2,120000.0,240000.0
T003942,C1731,P005,D037,A012,2025-06-25,15,11875.0,178125.0
T003943,C0152,P001,D001,A001,2026-02-06,13,42750.0,555750.0
T003944,C0749,P013,D016,A004,2026-08-03,8,95000.0,760000.0
T003945,C0184,P010,D001,A001,2024-07-02,6,22000.0,132000.0
T003946,C0026,P005,D007,A001,2024-06-22,7,12500.0,87500.0
T003947,C1261,P001,D026,A006,2024-03-26,8,45000.0,360000.0
T003948,C1138,P011,D025,A005,2024-01-24,5,42000.0,210000.0
T003949,C0311,P010,D010,A002,2026-03-09,2,22000.0,44000.0
T003950,C0453,P013,D010,A002,2024-01-03,9,95000.0,855000.0
T003951,C0041,P007,D004,A001,2025-04-02,1,85000.0,85000.0
T003952,C1606,P008,D035,A010,2024-02-20,12,51300.0,615600.0
T003953,C1845,P001,D041,A013,2025-02-06,5,45000.0,225000.0
T003954,C0260,P009,D002,A001,2024-11-25,6,8500.0,51000.0
T003955,C0445,P003,D011,A002,2024-06-20,8,120000.0,960000.0
T003956,C1673,P012,D036,A011,2025-07-15,3,31000.0,93000.0
T003957,C1781,P004,D039,A013,2024-01-12,6,38000.0,228000.0
T003958,C0805,P004,D015,A004,2024-01-29,7,38000.0,266000.0
T003959,C0090,P015,D005,A001,2025-09-02,1,49000.0,49000.0
T003960,C0060,P006,D001,A001,2024-03-08,11,17575.0,193325.0
T003961,C1097,P008,D025,A005,2024-03-20,12,51300.0,615600.0
T003962,C0749,P009,D015,A004,2026-08-19,13,8075.0,104975.0
T003963,C0049,P007,D002,A001,2025-10-07,11,80750.0,888250.0
T003964,C1106,P014,D019,A005,2025-04-03,12,26600.0,319200.0
T003965,C0017,P009,D006,A001,2024-03-23,4,8500.0,34000.0
T003966,C1520,P001,D030,A009,2024-04-12,13,42750.0,555750.0
T003967,C0586,P008,D018,A004,2025-02-15,8,54000.0,432000.0
T003968,C0062,P006,D002,A001,2024-10-01,10,17575.0,175750.0
T003969,C1118,P010,D020,A005,2026-03-20,2,22000.0,44000.0
T003970,C0762,P015,D016,A004,2026-06-09,8,49000.0,392000.0
T003971,C1845,P009,D038,A013,2024-09-14,12,8075.0,96900.0
T003972,C1049,P014,D020,A005,2025-03-26,8,28000.0,224000.0
T003973,C0532,P003,D012,A003,2025-09-24,15,114000.0,1710000.0
T003974,C1367,P009,D028,A007,2025-06-20,10,8075.0,80750.0
T003975,C0525,P009,D012,A003,2024-06-27,8,8500.0,68000.0
T003976,C1737,P004,D037,A012,2025-12-18,8,38000.0,304000.0
T003977,C0719,P005,D013,A004,2026-07-04,14,11875.0,166250.0
T003978,C1055,P007,D020,A005,2026-01-01,10,80750.0,807500.0
T003979,C0090,P005,D003,A001,2024-05-18,11,11875.0,130625.0
T003980,C0825,P012,D016,A004,2026-03-26,11,29450.0,323950.0
T003981,C1600,P009,D035,A010,2025-11-08,8,8500.0,68000.0
T003982,C1558,P006,D031,A009,2026-04-30,4,18500.0,74000.0
T003983,C0431,P001,D008,A002,2025-02-24,7,45000.0,315000.0
T003984,C0437,P005,D009,A002,2024-04-04,6,12500.0,75000.0
T003985,C1577,P006,D031,A009,2026-06-13,7,18500.0,129500.0
T003986,C1785,P003,D039,A013,2024-07-18,6,120000.0,720000.0
T003987,C0171,P006,D007,A001,2026-01-03,2,18500.0,37000.0
T003988,C0873,P004,D015,A004,2026-06-11,5,38000.0,190000.0
T003989,C0651,P005,D017,A004,2024-09-28,5,12500.0,62500.0
T003990,C1676,P013,D036,A011,2025-10-08,9,95000.0,855000.0
T003991,C0150,P013,D003,A001,2025-01-22,4,95000.0,380000.0
T003992,C0412,P010,D008,A002,2024-05-05,15,20900.0,313500.0
T003993,C1449,P003,D029,A008,2025-11-07,7,120000.0,840000.0
T003994,C0093,P008,D002,A001,2024-09-16,8,54000.0,432000.0
T003995,C0964,P010,D017,A004,2025-06-24,15,20900.0,313500.0
T003996,C0852,P002,D015,A004,2024-09-02,14,6175.0,86450.0
T003997,C0647,P005,D015,A004,2026-08-24,11,11875.0,130625.0
T003998,C0753,P008,D017,A004,2024-06-30,15,51300.0,769500.0
T003999,C1026,P008,D025,A005,2026-06-28,9,54000.0,486000.0
T004000,C0309,P002,D001,A001,2026-01-11,9,6500.0,58500.0
T004001,C1095,P015,D020,A005,2026-01-30,8,49000.0,392000.0
T004002,C1558,P003,D032,A009,2024-07-29,12,114000.0,1368000.0
T004003,C1465,P005,D029,A008,2024-01-14,7,12500.0,87500.0
T004004,C0295,P012,D001,A001,2025-01-21,13,29450.0,382850.0
T004005,C0283,P015,D003,A001,2025-09-13,2,49000.0,98000.0
T004006,C0520,P015,D012,A003,2025-09-04,12,46550.0,558600.0
T004007,C0694,P002,D015,A004,2025-03-24,2,6500.0,13000.0
T004008,C0782,P003,D015,A004,2024-01-03,3,120000.0,360000.0
T004009,C1303,P001,D026,A006,2026-02-18,1,45000.0,45000.0
T004010,C0104,P015,D007,A001,2025-09-27,9,49000.0,441000.0
T004011,C0055,P004,D006,A001,2024-05-16,2,38000.0,76000.0
T004012,C0748,P005,D018,A004,2025-12-19,10,11875.0,118750.0
T004013,C1334,P008,D028,A007,2026-02-20,7,54000.0,378000.0
T004014,C0373,P008,D010,A002,2024-06-16,1,54000.0,54000.0
T004015,C1224,P014,D021,A005,2024-05-19,5,28000.0,140000.0
T004016,C0502,P008,D012,A003,2024-09-09,12,51300.0,615600.0
T004017,C1697,P006,D036,A011,2024-06-22,9,18500.0,166500.0
T004018,C1727,P012,D036,A011,2025-04-12,6,31000.0,186000.0
T004019,C0571,P013,D016,A004,2025-12-20,13,90250.0,1173250.0
T004020,C0443,P006,D010,A002,2025-05-25,8,18500.0,148000.0
T004021,C0790,P014,D014,A004,2025-02-03,8,28000.0,224000.0
T004022,C0466,P002,D012,A003,2025-01-12,10,6175.0,61750.0
T004023,C1290,P002,D026,A006,2024-01-05,13,6175.0,80275.0
T004024,C1592,P004,D035,A010,2026-04-07,7,38000.0,266000.0
T004025,C1292,P013,D026,A006,2025-09-25,11,90250.0,992750.0
T004026,C1588,P007,D031,A009,2024-12-31,5,85000.0,425000.0
T004027,C0757,P008,D015,A004,2026-05-15,2,54000.0,108000.0
T004028,C0297,P003,D004,A001,2024-06-18,11,114000.0,1254000.0
T004029,C1421,P015,D029,A008,2025-06-23,1,49000.0,49000.0
T004030,C0693,P001,D017,A004,2024-12-23,13,42750.0,555750.0
T004031,C1287,P004,D026,A006,2024-06-10,13,36100.0,469300.0
T004032,C0522,P013,D012,A003,2024-02-08,14,90250.0,1263500.0
T004033,C0149,P015,D003,A001,2026-03-03,13,46550.0,605150.0
T004034,C1884,P014,D040,A013,2025-07-27,13,26600.0,345800.0
T004035,C0297,P012,D002,A001,2024-12-04,2,31000.0,62000.0
T004036,C1878,P012,D040,A013,2025-03-05,8,31000.0,248000.0
T004037,C1855,P008,D040,A013,2026-03-02,3,54000.0,162000.0
T004038,C1528,P015,D031,A009,2025-09-28,5,49000.0,245000.0
T004039,C1255,P003,D026,A006,2026-03-16,10,114000.0,1140000.0
T004040,C1100,P015,D023,A005,2025-09-23,1,49000.0,49000.0
T004041,C1668,P006,D035,A010,2024-02-08,8,18500.0,148000.0
T004042,C0556,P006,D017,A004,2026-01-01,2,18500.0,37000.0
T004043,C0915,P006,D016,A004,2026-06-29,6,18500.0,111000.0
T004044,C1182,P012,D020,A005,2025-11-22,10,29450.0,294500.0
T004045,C0790,P010,D015,A004,2025-03-03,2,22000.0,44000.0
T004046,C0827,P001,D015,A004,2024-03-01,9,45000.0,405000.0
T004047,C0641,P004,D015,A004,2026-06-25,7,38000.0,266000.0
T004048,C1083,P008,D020,A005,2025-04-04,3,54000.0,162000.0
T004049,C1636,P010,D034,A010,2025-11-05,4,22000.0,88000.0
T004050,C0393,P010,D008,A002,2025-05-07,2,22000.0,44000.0
T004051,C1787,P014,D039,A013,2024-03-03,9,28000.0,252000.0
T004052,C1320,P005,D027,A007,2025-03-05,11,11875.0,130625.0
T004053,C1587,P011,D031,A009,2024-03-30,4,42000.0,168000.0
T004054,C1065,P003,D024,A005,2026-07-19,2,120000.0,240000.0
T004055,C1502,P012,D033,A009,2025-05-25,8,31000.0,248000.0
T004056,C0026,P008,D004,A001,2024-11-14,6,54000.0,324000.0
T004057,C1578,P004,D032,A009,2026-07-10,9,38000.0,342000.0
T004058,C0061,P006,D007,A001,2026-01-26,12,17575.0,210900.0
T004059,C1708,P010,D036,A011,2025-08-10,6,22000.0,132000.0
T004060,C1884,P012,D039,A013,2024-07-15,12,29450.0,353400.0
T004061,C0569,P011,D018,A004,2024-03-12,5,42000.0,210000.0
T004062,C0411,P001,D011,A002,2024-01-24,3,45000.0,135000.0
T004063,C1479,P013,D033,A009,2024-01-15,7,95000.0,665000.0
T004064,C0494,P002,D012,A003,2024-11-09,14,6175.0,86450.0
T004065,C1668,P015,D035,A010,2024-10-19,9,49000.0,441000.0
T004066,C0197,P008,D006,A001,2026-06-18,14,51300.0,718200.0
T004067,C0243,P005,D001,A001,2025-03-23,10,11875.0,118750.0
T004068,C1858,P003,D038,A013,2024-06-10,4,120000.0,480000.0
T004069,C1292,P004,D026,A006,2025-04-18,13,36100.0,469300.0
T004070,C1633,P005,D034,A010,2025-08-28,11,11875.0,130625.0
T004071,C0633,P006,D013,A004,2025-01-28,11,17575.0,193325.0
T004072,C1298,P012,D026,A006,2024-11-17,14,29450.0,412300.0
T004073,C1128,P007,D021,A005,2026-02-24,6,85000.0,510000.0
T004074,C1139,P005,D019,A005,2025-01-14,3,12500.0,37500.0
T004075,C1307,P012,D026,A006,2025-05-22,9,31000.0,279000.0
T004076,C1097,P013,D019,A005,2025-05-29,10,90250.0,902500.0
T004077,C0828,P013,D013,A004,2024-05-07,15,90250.0,1353750.0
T004078,C0532,P012,D012,A003,2025-03-09,8,31000.0,248000.0
T004079,C1481,P001,D031,A009,2026-07-18,9,45000.0,405000.0
T004080,C0437,P002,D011,A002,2025-05-10,15,6175.0,92625.0
T004081,C1323,P005,D028,A007,2024-02-13,11,11875.0,130625.0
T004082,C0451,P005,D008,A002,2026-02-03,8,12500.0,100000.0
T004083,C1188,P007,D021,A005,2024-12-24,8,85000.0,680000.0
T004084,C1442,P011,D029,A008,2026-01-04,9,42000.0,378000.0
T004085,C0418,P013,D011,A002,2025-05-16,11,90250.0,992750.0
T004086,C0109,P011,D001,A001,2025-03-09,15,39900.0,598500.0
T004087,C0252,P006,D006,A001,2025-04-24,2,18500.0,37000.0
T004088,C1153,P007,D019,A005,2026-05-30,7,85000.0,595000.0
T004089,C1636,P001,D034,A010,2025-03-06,15,42750.0,641250.0
T004090,C0072,P001,D003,A001,2025-08-05,15,42750.0,641250.0
T004091,C1413,P014,D027,A007,2024-08-12,4,28000.0,112000.0
T004092,C0660,P005,D015,A004,2026-08-11,2,12500.0,25000.0
T004093,C0941,P002,D017,A004,2024-05-11,2,6500.0,13000.0
T004094,C1784,P008,D040,A013,2025-07-25,14,51300.0,718200.0
T004095,C0645,P005,D017,A004,2025-05-08,10,11875.0,118750.0
T004096,C0912,P002,D017,A004,2025-03-11,15,6175.0,92625.0
T004097,C0022,P001,D003,A001,2025-12-26,4,45000.0,180000.0
T004098,C0149,P003,D007,A001,2024-12-21,14,114000.0,1596000.0
T004099,C0497,P004,D012,A003,2026-08-21,2,38000.0,76000.0
T004100,C0049,P012,D007,A001,2024-01-11,2,31000.0,62000.0
T004101,C1206,P002,D023,A005,2026-04-25,9,6500.0,58500.0
T004102,C0826,P014,D017,A004,2025-01-06,11,26600.0,292600.0
T004103,C1053,P013,D020,A005,2024-06-26,4,95000.0,380000.0
T004104,C0341,P004,D010,A002,2025-05-17,8,38000.0,304000.0
T004105,C0570,P013,D017,A004,2025-06-17,5,95000.0,475000.0
T004106,C1266,P014,D026,A006,2024-08-10,14,26600.0,372400.0
T004107,C1832,P013,D039,A013,2024-11-11,13,90250.0,1173250.0
T004108,C0090,P012,D004,A001,2024-07-30,12,29450.0,353400.0
T004109,C1709,P006,D036,A011,2024-03-23,2,18500.0,37000.0
T004110,C1100,P004,D025,A005,2025-07-07,1,38000.0,38000.0
T004111,C1080,P012,D024,A005,2025-08-19,6,31000.0,186000.0
T004112,C0986,P011,D019,A005,2025-07-29,6,42000.0,252000.0
T004113,C0122,P012,D001,A001,2024-04-06,11,29450.0,323950.0
T004114,C0161,P013,D005,A001,2024-01-31,13,90250.0,1173250.0
T004115,C1136,P004,D022,A005,2025-10-28,12,36100.0,433200.0
T004116,C0660,P011,D014,A004,2024-06-11,7,42000.0,294000.0
T004117,C1758,P004,D037,A012,2025-12-01,8,38000.0,304000.0
T004118,C0779,P010,D015,A004,2024-02-01,14,20900.0,292600.0
T004119,C0276,P012,D002,A001,2025-11-13,12,29450.0,353400.0
T004120,C1374,P012,D028,A007,2024-05-09,14,29450.0,412300.0
T004121,C0569,P008,D013,A004,2025-08-19,11,51300.0,564300.0
T004122,C1020,P012,D020,A005,2024-02-25,6,31000.0,186000.0
T004123,C1334,P013,D027,A007,2024-05-08,12,90250.0,1083000.0
T004124,C1733,P010,D037,A012,2026-03-25,9,22000.0,198000.0
T004125,C1527,P012,D031,A009,2025-06-03,9,31000.0,279000.0
T004126,C1298,P002,D026,A006,2025-08-24,8,6500.0,52000.0
T004127,C1303,P004,D026,A006,2026-01-13,2,38000.0,76000.0
T004128,C1808,P006,D039,A013,2025-06-04,15,17575.0,263625.0
T004129,C0570,P013,D016,A004,2024-04-21,14,90250.0,1263500.0
T004130,C0003,P015,D005,A001,2025-11-13,14,46550.0,651700.0
T004131,C0525,P009,D012,A003,2025-08-17,13,8075.0,104975.0
T004132,C0418,P005,D010,A002,2025-04-14,8,12500.0,100000.0
T004133,C1261,P004,D026,A006,2024-12-17,11,36100.0,397100.0
T004134,C1210,P015,D019,A005,2025-12-25,15,46550.0,698250.0
T004135,C1128,P006,D024,A005,2025-02-13,12,17575.0,210900.0
T004136,C0026,P010,D006,A001,2025-10-28,12,20900.0,250800.0
T004137,C1403,P004,D028,A007,2026-04-06,1,38000.0,38000.0
T004138,C0630,P011,D016,A004,2024-02-01,7,42000.0,294000.0
T004139,C1274,P004,D026,A006,2024-02-05,12,36100.0,433200.0
T004140,C1065,P008,D020,A005,2024-01-01,11,51300.0,564300.0
T004141,C0665,P015,D018,A004,2025-12-30,4,49000.0,196000.0
T004142,C0260,P003,D001,A001,2026-02-15,15,114000.0,1710000.0
T004143,C0171,P007,D002,A001,2025-03-29,3,85000.0,255000.0
T004144,C1600,P013,D035,A010,2025-05-30,4,95000.0,380000.0
T004145,C1761,P011,D037,A012,2025-08-16,11,39900.0,438900.0
T004146,C1242,P006,D022,A005,2026-04-04,5,18500.0,92500.0
T004147,C0198,P006,D003,A001,2025-02-04,14,17575.0,246050.0
T004148,C0766,P005,D018,A004,2025-09-03,1,12500.0,12500.0
T004149,C1403,P007,D028,A007,2026-02-03,4,85000.0,340000.0
T004150,C1503,P009,D033,A009,2025-06-30,2,8500.0,17000.0
T004151,C0216,P002,D002,A001,2025-08-26,13,6175.0,80275.0
T004152,C0001,P006,D003,A001,2025-05-22,13,17575.0,228475.0
T004153,C1372,P006,D027,A007,2024-11-09,1,18500.0,18500.0
T004154,C0687,P006,D017,A004,2026-03-17,8,18500.0,148000.0
T004155,C0494,P010,D012,A003,2026-06-29,15,20900.0,313500.0
T004156,C0021,P006,D003,A001,2025-02-05,8,18500.0,148000.0
T004157,C1041,P005,D020,A005,2026-05-14,7,12500.0,87500.0
T004158,C1637,P001,D035,A010,2024-04-17,4,45000.0,180000.0
T004159,C1823,P007,D041,A013,2024-03-10,9,85000.0,765000.0
T004160,C1084,P006,D021,A005,2024-05-08,15,17575.0,263625.0
T004161,C1003,P012,D020,A005,2025-01-02,11,29450.0,323950.0
T004162,C0152,P001,D002,A001,2026-02-12,6,45000.0,270000.0
T004163,C1055,P005,D020,A005,2025-11-08,10,11875.0,118750.0
T004164,C0728,P008,D017,A004,2025-10-01,12,51300.0,615600.0
T004165,C1157,P013,D020,A005,2024-09-09,9,95000.0,855000.0
T004166,C0746,P008,D016,A004,2026-05-23,7,54000.0,378000.0
T004167,C0466,P014,D012,A003,2026-07-06,14,26600.0,372400.0
T004168,C0171,P005,D001,A001,2025-10-25,4,12500.0,50000.0
T004169,C0614,P009,D016,A004,2024-10-20,5,8500.0,42500.0
T004170,C0180,P002,D005,A001,2024-07-20,7,6500.0,45500.0
T004171,C0345,P004,D011,A002,2025-12-23,1,38000.0,38000.0
T004172,C1876,P003,D038,A013,2025-04-28,2,120000.0,240000.0
T004173,C0860,P006,D013,A004,2024-08-15,4,18500.0,74000.0
T004174,C1027,P001,D021,A005,2025-03-24,14,42750.0,598500.0
T004175,C1681,P010,D036,A011,2025-12-22,13,20900.0,271700.0
T004176,C1892,P001,D039,A013,2024-03-01,15,42750.0,641250.0
T004177,C1106,P008,D021,A005,2024-02-04,6,54000.0,324000.0
T004178,C1569,P011,D030,A009,2024-08-02,7,42000.0,294000.0
T004179,C0637,P002,D017,A004,2026-06-11,11,6175.0,67925.0
T004180,C0585,P015,D014,A004,2025-01-22,6,49000.0,294000.0
T004181,C0768,P015,D016,A004,2024-10-15,10,46550.0,465500.0
T004182,C1291,P002,D026,A006,2024-11-19,4,6500.0,26000.0
T004183,C1307,P012,D026,A006,2026-04-06,5,31000.0,155000.0
T004184,C0614,P003,D015,A004,2024-05-22,12,114000.0,1368000.0
T004185,C0257,P001,D006,A001,2024-04-25,14,42750.0,598500.0
T004186,C1206,P002,D025,A005,2024-04-24,6,6500.0,39000.0
T004187,C0247,P004,D005,A001,2026-06-04,6,38000.0,228000.0
T004188,C1100,P007,D022,A005,2024-02-07,11,80750.0,888250.0
T004189,C1324,P014,D027,A007,2025-09-15,9,28000.0,252000.0
T004190,C1339,P014,D027,A007,2024-09-22,7,28000.0,196000.0
T004191,C1451,P006,D029,A008,2024-02-22,4,18500.0,74000.0
T004192,C1678,P007,D036,A011,2025-12-05,4,85000.0,340000.0
T004193,C0985,P005,D023,A005,2026-06-25,6,12500.0,75000.0
T004194,C1409,P006,D027,A007,2024-11-20,14,17575.0,246050.0
T004195,C1182,P011,D020,A005,2025-02-16,4,42000.0,168000.0
T004196,C0362,P013,D009,A002,2024-10-02,11,90250.0,992750.0
T004197,C0042,P007,D001,A001,2025-11-12,9,85000.0,765000.0
T004198,C0549,P015,D018,A004,2025-06-07,15,46550.0,698250.0
T004199,C0854,P012,D015,A004,2025-05-07,7,31000.0,217000.0
T004200,C1178,P011,D022,A005,2024-01-26,4,42000.0,168000.0
T004201,C1636,P008,D035,A010,2026-02-09,14,51300.0,718200.0
T004202,C0379,P014,D009,A002,2026-07-29,2,28000.0,56000.0
T004203,C0242,P005,D001,A001,2026-03-01,13,11875.0,154375.0
T004204,C1830,P004,D039,A013,2025-06-06,13,36100.0,469300.0
T004205,C0205,P007,D002,A001,2024-12-22,4,85000.0,340000.0
T004206,C0940,P015,D017,A004,2025-01-04,5,49000.0,245000.0
T004207,C1113,P010,D020,A005,2024-11-21,9,22000.0,198000.0
T004208,C1044,P005,D025,A005,2024-01-04,1,12500.0,12500.0
T004209,C0154,P015,D002,A001,2025-06-01,3,49000.0,147000.0
T004210,C0106,P014,D005,A001,2024-01-10,5,28000.0,140000.0
T004211,C0201,P007,D003,A001,2025-03-29,2,85000.0,170000.0
T004212,C1114,P007,D024,A005,2024-05-22,2,85000.0,170000.0
T004213,C1049,P001,D023,A005,2025-03-03,3,45000.0,135000.0
T004214,C0453,P005,D009,A002,2024-11-01,8,12500.0,100000.0
T004215,C1214,P014,D023,A005,2024-06-28,4,28000.0,112000.0
T004216,C1581,P008,D031,A009,2025-06-17,10,51300.0,513000.0
T004217,C0069,P015,D006,A001,2024-08-06,7,49000.0,343000.0
T004218,C0983,P014,D023,A005,2024-10-27,7,28000.0,196000.0
T004219,C1320,P015,D027,A007,2025-06-10,13,46550.0,605150.0
T004220,C0492,P007,D012,A003,2025-09-15,1,85000.0,85000.0
T004221,C0589,P011,D016,A004,2024-10-15,10,39900.0,399000.0
T004222,C1168,P004,D021,A005,2026-05-23,11,36100.0,397100.0
T004223,C1731,P002,D037,A012,2025-12-31,12,6175.0,74100.0
T004224,C1563,P007,D031,A009,2026-02-08,3,85000.0,255000.0
T004225,C1106,P005,D025,A005,2024-01-03,9,12500.0,112500.0
T004226,C1409,P014,D028,A007,2024-06-04,3,28000.0,84000.0
T004227,C0703,P011,D013,A004,2025-06-07,5,42000.0,210000.0
T004228,C1224,P013,D022,A005,2026-02-04,1,95000.0,95000.0
T004229,C0912,P007,D013,A004,2024-10-30,7,85000.0,595000.0
T004230,C0370,P010,D010,A002,2024-07-23,9,22000.0,198000.0
T004231,C1344,P014,D027,A007,2026-07-12,5,28000.0,140000.0
T004232,C1065,P011,D022,A005,2025-07-12,9,42000.0,378000.0
T004233,C0691,P004,D014,A004,2026-07-19,2,38000.0,76000.0
T004234,C1751,P011,D037,A012,2024-06-05,15,39900.0,598500.0
T004235,C0034,P005,D006,A001,2024-09-17,14,11875.0,166250.0
T004236,C0618,P015,D013,A004,2025-12-04,8,49000.0,392000.0
T004237,C0104,P004,D006,A001,2025-11-05,1,38000.0,38000.0
T004238,C1480,P007,D033,A009,2025-03-31,2,85000.0,170000.0
T004239,C1346,P011,D027,A007,2026-03-05,2,42000.0,84000.0
T004240,C0642,P013,D015,A004,2024-12-31,5,95000.0,475000.0
T004241,C1297,P013,D026,A006,2024-10-26,13,90250.0,1173250.0
T004242,C0757,P003,D017,A004,2025-11-18,15,114000.0,1710000.0
T004243,C1460,P001,D029,A008,2024-05-22,2,45000.0,90000.0
T004244,C0882,P014,D014,A004,2025-03-03,10,26600.0,266000.0
T004245,C0796,P013,D013,A004,2025-05-03,12,90250.0,1083000.0
T004246,C1789,P015,D038,A013,2024-08-25,15,46550.0,698250.0
T004247,C0489,P012,D012,A003,2025-01-09,1,31000.0,31000.0
T004248,C0224,P007,D007,A001,2024-06-04,13,80750.0,1049750.0
T004249,C1109,P005,D019,A005,2026-02-15,15,11875.0,178125.0
T004250,C1837,P006,D040,A013,2024-08-03,10,17575.0,175750.0
T004251,C0726,P009,D015,A004,2026-01-25,9,8500.0,76500.0
T004252,C0110,P011,D003,A001,2026-04-20,2,42000.0,84000.0
T004253,C0655,P003,D017,A004,2025-10-26,1,120000.0,120000.0
T004254,C0991,P001,D025,A005,2026-04-29,5,45000.0,225000.0
T004255,C0309,P006,D005,A001,2024-01-29,14,17575.0,246050.0
T004256,C1254,P008,D026,A006,2024-06-23,2,54000.0,108000.0
T004257,C1895,P005,D041,A013,2025-08-09,12,11875.0,142500.0
T004258,C0880,P002,D016,A004,2026-08-20,5,6500.0,32500.0
T004259,C0683,P006,D016,A004,2025-06-24,11,17575.0,193325.0
T004260,C0765,P007,D015,A004,2025-11-21,15,80750.0,1211250.0
T004261,C0214,P005,D005,A001,2025-01-22,7,12500.0,87500.0
T004262,C1695,P007,D036,A011,2026-01-17,1,85000.0,85000.0
T004263,C0798,P003,D013,A004,2025-07-25,2,120000.0,240000.0
T004264,C0743,P004,D017,A004,2025-10-16,3,38000.0,114000.0
T004265,C1255,P011,D026,A006,2024-01-05,5,42000.0,210000.0
T004266,C0851,P007,D013,A004,2024-05-20,7,85000.0,595000.0
T004267,C1236,P008,D021,A005,2024-05-15,12,51300.0,615600.0
T004268,C0109,P015,D001,A001,2024-08-10,11,46550.0,512050.0
T004269,C1572,P009,D030,A009,2025-04-15,6,8500.0,51000.0
T004270,C1799,P004,D040,A013,2024-09-06,8,38000.0,304000.0
T004271,C1237,P015,D023,A005,2024-08-23,13,46550.0,605150.0
T004272,C1817,P013,D040,A013,2024-09-03,10,90250.0,902500.0
T004273,C0290,P007,D001,A001,2025-06-18,11,80750.0,888250.0
T004274,C0939,P013,D017,A004,2026-05-06,8,95000.0,760000.0
T004275,C1136,P002,D021,A005,2025-09-26,13,6175.0,80275.0
T004276,C1105,P006,D021,A005,2026-01-14,8,18500.0,148000.0
T004277,C0765,P008,D013,A004,2024-10-09,13,51300.0,666900.0
T004278,C0651,P007,D016,A004,2025-06-30,2,85000.0,170000.0
T004279,C0244,P014,D003,A001,2025-08-11,8,28000.0,224000.0
T004280,C0748,P015,D013,A004,2025-11-10,4,49000.0,196000.0
T004281,C0311,P015,D011,A002,2025-07-08,15,46550.0,698250.0
T004282,C1413,P012,D027,A007,2024-10-27,13,29450.0,382850.0
T004283,C0409,P006,D011,A002,2025-10-01,11,17575.0,193325.0
T004284,C0106,P012,D002,A001,2026-04-04,2,31000.0,62000.0
T004285,C1060,P011,D022,A005,2026-04-01,2,42000.0,84000.0
T004286,C1128,P002,D022,A005,2024-11-23,9,6500.0,58500.0
T004287,C1678,P013,D036,A011,2024-05-01,1,95000.0,95000.0
T004288,C1100,P009,D024,A005,2025-03-05,8,8500.0,68000.0
T004289,C0669,P008,D018,A004,2024-06-12,9,54000.0,486000.0
T004290,C1551,P010,D030,A009,2024-06-19,14,20900.0,292600.0
T004291,C1041,P009,D023,A005,2025-01-10,15,8075.0,121125.0
T004292,C0147,P010,D001,A001,2025-10-01,15,20900.0,313500.0
T004293,C1084,P012,D024,A005,2024-12-22,11,29450.0,323950.0
T004294,C1743,P008,D037,A012,2024-03-04,12,51300.0,615600.0
T004295,C0757,P009,D015,A004,2025-01-12,10,8075.0,80750.0
T004296,C0570,P002,D016,A004,2026-02-08,10,6175.0,61750.0
T004297,C0276,P002,D003,A001,2026-02-06,5,6500.0,32500.0
T004298,C0290,P001,D007,A001,2025-03-31,6,45000.0,270000.0
T004299,C0836,P002,D013,A004,2026-01-14,7,6500.0,45500.0
T004300,C1130,P010,D022,A005,2024-06-11,10,20900.0,209000.0
T004301,C0149,P009,D005,A001,2025-11-08,15,8075.0,121125.0
T004302,C1795,P015,D039,A013,2026-01-30,5,49000.0,245000.0
T004303,C1456,P014,D029,A008,2026-07-06,14,26600.0,372400.0
T004304,C1117,P008,D024,A005,2024-07-18,13,51300.0,666900.0
T004305,C1595,P005,D035,A010,2026-01-20,6,12500.0,75000.0
T004306,C0148,P012,D006,A001,2026-01-14,4,31000.0,124000.0
T004307,C0939,P014,D018,A004,2024-11-26,4,28000.0,112000.0
T004308,C1203,P012,D023,A005,2024-02-26,13,29450.0,382850.0
T004309,C1595,P009,D035,A010,2024-07-18,12,8075.0,96900.0
T004310,C1510,P005,D031,A009,2025-12-18,1,12500.0,12500.0
T004311,C0535,P013,D012,A003,2024-02-17,5,95000.0,475000.0
T004312,C1799,P007,D041,A013,2025-04-21,6,85000.0,510000.0
T004313,C0237,P003,D004,A001,2025-08-12,12,114000.0,1368000.0
T004314,C1681,P004,D036,A011,2024-01-10,7,38000.0,266000.0
T004315,C1841,P010,D038,A013,2025-12-05,5,22000.0,110000.0
T004316,C0345,P015,D011,A002,2025-04-17,7,49000.0,343000.0
T004317,C1390,P008,D027,A007,2024-05-27,12,51300.0,615600.0
T004318,C0062,P004,D005,A001,2024-03-09,6,38000.0,228000.0
T004319,C0775,P008,D014,A004,2024-12-09,7,54000.0,378000.0
T004320,C1005,P015,D023,A005,2024-06-10,11,46550.0,512050.0
T004321,C1104,P007,D024,A005,2026-07-18,2,85000.0,170000.0
T004322,C1790,P011,D039,A013,2025-02-06,15,39900.0,598500.0
T004323,C1290,P014,D026,A006,2024-08-19,2,28000.0,56000.0
T004324,C0948,P014,D018,A004,2025-03-18,7,28000.0,196000.0
T004325,C1563,P001,D032,A009,2024-08-27,12,42750.0,513000.0
T004326,C1815,P011,D038,A013,2025-12-09,14,39900.0,558600.0
T004327,C0036,P004,D006,A001,2024-06-19,9,38000.0,342000.0
T004328,C1870,P011,D038,A013,2025-01-09,9,42000.0,378000.0
T004329,C0154,P006,D004,A001,2024-08-17,3,18500.0,55500.0
T004330,C1573,P014,D033,A009,2024-10-30,6,28000.0,168000.0
T004331,C0543,P006,D012,A003,2024-01-31,8,18500.0,148000.0
T004332,C0253,P008,D001,A001,2025-01-07,3,54000.0,162000.0
T004333,C0850,P009,D016,A004,2026-06-29,13,8075.0,104975.0
T004334,C1230,P006,D024,A005,2025-08-23,10,17575.0,175750.0
T004335,C0729,P015,D015,A004,2025-07-28,7,49000.0,343000.0
T004336,C0099,P007,D001,A001,2024-02-05,7,85000.0,595000.0
T004337,C1135,P006,D019,A005,2025-05-09,13,17575.0,228475.0
T004338,C1734,P006,D037,A012,2026-06-05,10,17575.0,175750.0
T004339,C0733,P006,D014,A004,2024-03-09,14,17575.0,246050.0
T004340,C0417,P014,D010,A002,2026-04-06,14,26600.0,372400.0
T004341,C0853,P010,D016,A004,2025-03-09,12,20900.0,250800.0
T004342,C0084,P002,D004,A001,2024-10-10,11,6175.0,67925.0
T004343,C1582,P013,D033,A009,2026-02-27,6,95000.0,570000.0
T004344,C1592,P011,D035,A010,2026-07-13,15,39900.0,598500.0
T004345,C1118,P001,D019,A005,2024-10-03,9,45000.0,405000.0
T004346,C0680,P002,D017,A004,2025-07-25,9,6500.0,58500.0
T004347,C1540,P015,D032,A009,2024-09-09,8,49000.0,392000.0
T004348,C1062,P011,D024,A005,2026-04-18,12,39900.0,478800.0
T004349,C1592,P002,D035,A010,2026-02-11,15,6175.0,92625.0
T004350,C1206,P014,D019,A005,2024-11-27,9,28000.0,252000.0
T004351,C1517,P006,D030,A009,2025-07-13,2,18500.0,37000.0
T004352,C1133,P014,D019,A005,2024-12-14,1,28000.0,28000.0
T004353,C0797,P015,D013,A004,2024-12-13,7,49000.0,343000.0
T004354,C1823,P014,D041,A013,2026-04-09,13,26600.0,345800.0
T004355,C1041,P002,D025,A005,2024-08-29,2,6500.0,13000.0
T004356,C1146,P007,D019,A005,2026-06-30,3,85000.0,255000.0
T004357,C0423,P005,D011,A002,2025-04-03,14,11875.0,166250.0
T004358,C1188,P003,D024,A005,2025-12-02,12,114000.0,1368000.0
T004359,C1095,P007,D025,A005,2024-06-11,1,85000.0,85000.0
T004360,C0360,P014,D010,A002,2025-08-21,15,26600.0,399000.0
T004361,C0108,P003,D004,A001,2024-01-05,14,114000.0,1596000.0
T004362,C1143,P012,D025,A005,2024-09-22,12,29450.0,353400.0
T004363,C1476,P012,D030,A009,2026-02-16,7,31000.0,217000.0
T004364,C1018,P004,D019,A005,2024-10-19,10,36100.0,361000.0
T004365,C0437,P015,D011,A002,2024-10-24,11,46550.0,512050.0
T004366,C1279,P007,D026,A006,2026-06-15,12,80750.0,969000.0
T004367,C0147,P013,D002,A001,2026-02-26,3,95000.0,285000.0
T004368,C0851,P015,D018,A004,2025-07-19,15,46550.0,698250.0
T004369,C0311,P007,D008,A002,2026-07-03,4,85000.0,340000.0
T004370,C0360,P015,D010,A002,2025-05-16,5,49000.0,245000.0
T004371,C0393,P001,D010,A002,2026-05-25,9,45000.0,405000.0
T004372,C0741,P001,D017,A004,2024-08-12,6,45000.0,270000.0
T004373,C0093,P003,D006,A001,2025-10-16,8,120000.0,960000.0
T004374,C0762,P009,D013,A004,2025-08-26,3,8500.0,25500.0
T004375,C1001,P010,D020,A005,2024-07-01,6,22000.0,132000.0
T004376,C0953,P008,D016,A004,2025-12-05,3,54000.0,162000.0
T004377,C0733,P013,D014,A004,2025-04-26,6,95000.0,570000.0
T004378,C1611,P010,D035,A010,2024-12-13,11,20900.0,229900.0
T004379,C0278,P001,D002,A001,2026-07-15,13,42750.0,555750.0
T004380,C0991,P008,D022,A005,2024-03-23,11,51300.0,564300.0
T004381,C0110,P014,D001,A001,2024-05-16,12,26600.0,319200.0
T004382,C0124,P008,D002,A001,2026-03-06,6,54000.0,324000.0
T004383,C1097,P014,D024,A005,2024-10-15,12,26600.0,319200.0
T004384,C1087,P003,D020,A005,2026-01-23,12,114000.0,1368000.0
T004385,C1685,P012,D036,A011,2025-04-24,14,29450.0,412300.0
T004386,C1069,P008,D024,A005,2024-09-20,8,54000.0,432000.0
T004387,C1825,P012,D038,A013,2024-03-22,11,29450.0,323950.0
T004388,C0086,P005,D002,A001,2026-01-29,8,12500.0,100000.0
T004389,C0181,P011,D005,A001,2025-04-02,8,42000.0,336000.0
T004390,C0072,P011,D002,A001,2024-07-11,14,39900.0,558600.0
T004391,C0360,P004,D009,A002,2026-08-21,10,36100.0,361000.0
T004392,C1043,P013,D022,A005,2025-05-03,8,95000.0,760000.0
T004393,C1232,P011,D021,A005,2024-02-19,3,42000.0,126000.0
T004394,C0075,P006,D002,A001,2024-04-05,2,18500.0,37000.0
T004395,C1808,P004,D041,A013,2024-07-13,9,38000.0,342000.0
T004396,C1616,P009,D035,A010,2025-07-09,14,8075.0,113050.0
T004397,C0570,P001,D018,A004,2026-03-25,11,42750.0,470250.0
T004398,C0138,P012,D005,A001,2026-03-01,9,31000.0,279000.0
T004399,C0324,P005,D011,A002,2026-02-09,8,12500.0,100000.0
T004400,C0244,P012,D007,A001,2024-09-07,11,29450.0,323950.0
T004401,C0232,P011,D006,A001,2024-02-25,3,42000.0,126000.0
T004402,C1010,P012,D024,A005,2025-12-21,11,29450.0,323950.0
T004403,C0476,P008,D012,A003,2025-06-21,11,51300.0,564300.0
T004404,C0691,P013,D016,A004,2024-08-08,12,90250.0,1083000.0
T004405,C1881,P014,D040,A013,2025-09-25,12,26600.0,319200.0
T004406,C1311,P010,D027,A007,2025-12-22,2,22000.0,44000.0
T004407,C1813,P003,D039,A013,2025-10-09,6,120000.0,720000.0
T004408,C0272,P004,D004,A001,2025-05-14,10,36100.0,361000.0
T004409,C0729,P015,D017,A004,2025-01-23,15,46550.0,698250.0
T004410,C1062,P015,D022,A005,2025-11-26,8,49000.0,392000.0
T004411,C0134,P011,D002,A001,2026-04-09,14,39900.0,558600.0
T004412,C0007,P002,D001,A001,2026-03-18,1,6500.0,6500.0
T004413,C1287,P007,D026,A006,2025-09-02,1,85000.0,85000.0
T004414,C1224,P006,D023,A005,2024-12-14,2,18500.0,37000.0
T004415,C0790,P001,D017,A004,2025-12-17,7,45000.0,315000.0
T004416,C0958,P013,D013,A004,2025-11-10,9,95000.0,855000.0
T004417,C0798,P006,D017,A004,2025-12-12,8,18500.0,148000.0
T004418,C0041,P014,D006,A001,2026-07-10,11,26600.0,292600.0
T004419,C0647,P007,D016,A004,2024-12-23,12,80750.0,969000.0
T004420,C0345,P004,D008,A002,2026-08-30,6,38000.0,228000.0
T004421,C0181,P012,D003,A001,2024-03-06,3,31000.0,93000.0
T004422,C1820,P013,D039,A013,2024-12-01,4,95000.0,380000.0
T004423,C1135,P008,D022,A005,2025-03-30,4,54000.0,216000.0
T004424,C1403,P007,D028,A007,2025-06-28,14,80750.0,1130500.0
T004425,C0614,P001,D015,A004,2025-12-26,11,42750.0,470250.0
T004426,C0749,P008,D016,A004,2024-03-17,11,51300.0,564300.0
T004427,C0456,P013,D011,A002,2024-03-28,11,90250.0,992750.0
T004428,C0181,P007,D004,A001,2026-06-27,12,80750.0,969000.0
T004429,C0351,P005,D011,A002,2024-06-04,13,11875.0,154375.0
T004430,C1537,P003,D032,A009,2026-02-25,4,120000.0,480000.0
T004431,C1300,P004,D026,A006,2024-08-11,3,38000.0,114000.0
T004432,C1053,P014,D023,A005,2025-01-15,12,26600.0,319200.0
T004433,C0931,P012,D018,A004,2026-06-29,7,31000.0,217000.0
T004434,C1776,P009,D038,A013,2026-02-03,1,8500.0,8500.0
T004435,C0124,P011,D005,A001,2024-10-31,13,39900.0,518700.0
T004436,C0543,P007,D012,A003,2024-07-06,11,80750.0,888250.0
T004437,C0673,P013,D017,A004,2024-07-28,11,90250.0,992750.0
T004438,C1507,P010,D033,A009,2024-06-29,14,20900.0,292600.0
T004439,C1884,P004,D038,A013,2025-08-20,6,38000.0,228000.0
T004440,C0466,P007,D012,A003,2024-01-17,1,85000.0,85000.0
T004441,C1681,P015,D036,A011,2026-03-22,1,49000.0,49000.0
T004442,C1597,P008,D035,A010,2026-06-10,12,51300.0,615600.0
T004443,C0431,P014,D008,A002,2024-04-02,4,28000.0,112000.0
T004444,C0764,P013,D014,A004,2026-06-13,15,90250.0,1353750.0
T004445,C0784,P011,D018,A004,2024-09-09,10,39900.0,399000.0
T004446,C1857,P011,D039,A013,2026-02-22,13,39900.0,518700.0
T004447,C0355,P008,D011,A002,2025-04-25,12,51300.0,615600.0
T004448,C1539,P010,D030,A009,2025-04-30,2,22000.0,44000.0
T004449,C0646,P013,D017,A004,2026-08-10,2,95000.0,190000.0
T004450,C1410,P014,D028,A007,2024-01-10,1,28000.0,28000.0
T004451,C0805,P012,D013,A004,2024-08-05,3,31000.0,93000.0
T004452,C1100,P005,D022,A005,2024-01-21,3,12500.0,37500.0
T004453,C1600,P009,D035,A010,2024-03-18,6,8500.0,51000.0
T004454,C1552,P010,D030,A009,2025-06-22,5,22000.0,110000.0
T004455,C1669,P012,D035,A010,2026-03-26,7,31000.0,217000.0
T004456,C0108,P006,D003,A001,2025-07-25,10,17575.0,175750.0
T004457,C1323,P015,D027,A007,2025-12-08,9,49000.0,441000.0
T004458,C0268,P015,D004,A001,2024-07-18,1,49000.0,49000.0
T004459,C0798,P014,D018,A004,2024-06-30,10,26600.0,266000.0
T004460,C1055,P009,D025,A005,2025-03-25,9,8500.0,76500.0
T004461,C0768,P004,D015,A004,2026-04-02,15,36100.0,541500.0
T004462,C1013,P003,D022,A005,2025-06-22,11,114000.0,1254000.0
T004463,C1892,P005,D040,A013,2024-11-24,1,12500.0,12500.0
T004464,C0260,P013,D001,A001,2026-08-03,2,95000.0,190000.0
T004465,C1297,P009,D026,A006,2026-08-15,9,8500.0,76500.0
T004466,C0757,P015,D015,A004,2026-02-07,1,49000.0,49000.0
T004467,C0256,P001,D003,A001,2025-06-26,1,45000.0,45000.0
T004468,C0302,P015,D006,A001,2026-04-23,7,49000.0,343000.0
T004469,C1813,P005,D041,A013,2025-03-21,2,12500.0,25000.0
T004470,C1687,P012,D036,A011,2025-01-20,4,31000.0,124000.0
T004471,C1741,P006,D037,A012,2026-08-16,4,18500.0,74000.0
T004472,C1884,P012,D041,A013,2024-08-22,4,31000.0,124000.0
T004473,C0407,P014,D011,A002,2026-07-30,15,26600.0,399000.0
T004474,C0683,P006,D013,A004,2024-07-04,4,18500.0,74000.0
T004475,C1284,P008,D026,A006,2024-10-22,6,54000.0,324000.0
T004476,C0953,P005,D013,A004,2024-11-23,15,11875.0,178125.0
T004477,C0803,P007,D013,A004,2025-10-01,8,85000.0,680000.0
T004478,C0689,P005,D015,A004,2026-08-30,10,11875.0,118750.0
T004479,C1128,P010,D023,A005,2026-02-08,12,20900.0,250800.0
T004480,C1098,P008,D025,A005,2024-11-01,8,54000.0,432000.0
T004481,C0309,P010,D004,A001,2025-10-23,9,22000.0,198000.0
T004482,C0923,P009,D018,A004,2025-09-01,11,8075.0,88825.0
T004483,C1061,P008,D019,A005,2024-09-07,2,54000.0,108000.0
T004484,C1091,P005,D025,A005,2026-01-10,10,11875.0,118750.0
T004485,C0411,P010,D010,A002,2024-07-04,6,22000.0,132000.0
T004486,C1428,P004,D029,A008,2025-10-17,3,38000.0,114000.0
T004487,C0042,P008,D004,A001,2025-01-13,7,54000.0,378000.0
T004488,C0683,P015,D017,A004,2026-02-13,10,46550.0,465500.0
T004489,C1503,P014,D031,A009,2024-05-09,12,26600.0,319200.0
T004490,C1080,P001,D019,A005,2024-11-27,10,42750.0,427500.0
T004491,C0508,P008,D012,A003,2025-01-23,6,54000.0,324000.0
T004492,C1331,P010,D027,A007,2025-08-08,4,22000.0,88000.0
T004493,C1087,P003,D025,A005,2025-11-04,12,114000.0,1368000.0
T004494,C1535,P004,D031,A009,2026-08-18,15,36100.0,541500.0
T004495,C1414,P004,D027,A007,2025-01-15,15,36100.0,541500.0
T004496,C1164,P008,D021,A005,2026-08-13,15,51300.0,769500.0
T004497,C0958,P013,D014,A004,2025-05-30,3,95000.0,285000.0
T004498,C0257,P001,D005,A001,2025-05-16,9,45000.0,405000.0
T004499,C0509,P009,D012,A003,2026-03-07,12,8075.0,96900.0
T004500,C0805,P007,D014,A004,2024-02-18,10,80750.0,807500.0
T004501,C1135,P009,D024,A005,2024-09-10,14,8075.0,113050.0
T004502,C1003,P008,D024,A005,2025-08-06,8,54000.0,432000.0
T004503,C0556,P001,D013,A004,2025-12-03,11,42750.0,470250.0
T004504,C0011,P008,D006,A001,2024-05-23,10,51300.0,513000.0
T004505,C0970,P012,D025,A005,2026-01-28,1,31000.0,31000.0
T004506,C0549,P004,D018,A004,2024-07-05,12,36100.0,433200.0
T004507,C1413,P003,D028,A007,2024-10-23,7,120000.0,840000.0
T004508,C0041,P002,D006,A001,2024-12-25,7,6500.0,45500.0
T004509,C1112,P004,D023,A005,2025-07-18,14,36100.0,505400.0
T004510,C1801,P013,D040,A013,2025-07-20,2,95000.0,190000.0
T004511,C0341,P001,D010,A002,2024-01-08,8,45000.0,360000.0
T004512,C0923,P009,D013,A004,2025-01-08,4,8500.0,34000.0
T004513,C0163,P003,D004,A001,2025-06-18,4,120000.0,480000.0
T004514,C1188,P012,D024,A005,2024-01-25,6,31000.0,186000.0
T004515,C1059,P010,D022,A005,2025-04-04,3,22000.0,66000.0
T004516,C0779,P007,D017,A004,2024-09-05,9,85000.0,765000.0
T004517,C1016,P008,D025,A005,2026-08-25,9,54000.0,486000.0
T004518,C1727,P009,D036,A011,2024-04-24,5,8500.0,42500.0
T004519,C0379,P008,D008,A002,2025-05-05,4,54000.0,216000.0
T004520,C0038,P010,D001,A001,2026-04-28,9,22000.0,198000.0
T004521,C1659,P005,D034,A010,2026-05-31,7,12500.0,87500.0
T004522,C1100,P004,D023,A005,2025-02-08,7,38000.0,266000.0
T004523,C1711,P008,D036,A011,2025-01-15,15,51300.0,769500.0
T004524,C1132,P012,D025,A005,2026-03-20,6,31000.0,186000.0
T004525,C1564,P012,D033,A009,2025-05-07,15,29450.0,441750.0
T004526,C0829,P003,D015,A004,2025-12-05,14,114000.0,1596000.0
T004527,C1446,P009,D029,A008,2024-01-27,11,8075.0,88825.0
T004528,C1753,P003,D037,A012,2024-12-16,8,120000.0,960000.0
T004529,C1095,P011,D020,A005,2024-02-17,9,42000.0,378000.0
T004530,C0355,P005,D008,A002,2025-01-13,1,12500.0,12500.0
T004531,C0520,P004,D012,A003,2025-02-19,7,38000.0,266000.0
T004532,C0383,P011,D008,A002,2024-03-29,6,42000.0,252000.0
T004533,C0478,P002,D012,A003,2025-10-25,5,6500.0,32500.0
T004534,C0586,P006,D013,A004,2024-02-13,1,18500.0,18500.0
T004535,C1062,P011,D023,A005,2025-08-24,3,42000.0,126000.0
T004536,C1118,P015,D023,A005,2025-09-29,11,46550.0,512050.0
T004537,C0826,P013,D015,A004,2025-09-30,4,95000.0,380000.0
T004538,C1176,P014,D024,A005,2026-04-24,9,28000.0,252000.0
T004539,C0149,P007,D002,A001,2025-07-29,4,85000.0,340000.0
T004540,C0158,P005,D003,A001,2024-11-29,13,11875.0,154375.0
T004541,C0330,P009,D009,A002,2024-08-29,6,8500.0,51000.0
T004542,C1009,P011,D024,A005,2024-07-07,5,42000.0,210000.0
T004543,C0413,P011,D011,A002,2025-02-15,12,39900.0,478800.0
T004544,C0546,P012,D013,A004,2024-09-23,6,31000.0,186000.0
T004545,C0765,P005,D018,A004,2026-06-12,15,11875.0,178125.0
T004546,C1569,P012,D033,A009,2025-05-22,11,29450.0,323950.0
T004547,C0022,P011,D005,A001,2025-01-20,2,42000.0,84000.0
T004548,C1237,P008,D020,A005,2024-03-16,8,54000.0,432000.0
T004549,C1283,P015,D026,A006,2025-02-20,9,49000.0,441000.0
T004550,C1538,P014,D032,A009,2025-01-23,10,26600.0,266000.0
T004551,C1787,P001,D038,A013,2025-01-25,5,45000.0,225000.0
T004552,C0034,P003,D003,A001,2025-03-25,4,120000.0,480000.0
T004553,C0295,P002,D002,A001,2025-03-27,7,6500.0,45500.0
T004554,C1697,P014,D036,A011,2026-03-16,13,26600.0,345800.0
T004555,C0892,P011,D017,A004,2026-08-22,5,42000.0,210000.0
T004556,C1084,P011,D023,A005,2025-10-25,9,42000.0,378000.0
T004557,C1265,P004,D026,A006,2024-04-01,13,36100.0,469300.0
T004558,C1303,P001,D026,A006,2024-06-25,7,45000.0,315000.0
T004559,C1786,P008,D038,A013,2026-07-07,7,54000.0,378000.0
T004560,C1893,P002,D040,A013,2024-07-08,7,6500.0,45500.0
T004561,C1385,P009,D027,A007,2025-09-05,15,8075.0,121125.0
T004562,C0552,P006,D015,A004,2024-03-29,11,17575.0,193325.0
T004563,C1687,P014,D036,A011,2026-08-12,12,26600.0,319200.0
T004564,C0086,P008,D007,A001,2025-03-14,3,54000.0,162000.0
T004565,C0444,P004,D011,A002,2024-09-09,10,36100.0,361000.0
T004566,C1728,P015,D036,A011,2026-04-16,8,49000.0,392000.0
T004567,C0496,P005,D012,A003,2024-11-14,7,12500.0,87500.0
T004568,C0423,P013,D009,A002,2025-03-21,12,90250.0,1083000.0
T004569,C0267,P006,D003,A001,2024-12-15,7,18500.0,129500.0
T004570,C1652,P007,D034,A010,2026-05-01,2,85000.0,170000.0
T004571,C0985,P006,D021,A005,2024-03-15,14,17575.0,246050.0
T004572,C1297,P003,D026,A006,2026-03-02,3,120000.0,360000.0
T004573,C0463,P009,D012,A003,2025-06-06,15,8075.0,121125.0
T004574,C1463,P012,D029,A008,2025-03-25,3,31000.0,93000.0
T004575,C1465,P005,D029,A008,2025-12-09,11,11875.0,130625.0
T004576,C0612,P015,D013,A004,2026-01-20,13,46550.0,605150.0
T004577,C0790,P004,D014,A004,2024-06-07,15,36100.0,541500.0
T004578,C0411,P007,D011,A002,2024-10-25,7,85000.0,595000.0
T004579,C1852,P014,D038,A013,2025-08-17,11,26600.0,292600.0
T004580,C1232,P011,D024,A005,2025-04-13,13,39900.0,518700.0
T004581,C1788,P005,D040,A013,2025-09-13,10,11875.0,118750.0
T004582,C0580,P006,D018,A004,2026-06-25,8,18500.0,148000.0
T004583,C1507,P015,D033,A009,2025-02-22,9,49000.0,441000.0
T004584,C1479,P001,D032,A009,2024-08-23,7,45000.0,315000.0
T004585,C1323,P004,D027,A007,2024-02-02,4,38000.0,152000.0
T004586,C1832,P004,D038,A013,2025-05-10,8,38000.0,304000.0
T004587,C0749,P015,D014,A004,2025-07-21,11,46550.0,512050.0
T004588,C0249,P006,D007,A001,2025-11-11,15,17575.0,263625.0
T004589,C1289,P007,D026,A006,2025-07-07,14,80750.0,1130500.0
T004590,C1403,P001,D027,A007,2026-06-11,10,42750.0,427500.0
T004591,C1097,P010,D024,A005,2026-06-13,6,22000.0,132000.0
T004592,C0406,P015,D009,A002,2025-07-30,8,49000.0,392000.0
T004593,C0990,P005,D025,A005,2024-03-29,14,11875.0,166250.0
T004594,C0610,P007,D016,A004,2024-01-13,9,85000.0,765000.0
T004595,C0827,P006,D013,A004,2024-10-23,7,18500.0,129500.0
T004596,C1230,P011,D020,A005,2026-04-09,3,42000.0,126000.0
T004597,C1435,P010,D029,A008,2024-05-28,15,20900.0,313500.0
T004598,C0449,P003,D011,A002,2025-10-18,2,120000.0,240000.0
T004599,C0775,P001,D017,A004,2024-10-23,1,45000.0,45000.0
T004600,C0520,P015,D012,A003,2026-08-03,11,46550.0,512050.0
T004601,C0383,P009,D008,A002,2024-02-08,10,8075.0,80750.0
T004602,C1510,P007,D033,A009,2025-03-04,15,80750.0,1211250.0
T004603,C1749,P009,D037,A012,2026-02-20,7,8500.0,59500.0
T004604,C0713,P002,D015,A004,2024-02-12,8,6500.0,52000.0
T004605,C1447,P011,D029,A008,2024-03-25,15,39900.0,598500.0
T004606,C1727,P010,D036,A011,2025-09-09,15,20900.0,313500.0
T004607,C1632,P013,D035,A010,2024-06-30,7,95000.0,665000.0
T004608,C0358,P011,D010,A002,2025-05-19,5,42000.0,210000.0
T004609,C1820,P009,D039,A013,2024-03-05,4,8500.0,34000.0
T004610,C0723,P006,D014,A004,2024-06-05,10,17575.0,175750.0
T004611,C0654,P011,D014,A004,2026-02-28,6,42000.0,252000.0
T004612,C0110,P014,D006,A001,2024-09-11,9,28000.0,252000.0
T004613,C0956,P013,D015,A004,2024-10-25,4,95000.0,380000.0
T004614,C0206,P005,D003,A001,2025-09-06,5,12500.0,62500.0
T004615,C0481,P011,D012,A003,2026-01-24,5,42000.0,210000.0
T004616,C0623,P014,D017,A004,2024-09-04,8,28000.0,224000.0
T004617,C1562,P011,D030,A009,2024-10-13,14,39900.0,558600.0
T004618,C1683,P001,D036,A011,2026-06-14,12,42750.0,513000.0
T004619,C0580,P001,D018,A004,2024-07-11,2,45000.0,90000.0
T004620,C1649,P002,D034,A010,2026-02-23,6,6500.0,39000.0
T004621,C1648,P004,D034,A010,2024-04-22,13,36100.0,469300.0
T004622,C1476,P001,D030,A009,2024-02-19,2,45000.0,90000.0
T004623,C0279,P011,D002,A001,2026-08-01,15,39900.0,598500.0
T004624,C1322,P007,D027,A007,2024-06-27,13,80750.0,1049750.0
T004625,C1805,P007,D040,A013,2024-05-13,13,80750.0,1049750.0
T004626,C1307,P007,D026,A006,2024-10-26,1,85000.0,85000.0
T004627,C0643,P002,D016,A004,2024-03-28,12,6175.0,74100.0
T004628,C0988,P006,D022,A005,2026-08-01,12,17575.0,210900.0
T004629,C1232,P011,D024,A005,2025-08-09,6,42000.0,252000.0
T004630,C0999,P001,D019,A005,2026-05-11,14,42750.0,598500.0
T004631,C0223,P004,D006,A001,2025-01-01,3,38000.0,114000.0
T004632,C0610,P002,D016,A004,2026-03-29,7,6500.0,45500.0
T004633,C1551,P011,D030,A009,2024-06-02,12,39900.0,478800.0
T004634,C1659,P007,D035,A010,2024-04-10,1,85000.0,85000.0
T004635,C0265,P003,D003,A001,2025-08-18,3,120000.0,360000.0
T004636,C1816,P005,D038,A013,2025-11-11,5,12500.0,62500.0
T004637,C0640,P006,D014,A004,2024-06-03,3,18500.0,55500.0
T004638,C1263,P010,D026,A006,2025-12-11,13,20900.0,271700.0
T004639,C1449,P002,D029,A008,2025-06-23,8,6500.0,52000.0
T004640,C1569,P012,D030,A009,2025-02-14,14,29450.0,412300.0
T004641,C1807,P002,D040,A013,2026-06-05,2,6500.0,13000.0
T004642,C0612,P002,D014,A004,2024-10-26,12,6175.0,74100.0
T004643,C1649,P007,D035,A010,2024-08-10,2,85000.0,170000.0
T004644,C0253,P012,D004,A001,2026-07-06,14,29450.0,412300.0
T004645,C1354,P001,D028,A007,2025-02-15,10,42750.0,427500.0
T004646,C1425,P009,D029,A008,2025-05-02,12,8075.0,96900.0
T004647,C1300,P011,D026,A006,2026-08-13,8,42000.0,336000.0
T004648,C0492,P007,D012,A003,2024-07-30,11,80750.0,888250.0
T004649,C1679,P004,D036,A011,2026-05-27,2,38000.0,76000.0
T004650,C0323,P002,D011,A002,2024-06-15,1,6500.0,6500.0
T004651,C0098,P006,D007,A001,2025-03-08,5,18500.0,92500.0
T004652,C1377,P013,D028,A007,2024-10-24,14,90250.0,1263500.0
T004653,C0933,P015,D016,A004,2025-07-20,14,46550.0,651700.0
T004654,C1635,P014,D035,A010,2024-07-29,5,28000.0,140000.0
T004655,C0733,P014,D013,A004,2026-05-06,2,28000.0,56000.0
T004656,C0323,P005,D011,A002,2026-08-23,7,12500.0,87500.0
T004657,C1607,P003,D034,A010,2026-05-13,1,120000.0,120000.0
T004658,C1055,P002,D025,A005,2024-03-22,7,6500.0,45500.0
T004659,C0368,P013,D010,A002,2024-04-10,11,90250.0,992750.0
T004660,C1385,P015,D028,A007,2025-02-04,6,49000.0,294000.0
T004661,C0999,P007,D021,A005,2024-11-28,4,85000.0,340000.0
T004662,C1143,P005,D023,A005,2026-03-22,6,12500.0,75000.0
T004663,C0893,P014,D015,A004,2024-04-15,2,28000.0,56000.0
T004664,C1595,P015,D034,A010,2026-08-11,4,49000.0,196000.0
T004665,C1597,P015,D034,A010,2025-10-09,2,49000.0,98000.0
T004666,C1367,P014,D027,A007,2025-10-16,8,28000.0,224000.0
T004667,C0201,P008,D006,A001,2025-01-19,1,54000.0,54000.0
T004668,C1611,P001,D035,A010,2024-04-19,12,42750.0,513000.0
T004669,C1287,P008,D026,A006,2026-05-07,8,54000.0,432000.0
T004670,C1334,P011,D028,A007,2024-09-11,7,42000.0,294000.0
T004671,C0699,P009,D015,A004,2024-06-08,14,8075.0,113050.0
T004672,C1687,P014,D036,A011,2026-03-27,14,26600.0,372400.0
T004673,C1393,P004,D028,A007,2024-01-19,2,38000.0,76000.0
T004674,C0211,P009,D005,A001,2025-12-14,8,8500.0,68000.0
T004675,C0782,P003,D017,A004,2024-01-22,6,120000.0,720000.0
T004676,C1698,P006,D036,A011,2026-08-01,10,17575.0,175750.0
T004677,C0076,P012,D002,A001,2025-02-03,7,31000.0,217000.0
T004678,C1829,P010,D039,A013,2024-10-21,2,22000.0,44000.0
T004679,C1303,P006,D026,A006,2024-02-06,13,17575.0,228475.0
T004680,C1206,P014,D025,A005,2025-01-25,3,28000.0,84000.0
T004681,C0522,P010,D012,A003,2025-06-06,9,22000.0,198000.0
T004682,C0482,P013,D012,A003,2024-04-01,13,90250.0,1173250.0
T004683,C1802,P008,D040,A013,2025-09-09,3,54000.0,162000.0
T004684,C0574,P002,D014,A004,2024-12-03,7,6500.0,45500.0
T004685,C1494,P012,D031,A009,2025-06-15,14,29450.0,412300.0
T004686,C0749,P003,D018,A004,2025-04-16,12,114000.0,1368000.0
T004687,C0267,P005,D007,A001,2024-06-27,8,12500.0,100000.0
T004688,C0017,P006,D006,A001,2025-05-18,4,18500.0,74000.0
T004689,C1049,P013,D019,A005,2025-11-23,15,90250.0,1353750.0
T004690,C1851,P003,D038,A013,2025-03-25,10,114000.0,1140000.0
T004691,C0710,P011,D017,A004,2025-04-11,2,42000.0,84000.0
T004692,C0687,P001,D018,A004,2024-12-03,10,42750.0,427500.0
T004693,C0666,P004,D018,A004,2026-04-06,15,36100.0,541500.0
T004694,C1016,P012,D025,A005,2026-01-26,11,29450.0,323950.0
T004695,C0851,P012,D017,A004,2024-08-17,7,31000.0,217000.0
T004696,C1687,P008,D036,A011,2025-04-09,3,54000.0,162000.0
T004697,C0991,P011,D025,A005,2026-07-15,2,42000.0,84000.0
T004698,C0995,P002,D019,A005,2025-11-06,15,6175.0,92625.0
T004699,C0267,P002,D001,A001,2025-05-01,6,6500.0,39000.0
T004700,C1870,P003,D040,A013,2025-02-18,10,114000.0,1140000.0
T004701,C0482,P012,D012,A003,2024-06-23,4,31000.0,124000.0
T004702,C0126,P014,D002,A001,2026-07-17,1,28000.0,28000.0
T004703,C1265,P006,D026,A006,2024-03-01,13,17575.0,228475.0
T004704,C1129,P014,D019,A005,2024-09-11,8,28000.0,224000.0
T004705,C0798,P008,D017,A004,2024-07-29,8,54000.0,432000.0
T004706,C0810,P002,D016,A004,2026-04-15,12,6175.0,74100.0
T004707,C1517,P009,D030,A009,2025-09-24,13,8075.0,104975.0
T004708,C0377,P010,D009,A002,2024-03-17,15,20900.0,313500.0
T004709,C1581,P010,D031,A009,2025-07-07,1,22000.0,22000.0
T004710,C1237,P008,D024,A005,2026-04-03,4,54000.0,216000.0
T004711,C0805,P008,D013,A004,2025-11-18,5,54000.0,270000.0
T004712,C0890,P006,D015,A004,2024-11-11,1,18500.0,18500.0
T004713,C0496,P001,D012,A003,2026-07-24,4,45000.0,180000.0
T004714,C1449,P003,D029,A008,2026-07-28,5,120000.0,600000.0
T004715,C1002,P009,D019,A005,2025-11-14,9,8500.0,76500.0
T004716,C0626,P006,D013,A004,2026-04-05,15,17575.0,263625.0
T004717,C1130,P008,D023,A005,2025-07-20,13,51300.0,666900.0
T004718,C1892,P006,D039,A013,2025-04-20,2,18500.0,37000.0
T004719,C0845,P015,D014,A004,2024-08-09,12,46550.0,558600.0
T004720,C1773,P007,D037,A012,2024-03-03,11,80750.0,888250.0
T004721,C0668,P004,D013,A004,2024-04-12,10,36100.0,361000.0
T004722,C0099,P002,D005,A001,2024-12-06,6,6500.0,39000.0
T004723,C0398,P004,D008,A002,2026-05-11,4,38000.0,152000.0
T004724,C0803,P010,D013,A004,2025-04-22,1,22000.0,22000.0
T004725,C0421,P001,D011,A002,2024-04-09,13,42750.0,555750.0
T004726,C0002,P005,D003,A001,2025-06-13,3,12500.0,37500.0
T004727,C1755,P003,D037,A012,2025-04-04,12,114000.0,1368000.0
T004728,C1620,P015,D035,A010,2024-09-06,3,49000.0,147000.0
T004729,C1429,P007,D029,A008,2026-05-04,3,85000.0,255000.0
T004730,C0322,P015,D009,A002,2025-01-28,13,46550.0,605150.0
T004731,C0224,P014,D004,A001,2024-06-11,15,26600.0,399000.0
T004732,C0116,P009,D007,A001,2025-11-08,10,8075.0,80750.0
T004733,C1391,P012,D028,A007,2024-01-12,15,29450.0,441750.0
T004734,C1784,P013,D041,A013,2025-07-06,14,90250.0,1263500.0
T004735,C0829,P012,D016,A004,2026-01-31,12,29450.0,353400.0
T004736,C0220,P008,D003,A001,2024-10-28,3,54000.0,162000.0
T004737,C1002,P011,D021,A005,2026-07-14,2,42000.0,84000.0
T004738,C0671,P008,D015,A004,2024-01-10,10,51300.0,513000.0
T004739,C0719,P008,D015,A004,2025-09-07,12,51300.0,615600.0
T004740,C1183,P001,D019,A005,2024-08-17,15,42750.0,641250.0
T004741,C1384,P001,D028,A007,2026-01-25,11,42750.0,470250.0
T004742,C0207,P010,D001,A001,2026-05-13,5,22000.0,110000.0
T004743,C0057,P005,D001,A001,2024-02-20,1,12500.0,12500.0
T004744,C1888,P012,D041,A013,2024-09-17,14,29450.0,412300.0
T004745,C0449,P013,D009,A002,2024-10-29,12,90250.0,1083000.0
T004746,C0099,P007,D001,A001,2024-10-15,15,80750.0,1211250.0
T004747,C0370,P007,D011,A002,2024-05-17,6,85000.0,510000.0
T004748,C0059,P009,D001,A001,2025-12-14,8,8500.0,68000.0
T004749,C0748,P009,D013,A004,2024-06-23,11,8075.0,88825.0
T004750,C1551,P011,D032,A009,2024-03-02,9,42000.0,378000.0
T004751,C0660,P001,D015,A004,2024-09-03,2,45000.0,90000.0
T004752,C0860,P015,D013,A004,2026-03-05,8,49000.0,392000.0
T004753,C1297,P008,D026,A006,2026-05-27,13,51300.0,666900.0
T004754,C0997,P013,D025,A005,2026-04-14,2,95000.0,190000.0
T004755,C1659,P014,D034,A010,2025-12-18,4,28000.0,112000.0
T004756,C1668,P003,D035,A010,2024-11-10,7,120000.0,840000.0
T004757,C0017,P005,D004,A001,2025-08-30,7,12500.0,87500.0
T004758,C1500,P015,D031,A009,2024-09-14,11,46550.0,512050.0
T004759,C0893,P003,D017,A004,2026-07-05,13,114000.0,1482000.0
T004760,C1880,P004,D041,A013,2025-10-09,3,38000.0,114000.0
T004761,C0953,P013,D016,A004,2026-08-13,12,90250.0,1083000.0
T004762,C1876,P008,D040,A013,2025-08-11,2,54000.0,108000.0
T004763,C1455,P015,D029,A008,2024-01-21,15,46550.0,698250.0
T004764,C0481,P014,D012,A003,2026-07-07,7,28000.0,196000.0
T004765,C1039,P011,D024,A005,2024-10-23,9,42000.0,378000.0
T004766,C1884,P001,D041,A013,2026-02-08,4,45000.0,180000.0
T004767,C1648,P008,D035,A010,2026-04-02,5,54000.0,270000.0
T004768,C0181,P001,D003,A001,2024-09-11,5,45000.0,225000.0
T004769,C1357,P009,D028,A007,2024-05-05,7,8500.0,59500.0
T004770,C0669,P008,D016,A004,2026-04-06,8,54000.0,432000.0
T004771,C0011,P012,D005,A001,2024-03-24,10,29450.0,294500.0
T004772,C0768,P007,D015,A004,2024-05-09,6,85000.0,510000.0
T004773,C0453,P008,D011,A002,2026-06-04,10,51300.0,513000.0
T004774,C1578,P006,D033,A009,2026-02-09,14,17575.0,246050.0
T004775,C0651,P006,D018,A004,2025-03-22,12,17575.0,210900.0
T004776,C1595,P011,D035,A010,2025-05-11,1,42000.0,42000.0
T004777,C0002,P008,D004,A001,2026-07-27,14,51300.0,718200.0
T004778,C0589,P014,D016,A004,2026-08-25,15,26600.0,399000.0
T004779,C0467,P012,D012,A003,2025-12-14,2,31000.0,62000.0
T004780,C0452,P005,D008,A002,2025-10-17,14,11875.0,166250.0
T004781,C0119,P013,D003,A001,2024-05-15,6,95000.0,570000.0
T004782,C0362,P015,D010,A002,2026-08-14,12,46550.0,558600.0
T004783,C1062,P012,D024,A005,2025-11-01,8,31000.0,248000.0
T004784,C0562,P004,D014,A004,2026-04-27,6,38000.0,228000.0
T004785,C0802,P015,D015,A004,2024-01-28,10,46550.0,465500.0
T004786,C0723,P008,D014,A004,2025-04-26,15,51300.0,769500.0
T004787,C1683,P012,D036,A011,2025-05-01,7,31000.0,217000.0
T004788,C1738,P008,D037,A012,2026-08-27,12,51300.0,615600.0
T004789,C0964,P014,D014,A004,2026-01-23,15,26600.0,399000.0
T004790,C0641,P004,D016,A004,2026-08-05,7,38000.0,266000.0
T004791,C0201,P013,D004,A001,2025-03-21,11,90250.0,992750.0
T004792,C1817,P013,D040,A013,2024-07-20,12,90250.0,1083000.0
T004793,C0109,P007,D007,A001,2024-04-15,7,85000.0,595000.0
T004794,C0571,P008,D018,A004,2025-06-22,5,54000.0,270000.0
T004795,C0574,P005,D017,A004,2024-03-07,10,11875.0,118750.0
T004796,C0626,P006,D013,A004,2026-05-25,14,17575.0,246050.0
T004797,C0313,P003,D010,A002,2024-02-06,2,120000.0,240000.0
T004798,C1508,P008,D030,A009,2025-05-06,10,51300.0,513000.0
T004799,C0228,P001,D001,A001,2025-06-20,2,45000.0,90000.0
T004800,C1213,P014,D024,A005,2025-08-16,1,28000.0,28000.0
T004801,C0237,P004,D002,A001,2026-05-01,7,38000.0,266000.0
T004802,C0122,P005,D005,A001,2024-10-15,2,12500.0,25000.0
T004803,C1749,P010,D037,A012,2026-07-18,10,20900.0,209000.0
T004804,C0370,P010,D010,A002,2025-03-06,15,20900.0,313500.0
T004805,C1583,P009,D031,A009,2025-07-20,8,8500.0,68000.0
T004806,C1049,P006,D023,A005,2024-12-23,2,18500.0,37000.0
T004807,C0143,P014,D002,A001,2025-07-30,14,26600.0,372400.0
T004808,C1820,P007,D041,A013,2025-11-27,7,85000.0,595000.0
T004809,C0478,P015,D012,A003,2026-04-26,4,49000.0,196000.0
T004810,C1654,P015,D035,A010,2026-06-26,3,49000.0,147000.0
T004811,C0323,P012,D011,A002,2024-09-04,5,31000.0,155000.0
T004812,C1642,P012,D034,A010,2024-01-10,14,29450.0,412300.0
T004813,C0021,P003,D006,A001,2026-03-22,2,120000.0,240000.0
T004814,C1001,P003,D021,A005,2024-02-17,14,114000.0,1596000.0
T004815,C1483,P010,D031,A009,2024-10-11,14,20900.0,292600.0
T004816,C1789,P009,D039,A013,2025-12-08,8,8500.0,68000.0
T004817,C1749,P013,D037,A012,2025-08-26,15,90250.0,1353750.0
T004818,C1579,P014,D032,A009,2026-05-31,10,26600.0,266000.0
T004819,C1706,P008,D036,A011,2025-06-02,8,54000.0,432000.0
T004820,C0385,P010,D008,A002,2024-02-23,5,22000.0,110000.0
T004821,C0549,P013,D014,A004,2025-09-03,7,95000.0,665000.0
T004822,C0556,P014,D018,A004,2024-10-15,2,28000.0,56000.0
T004823,C0723,P009,D013,A004,2024-05-24,1,8500.0,8500.0
T004824,C0749,P001,D016,A004,2026-04-05,2,45000.0,90000.0
T004825,C1049,P005,D020,A005,2026-03-16,12,11875.0,142500.0
T004826,C0307,P006,D004,A001,2025-06-25,15,17575.0,263625.0
T004827,C1322,P006,D028,A007,2024-01-31,2,18500.0,37000.0
T004828,C0319,P011,D008,A002,2024-02-01,15,39900.0,598500.0
T004829,C0599,P007,D016,A004,2026-05-13,4,85000.0,340000.0
T004830,C0989,P001,D024,A005,2025-12-15,12,42750.0,513000.0
T004831,C1535,P010,D031,A009,2024-04-04,15,20900.0,313500.0
T004832,C1422,P004,D029,A008,2024-07-08,2,38000.0,76000.0
T004833,C1232,P004,D020,A005,2026-05-03,10,36100.0,361000.0
T004834,C0296,P014,D007,A001,2024-01-06,2,28000.0,56000.0
T004835,C1053,P007,D020,A005,2024-03-19,14,80750.0,1130500.0
T004836,C0158,P003,D006,A001,2025-11-24,15,114000.0,1710000.0
T004837,C0724,P004,D017,A004,2025-01-25,6,38000.0,228000.0
T004838,C0797,P007,D013,A004,2024-06-24,15,80750.0,1211250.0
T004839,C0061,P005,D002,A001,2024-12-15,9,12500.0,112500.0
T004840,C0531,P002,D012,A003,2026-04-29,9,6500.0,58500.0
T004841,C1820,P005,D040,A013,2024-02-23,2,12500.0,25000.0
T004842,C1817,P010,D040,A013,2025-09-17,15,20900.0,313500.0
T004843,C0680,P010,D014,A004,2026-03-29,15,20900.0,313500.0
T004844,C0070,P013,D004,A001,2025-05-11,10,90250.0,902500.0
T004845,C0351,P015,D010,A002,2025-01-20,3,49000.0,147000.0
T004846,C0748,P003,D014,A004,2024-11-13,7,120000.0,840000.0
T004847,C1812,P005,D041,A013,2026-02-14,2,12500.0,25000.0
T004848,C0269,P015,D001,A001,2026-01-26,9,49000.0,441000.0
T004849,C1475,P002,D029,A008,2025-07-29,9,6500.0,58500.0
T004850,C0205,P001,D001,A001,2025-08-04,8,45000.0,360000.0
T004851,C1869,P008,D038,A013,2025-07-24,3,54000.0,162000.0
T004852,C0729,P006,D013,A004,2024-09-25,5,18500.0,92500.0
T004853,C1494,P005,D031,A009,2025-10-01,15,11875.0,178125.0
T004854,C0665,P013,D018,A004,2024-01-20,9,95000.0,855000.0
T004855,C1197,P002,D021,A005,2026-04-18,2,6500.0,13000.0
T004856,C0373,P013,D009,A002,2025-02-24,9,95000.0,855000.0
T004857,C0278,P003,D003,A001,2024-03-05,7,120000.0,840000.0
T004858,C1794,P003,D038,A013,2025-03-31,7,120000.0,840000.0
T004859,C1759,P001,D037,A012,2025-07-01,2,45000.0,90000.0
T004860,C1705,P003,D036,A011,2025-09-02,12,114000.0,1368000.0
T004861,C1188,P002,D024,A005,2024-02-18,6,6500.0,39000.0
T004862,C1560,P006,D030,A009,2024-01-30,13,17575.0,228475.0
T004863,C0122,P014,D004,A001,2024-12-22,13,26600.0,345800.0
T004864,C0647,P001,D016,A004,2026-07-23,8,45000.0,360000.0
T004865,C0613,P006,D015,A004,2025-04-12,7,18500.0,129500.0
T004866,C1213,P008,D025,A005,2024-02-16,7,54000.0,378000.0
T004867,C0684,P012,D014,A004,2026-03-28,14,29450.0,412300.0
T004868,C0281,P014,D001,A001,2024-09-22,4,28000.0,112000.0
T004869,C1130,P002,D021,A005,2024-06-11,8,6500.0,52000.0
T004870,C1573,P004,D031,A009,2025-03-08,14,36100.0,505400.0
T004871,C0729,P001,D017,A004,2025-11-25,10,42750.0,427500.0
T004872,C0253,P010,D005,A001,2026-04-07,5,22000.0,110000.0
T004873,C0379,P007,D008,A002,2024-04-02,3,85000.0,255000.0
T004874,C0457,P013,D009,A002,2024-03-03,9,95000.0,855000.0
T004875,C0575,P009,D017,A004,2024-02-09,3,8500.0,25500.0
T004876,C1225,P002,D025,A005,2025-02-17,14,6175.0,86450.0
T004877,C1136,P007,D024,A005,2024-09-03,8,85000.0,680000.0
T004878,C1333,P010,D028,A007,2026-06-25,15,20900.0,313500.0
T004879,C0695,P015,D016,A004,2026-02-10,2,49000.0,98000.0
T004880,C1588,P007,D032,A009,2025-07-08,14,80750.0,1130500.0
T004881,C0397,P014,D008,A002,2024-05-15,13,26600.0,345800.0
T004882,C0920,P004,D014,A004,2026-04-08,1,38000.0,38000.0
T004883,C1546,P006,D030,A009,2026-04-04,9,18500.0,166500.0
T004884,C0355,P008,D011,A002,2026-04-19,4,54000.0,216000.0
T004885,C0207,P014,D007,A001,2025-07-02,15,26600.0,399000.0
T004886,C1695,P013,D036,A011,2024-02-22,11,90250.0,992750.0
T004887,C0665,P009,D015,A004,2024-09-03,14,8075.0,113050.0
T004888,C1309,P001,D026,A006,2024-10-10,7,45000.0,315000.0
T004889,C0042,P011,D006,A001,2025-02-28,1,42000.0,42000.0
T004890,C1322,P011,D028,A007,2026-06-27,1,42000.0,42000.0
T004891,C0620,P006,D017,A004,2026-03-26,1,18500.0,18500.0
T004892,C0101,P001,D006,A001,2026-04-30,6,45000.0,270000.0
T004893,C1164,P008,D019,A005,2024-05-09,8,54000.0,432000.0
T004894,C0466,P008,D012,A003,2024-09-26,6,54000.0,324000.0
T004895,C0742,P013,D013,A004,2024-11-24,15,90250.0,1353750.0
T004896,C0149,P015,D005,A001,2025-07-12,15,46550.0,698250.0
T004897,C0279,P004,D005,A001,2025-06-04,13,36100.0,469300.0
T004898,C0573,P001,D016,A004,2024-06-12,9,45000.0,405000.0
T004899,C0161,P003,D003,A001,2024-11-18,4,120000.0,480000.0
T004900,C1751,P009,D037,A012,2024-03-15,6,8500.0,51000.0
T004901,C0009,P003,D003,A001,2025-04-24,2,120000.0,240000.0
T004902,C0954,P011,D015,A004,2024-01-14,12,39900.0,478800.0
T004903,C0232,P012,D001,A001,2026-06-17,9,31000.0,279000.0
T004904,C0589,P012,D013,A004,2026-04-21,5,31000.0,155000.0
T004905,C1781,P001,D041,A013,2024-09-21,11,42750.0,470250.0
T004906,C0309,P002,D003,A001,2025-03-14,10,6175.0,61750.0
T004907,C1832,P013,D039,A013,2025-04-29,7,95000.0,665000.0
T004908,C0404,P010,D010,A002,2025-04-03,4,22000.0,88000.0
T004909,C1424,P010,D029,A008,2025-11-21,6,22000.0,132000.0
T004910,C1053,P001,D021,A005,2025-02-26,4,45000.0,180000.0
T004911,C1696,P005,D036,A011,2024-07-27,8,12500.0,100000.0
T004912,C1062,P003,D024,A005,2024-11-16,9,120000.0,1080000.0
T004913,C1030,P010,D021,A005,2026-06-09,4,22000.0,88000.0
T004914,C0376,P012,D009,A002,2024-03-27,11,29450.0,323950.0
T004915,C0316,P010,D010,A002,2025-01-16,7,22000.0,154000.0
T004916,C1756,P009,D037,A012,2024-04-21,15,8075.0,121125.0
T004917,C0639,P015,D013,A004,2025-06-30,8,49000.0,392000.0
T004918,C0716,P013,D014,A004,2024-09-02,11,90250.0,992750.0
T004919,C1465,P013,D029,A008,2024-09-03,14,90250.0,1263500.0
T004920,C0651,P004,D013,A004,2025-11-08,10,36100.0,361000.0
T004921,C1816,P010,D039,A013,2025-05-22,1,22000.0,22000.0
T004922,C1421,P013,D029,A008,2026-08-09,7,95000.0,665000.0
T004923,C1132,P008,D024,A005,2024-06-05,7,54000.0,378000.0
T004924,C1689,P012,D036,A011,2025-03-12,4,31000.0,124000.0
T004925,C0086,P008,D002,A001,2025-06-26,1,54000.0,54000.0
T004926,C0496,P015,D012,A003,2025-07-31,8,49000.0,392000.0
T004927,C0907,P009,D014,A004,2024-10-28,8,8500.0,68000.0
T004928,C0437,P002,D011,A002,2024-05-21,2,6500.0,13000.0
T004929,C1433,P013,D029,A008,2026-05-09,4,95000.0,380000.0
T004930,C1764,P011,D037,A012,2026-06-19,7,42000.0,294000.0
T004931,C0813,P007,D016,A004,2026-05-24,13,80750.0,1049750.0
T004932,C0664,P015,D014,A004,2025-05-13,10,46550.0,465500.0
T004933,C1829,P003,D040,A013,2025-01-21,6,120000.0,720000.0
T004934,C0863,P002,D018,A004,2025-04-05,10,6175.0,61750.0
T004935,C0958,P010,D017,A004,2026-03-16,8,22000.0,176000.0
T004936,C0678,P009,D013,A004,2025-06-27,4,8500.0,34000.0
T004937,C1749,P015,D037,A012,2026-06-25,12,46550.0,558600.0
T004938,C1090,P009,D023,A005,2024-02-15,14,8075.0,113050.0
T004939,C1473,P005,D029,A008,2026-07-10,13,11875.0,154375.0
T004940,C1569,P012,D031,A009,2025-01-31,1,31000.0,31000.0
T004941,C0662,P009,D018,A004,2024-01-31,7,8500.0,59500.0
T004942,C0839,P001,D015,A004,2026-08-02,11,42750.0,470250.0
T004943,C1635,P005,D034,A010,2025-10-17,1,12500.0,12500.0
T004944,C0699,P012,D014,A004,2025-03-31,9,31000.0,279000.0
T004945,C1528,P012,D031,A009,2025-03-25,2,31000.0,62000.0
T004946,C1799,P001,D040,A013,2026-07-05,2,45000.0,90000.0
T004947,C1187,P011,D019,A005,2024-08-28,11,39900.0,438900.0
T004948,C1424,P014,D029,A008,2024-05-02,14,26600.0,372400.0
T004949,C1558,P005,D033,A009,2025-08-31,10,11875.0,118750.0
T004950,C1629,P014,D034,A010,2025-05-23,9,28000.0,252000.0
T004951,C0755,P006,D018,A004,2026-06-03,10,17575.0,175750.0
T004952,C0093,P005,D007,A001,2024-01-15,15,11875.0,178125.0
T004953,C0766,P005,D013,A004,2026-02-21,2,12500.0,25000.0
T004954,C1292,P007,D026,A006,2024-04-29,10,80750.0,807500.0
T004955,C0877,P014,D016,A004,2024-12-17,11,26600.0,292600.0
T004956,C1446,P005,D029,A008,2024-09-26,6,12500.0,75000.0
T004957,C0687,P010,D014,A004,2025-08-09,10,20900.0,209000.0
T004958,C1213,P012,D022,A005,2025-04-28,10,29450.0,294500.0
T004959,C0362,P006,D010,A002,2024-04-16,4,18500.0,74000.0
T004960,C1446,P004,D029,A008,2025-11-18,9,38000.0,342000.0
T004961,C1052,P013,D020,A005,2026-05-04,9,95000.0,855000.0
T004962,C0397,P003,D010,A002,2025-10-24,15,114000.0,1710000.0
T004963,C0566,P003,D017,A004,2025-02-26,15,114000.0,1710000.0
T004964,C1446,P007,D029,A008,2025-05-24,5,85000.0,425000.0
T004965,C0952,P004,D016,A004,2025-10-29,15,36100.0,541500.0
T004966,C0415,P003,D011,A002,2024-05-29,8,120000.0,960000.0
T004967,C1835,P001,D038,A013,2026-01-17,2,45000.0,90000.0
T004968,C1374,P014,D028,A007,2025-10-13,14,26600.0,372400.0
T004969,C1820,P010,D038,A013,2025-08-03,15,20900.0,313500.0
T004970,C0826,P007,D015,A004,2026-05-04,11,80750.0,888250.0
T004971,C0931,P005,D018,A004,2024-09-11,1,12500.0,12500.0
T004972,C1731,P005,D037,A012,2024-05-13,11,11875.0,130625.0
T004973,C1019,P013,D024,A005,2025-12-08,3,95000.0,285000.0
T004974,C1361,P012,D027,A007,2024-12-14,11,29450.0,323950.0
T004975,C0490,P008,D012,A003,2024-02-27,8,54000.0,432000.0
T004976,C0867,P006,D016,A004,2025-08-06,15,17575.0,263625.0
T004977,C0235,P009,D006,A001,2025-11-14,7,8500.0,59500.0
T004978,C0406,P004,D010,A002,2024-01-01,11,36100.0,397100.0
T004979,C0002,P003,D002,A001,2025-04-14,7,120000.0,840000.0
T004980,C0060,P005,D007,A001,2025-11-18,7,12500.0,87500.0
T004981,C1855,P015,D040,A013,2024-03-03,14,46550.0,651700.0
T004982,C0467,P008,D012,A003,2024-03-22,2,54000.0,108000.0
T004983,C1265,P010,D026,A006,2024-07-15,12,20900.0,250800.0
T004984,C1611,P010,D035,A010,2026-08-03,6,22000.0,132000.0
T004985,C1059,P012,D019,A005,2025-11-20,6,31000.0,186000.0
T004986,C0294,P012,D007,A001,2026-05-10,15,29450.0,441750.0
T004987,C1402,P002,D028,A007,2026-08-03,5,6500.0,32500.0
T004988,C1136,P003,D023,A005,2025-05-21,8,120000.0,960000.0
T004989,C1410,P004,D027,A007,2026-03-05,12,36100.0,433200.0
T004990,C1483,P008,D033,A009,2026-08-29,15,51300.0,769500.0
T004991,C1849,P012,D038,A013,2024-10-29,14,29450.0,412300.0
T004992,C1096,P011,D025,A005,2025-02-06,12,39900.0,478800.0
T004993,C0661,P014,D018,A004,2026-04-04,9,28000.0,252000.0
T004994,C1236,P013,D019,A005,2025-02-23,8,95000.0,760000.0
T004995,C0120,P001,D001,A001,2025-09-02,10,42750.0,427500.0
T004996,C1729,P010,D036,A011,2025-08-15,10,20900.0,209000.0
T004997,C0220,P002,D002,A001,2025-05-29,3,6500.0,19500.0
T004998,C0639,P008,D013,A004,2026-07-30,14,51300.0,718200.0
T004999,C1577,P006,D032,A009,2025-04-25,10,17575.0,175750.0
T005000,C1132,P014,D023,A005,2026-01-31,5,28000.0,140000.0
T005001,C0749,P006,D013,A004,2025-10-28,3,18500.0,55500.0
T005002,C0926,P001,D018,A004,2026-06-09,8,45000.0,360000.0
T005003,C1646,P014,D034,A010,2024-03-13,12,26600.0,319200.0
T005004,C0658,P004,D015,A004,2026-08-13,8,38000.0,304000.0
T005005,C1674,P014,D036,A011,2025-09-26,1,28000.0,28000.0
T005006,C0158,P002,D002,A001,2025-06-19,3,6500.0,19500.0
T005007,C1496,P007,D032,A009,2025-10-14,3,85000.0,255000.0
T005008,C1633,P005,D035,A010,2026-02-25,8,12500.0,100000.0
T005009,C0357,P011,D011,A002,2024-02-23,8,42000.0,336000.0
T005010,C0829,P010,D015,A004,2026-08-27,11,20900.0,229900.0
T005011,C0316,P007,D009,A002,2024-07-08,8,85000.0,680000.0
T005012,C1358,P014,D027,A007,2024-05-13,7,28000.0,196000.0
T005013,C1032,P008,D023,A005,2025-06-21,1,54000.0,54000.0
T005014,C1213,P010,D025,A005,2026-01-30,14,20900.0,292600.0
T005015,C0379,P008,D011,A002,2025-11-10,6,54000.0,324000.0
T005016,C0412,P010,D011,A002,2026-05-05,14,20900.0,292600.0
T005017,C0069,P005,D003,A001,2024-10-10,5,12500.0,62500.0
T005018,C0629,P011,D014,A004,2025-06-03,15,39900.0,598500.0
T005019,C1071,P003,D023,A005,2024-06-18,7,120000.0,840000.0
T005020,C1649,P013,D035,A010,2024-04-17,6,95000.0,570000.0
T005021,C1279,P015,D026,A006,2025-04-02,14,46550.0,651700.0
T005022,C0845,P006,D018,A004,2024-12-05,12,17575.0,210900.0
T005023,C1817,P011,D041,A013,2025-08-10,13,39900.0,518700.0
T005024,C1384,P005,D028,A007,2024-12-03,15,11875.0,178125.0
T005025,C1785,P012,D038,A013,2026-05-29,8,31000.0,248000.0
T005026,C1024,P013,D019,A005,2026-04-01,1,95000.0,95000.0
T005027,C0497,P011,D012,A003,2026-06-28,14,39900.0,558600.0
T005028,C0094,P008,D001,A001,2026-02-25,1,54000.0,54000.0
T005029,C1395,P004,D027,A007,2026-06-14,11,36100.0,397100.0
T005030,C0228,P006,D002,A001,2026-06-27,8,18500.0,148000.0
T005031,C0580,P009,D016,A004,2025-10-10,10,8075.0,80750.0
T005032,C1027,P008,D021,A005,2025-11-22,14,51300.0,718200.0
T005033,C1084,P009,D024,A005,2025-09-17,8,8500.0,68000.0
T005034,C1136,P006,D020,A005,2025-11-15,5,18500.0,92500.0
T005035,C0316,P001,D011,A002,2024-11-28,8,45000.0,360000.0
T005036,C0728,P011,D015,A004,2024-09-14,11,39900.0,438900.0
T005037,C1178,P010,D024,A005,2025-08-01,7,22000.0,154000.0
T005038,C1837,P013,D041,A013,2024-06-29,11,90250.0,992750.0
T005039,C1401,P010,D027,A007,2026-02-24,8,22000.0,176000.0
T005040,C1776,P008,D039,A013,2025-11-12,11,51300.0,564300.0
T005041,C1473,P001,D029,A008,2025-11-21,2,45000.0,90000.0
T005042,C1123,P002,D025,A005,2024-02-01,4,6500.0,26000.0
T005043,C0373,P001,D011,A002,2024-12-29,10,42750.0,427500.0
T005044,C1279,P007,D026,A006,2025-09-26,7,85000.0,595000.0
T005045,C1187,P001,D019,A005,2026-01-07,6,45000.0,270000.0
T005046,C1139,P001,D025,A005,2024-03-24,1,45000.0,45000.0
T005047,C0960,P007,D018,A004,2024-11-07,8,85000.0,680000.0
T005048,C1024,P014,D022,A005,2025-01-06,12,26600.0,319200.0
T005049,C0647,P011,D016,A004,2025-05-06,5,42000.0,210000.0
T005050,C1012,P009,D021,A005,2025-09-21,1,8500.0,8500.0
T005051,C0383,P013,D010,A002,2026-07-01,14,90250.0,1263500.0
T005052,C1558,P012,D033,A009,2025-10-13,1,31000.0,31000.0
T005053,C0360,P006,D009,A002,2026-05-20,14,17575.0,246050.0
T005054,C0152,P013,D007,A001,2024-10-30,3,95000.0,285000.0
T005055,C0846,P002,D018,A004,2026-07-01,14,6175.0,86450.0
T005056,C1254,P010,D026,A006,2024-04-24,6,22000.0,132000.0
T005057,C0849,P007,D016,A004,2024-05-04,7,85000.0,595000.0
T005058,C0534,P008,D012,A003,2024-12-05,10,51300.0,513000.0
T005059,C1070,P014,D023,A005,2025-10-17,14,26600.0,372400.0
T005060,C0670,P004,D013,A004,2025-08-31,10,36100.0,361000.0
T005061,C1787,P010,D041,A013,2025-11-20,1,22000.0,22000.0
T005062,C1776,P002,D039,A013,2024-06-02,10,6175.0,61750.0
T005063,C0989,P008,D023,A005,2025-06-13,5,54000.0,270000.0
T005064,C0639,P009,D017,A004,2024-06-05,5,8500.0,42500.0
T005065,C1421,P009,D029,A008,2025-07-04,11,8075.0,88825.0
T005066,C0058,P015,D005,A001,2024-07-10,12,46550.0,558600.0
T005067,C0928,P010,D018,A004,2025-03-26,2,22000.0,44000.0
T005068,C0650,P006,D013,A004,2024-04-28,13,17575.0,228475.0
T005069,C1773,P007,D037,A012,2026-05-28,3,85000.0,255000.0
T005070,C0021,P007,D004,A001,2026-02-22,12,80750.0,969000.0
T005071,C1060,P003,D023,A005,2024-07-05,5,120000.0,600000.0
T005072,C1423,P014,D029,A008,2025-10-18,4,28000.0,112000.0
T005073,C0955,P005,D018,A004,2025-10-17,3,12500.0,37500.0
T005074,C0152,P006,D005,A001,2025-02-22,11,17575.0,193325.0
T005075,C1841,P004,D038,A013,2026-06-22,11,36100.0,397100.0
T005076,C1009,P002,D024,A005,2024-09-04,7,6500.0,45500.0
T005077,C1173,P008,D023,A005,2024-02-19,5,54000.0,270000.0
T005078,C0455,P001,D010,A002,2025-11-29,13,42750.0,555750.0
T005079,C0953,P004,D017,A004,2024-09-18,15,36100.0,541500.0
T005080,C0828,P014,D018,A004,2025-10-02,2,28000.0,56000.0
T005081,C0126,P014,D005,A001,2025-09-02,1,28000.0,28000.0
T005082,C0201,P011,D001,A001,2025-10-17,7,42000.0,294000.0
T005083,C1609,P014,D034,A010,2025-03-15,15,26600.0,399000.0
T005084,C0465,P002,D012,A003,2026-02-16,8,6500.0,52000.0
T005085,C0376,P001,D011,A002,2026-06-28,14,42750.0,598500.0
T005086,C0991,P009,D024,A005,2024-12-18,9,8500.0,76500.0
T005087,C1481,P010,D033,A009,2025-05-11,12,20900.0,250800.0
T005088,C0110,P008,D002,A001,2024-10-18,1,54000.0,54000.0
T005089,C1099,P002,D024,A005,2026-03-16,9,6500.0,58500.0
T005090,C0220,P010,D004,A001,2024-07-01,13,20900.0,271700.0
T005091,C0057,P015,D004,A001,2025-03-05,5,49000.0,245000.0
T005092,C0094,P014,D003,A001,2026-06-03,9,28000.0,252000.0
T005093,C1604,P010,D034,A010,2024-03-25,1,22000.0,22000.0
T005094,C0216,P005,D005,A001,2026-05-05,3,12500.0,37500.0
T005095,C0073,P013,D004,A001,2024-02-26,9,95000.0,855000.0
T005096,C0849,P007,D017,A004,2024-06-25,4,85000.0,340000.0
T005097,C1621,P005,D034,A010,2025-12-11,5,12500.0,62500.0
T005098,C0511,P009,D012,A003,2024-04-30,2,8500.0,17000.0
T005099,C0810,P010,D015,A004,2026-03-08,2,22000.0,44000.0
T005100,C0061,P004,D005,A001,2025-07-12,13,36100.0,469300.0
T005101,C0870,P003,D014,A004,2025-04-26,6,120000.0,720000.0
T005102,C1100,P004,D019,A005,2025-04-18,6,38000.0,228000.0
T005103,C1091,P012,D020,A005,2024-05-30,5,31000.0,155000.0
T005104,C0645,P004,D017,A004,2024-12-23,13,36100.0,469300.0
T005105,C0617,P006,D016,A004,2024-06-18,9,18500.0,166500.0
T005106,C0201,P001,D001,A001,2025-03-06,12,42750.0,513000.0
T005107,C0706,P012,D017,A004,2024-02-15,15,29450.0,441750.0
T005108,C0184,P005,D001,A001,2025-05-02,14,11875.0,166250.0
T005109,C1480,P006,D032,A009,2025-06-18,8,18500.0,148000.0
T005110,C1834,P012,D041,A013,2024-01-24,13,29450.0,382850.0
T005111,C1837,P006,D041,A013,2026-01-11,4,18500.0,74000.0
T005112,C1668,P009,D034,A010,2026-04-26,11,8075.0,88825.0
T005113,C1136,P012,D024,A005,2024-03-25,7,31000.0,217000.0
T005114,C1339,P006,D027,A007,2026-05-20,3,18500.0,55500.0
T005115,C0549,P013,D014,A004,2026-05-05,5,95000.0,475000.0
T005116,C1204,P008,D022,A005,2026-08-05,6,54000.0,324000.0
T005117,C0884,P011,D016,A004,2024-08-04,12,39900.0,478800.0
T005118,C0949,P010,D017,A004,2025-04-28,1,22000.0,22000.0
T005119,C1463,P014,D029,A008,2024-09-11,9,28000.0,252000.0
T005120,C0545,P002,D012,A003,2025-12-22,3,6500.0,19500.0
T005121,C0623,P014,D017,A004,2025-02-03,13,26600.0,345800.0
T005122,C1777,P004,D041,A013,2026-03-22,13,36100.0,469300.0
T005123,C0101,P003,D006,A001,2024-12-01,15,114000.0,1710000.0
T005124,C0956,P009,D018,A004,2024-07-29,13,8075.0,104975.0
T005125,C1753,P005,D037,A012,2025-08-25,10,11875.0,118750.0
T005126,C1164,P001,D022,A005,2024-03-17,9,45000.0,405000.0
T005127,C1053,P012,D022,A005,2025-08-06,10,29450.0,294500.0
T005128,C0482,P002,D012,A003,2026-08-31,7,6500.0,45500.0
T005129,C0665,P003,D017,A004,2024-05-24,2,120000.0,240000.0
T005130,C1637,P012,D035,A010,2024-01-16,5,31000.0,155000.0
T005131,C1071,P008,D025,A005,2026-03-28,2,54000.0,108000.0
T005132,C1003,P001,D021,A005,2025-01-20,10,42750.0,427500.0
T005133,C0184,P015,D002,A001,2024-11-19,11,46550.0,512050.0
T005134,C0026,P002,D002,A001,2024-08-07,6,6500.0,39000.0
T005135,C1830,P011,D038,A013,2025-11-24,9,42000.0,378000.0
T005136,C0723,P013,D013,A004,2025-06-21,2,95000.0,190000.0
T005137,C1139,P005,D023,A005,2026-02-01,3,12500.0,37500.0
T005138,C0147,P007,D005,A001,2024-01-31,9,85000.0,765000.0
T005139,C1308,P005,D026,A006,2026-03-11,13,11875.0,154375.0
T005140,C1786,P013,D038,A013,2026-05-10,4,95000.0,380000.0
T005141,C1098,P008,D025,A005,2025-03-02,4,54000.0,216000.0
T005142,C0243,P002,D006,A001,2025-08-24,2,6500.0,13000.0
T005143,C1105,P004,D023,A005,2026-07-02,5,38000.0,190000.0
T005144,C1480,P008,D033,A009,2024-12-03,13,51300.0,666900.0
T005145,C0779,P009,D013,A004,2025-07-23,13,8075.0,104975.0
T005146,C1687,P008,D036,A011,2025-04-18,3,54000.0,162000.0
T005147,C1237,P002,D019,A005,2024-06-12,7,6500.0,45500.0
T005148,C1731,P001,D037,A012,2024-02-28,3,45000.0,135000.0
T005149,C1187,P009,D019,A005,2025-04-03,13,8075.0,104975.0
T005150,C0252,P003,D004,A001,2026-05-26,6,120000.0,720000.0
T005151,C0599,P009,D015,A004,2025-09-17,13,8075.0,104975.0
T005152,C0393,P005,D008,A002,2025-01-25,6,12500.0,75000.0
T005153,C1746,P002,D037,A012,2024-01-10,10,6175.0,61750.0
T005154,C1465,P015,D029,A008,2025-04-15,10,46550.0,465500.0
T005155,C1298,P004,D026,A006,2026-06-07,11,36100.0,397100.0
T005156,C0578,P002,D014,A004,2025-11-09,8,6500.0,52000.0
T005157,C0360,P015,D008,A002,2026-05-02,10,46550.0,465500.0
T005158,C1461,P010,D029,A008,2024-03-25,14,20900.0,292600.0
T005159,C0926,P008,D016,A004,2024-05-26,15,51300.0,769500.0
T005160,C0437,P006,D008,A002,2025-12-13,12,17575.0,210900.0
T005161,C1178,P014,D020,A005,2025-12-07,11,26600.0,292600.0
T005162,C0063,P002,D004,A001,2025-12-28,3,6500.0,19500.0
T005163,C0637,P014,D017,A004,2024-10-05,7,28000.0,196000.0
T005164,C0919,P006,D018,A004,2024-03-17,13,17575.0,228475.0
T005165,C0281,P011,D002,A001,2024-01-31,10,39900.0,399000.0
T005166,C1872,P015,D039,A013,2024-10-27,1,49000.0,49000.0
T005167,C0411,P006,D011,A002,2025-02-28,6,18500.0,111000.0
T005168,C0248,P007,D002,A001,2025-11-07,9,85000.0,765000.0
T005169,C0397,P002,D010,A002,2026-06-13,9,6500.0,58500.0
T005170,C1482,P005,D030,A009,2025-02-05,3,12500.0,37500.0
T005171,C0819,P012,D015,A004,2025-03-16,9,31000.0,279000.0
T005172,C1084,P001,D025,A005,2026-03-11,1,45000.0,45000.0
T005173,C0034,P006,D007,A001,2026-05-12,6,18500.0,111000.0
T005174,C0055,P005,D004,A001,2026-05-30,12,11875.0,142500.0
T005175,C0863,P002,D018,A004,2026-07-25,10,6175.0,61750.0
T005176,C1577,P007,D032,A009,2024-04-17,10,80750.0,807500.0
T005177,C1696,P012,D036,A011,2026-05-13,10,29450.0,294500.0
T005178,C0154,P008,D003,A001,2024-05-02,15,51300.0,769500.0
T005179,C1039,P015,D022,A005,2025-04-29,11,46550.0,512050.0
T005180,C1754,P015,D037,A012,2025-10-25,3,49000.0,147000.0
T005181,C0744,P011,D015,A004,2024-07-19,12,39900.0,478800.0
T005182,C1597,P015,D035,A010,2026-03-14,3,49000.0,147000.0
T005183,C0259,P009,D004,A001,2024-03-23,15,8075.0,121125.0
T005184,C1790,P006,D039,A013,2024-10-18,8,18500.0,148000.0
T005185,C1447,P013,D029,A008,2026-01-09,12,90250.0,1083000.0
T005186,C1800,P015,D041,A013,2026-08-18,5,49000.0,245000.0
T005187,C1299,P006,D026,A006,2024-01-16,9,18500.0,166500.0
T005188,C0699,P001,D016,A004,2026-01-06,10,42750.0,427500.0
T005189,C1794,P007,D040,A013,2024-05-18,13,80750.0,1049750.0
T005190,C0532,P007,D012,A003,2024-02-08,13,80750.0,1049750.0
T005191,C0645,P005,D015,A004,2024-02-28,11,11875.0,130625.0
T005192,C1339,P005,D028,A007,2024-02-12,3,12500.0,37500.0
T005193,C1479,P008,D030,A009,2026-03-14,7,54000.0,378000.0
T005194,C1784,P006,D039,A013,2025-11-07,11,17575.0,193325.0
T005195,C0399,P007,D009,A002,2024-07-10,9,85000.0,765000.0
T005196,C1538,P002,D033,A009,2025-01-13,5,6500.0,32500.0
T005197,C1421,P008,D029,A008,2024-12-25,13,51300.0,666900.0
T005198,C0112,P008,D002,A001,2025-09-20,4,54000.0,216000.0
T005199,C0743,P010,D018,A004,2026-07-14,2,22000.0,44000.0
T005200,C0546,P009,D014,A004,2026-03-31,10,8075.0,80750.0
T005201,C0584,P002,D014,A004,2026-04-11,1,6500.0,6500.0
T005202,C1870,P014,D041,A013,2025-01-20,5,28000.0,140000.0
T005203,C1225,P006,D019,A005,2025-07-22,5,18500.0,92500.0
T005204,C1377,P014,D028,A007,2024-09-10,13,26600.0,345800.0
T005205,C1853,P015,D038,A013,2026-06-20,10,46550.0,465500.0
T005206,C0724,P001,D014,A004,2025-06-17,6,45000.0,270000.0
T005207,C1549,P004,D031,A009,2024-11-26,11,36100.0,397100.0
T005208,C0842,P015,D018,A004,2026-06-08,12,46550.0,558600.0
T005209,C1674,P002,D036,A011,2026-05-31,14,6175.0,86450.0
T005210,C0355,P006,D009,A002,2025-06-26,14,17575.0,246050.0
T005211,C1812,P001,D040,A013,2024-07-18,1,45000.0,45000.0
T005212,C0418,P009,D009,A002,2026-04-11,1,8500.0,8500.0
T005213,C0637,P002,D018,A004,2025-03-17,11,6175.0,67925.0
T005214,C1460,P012,D029,A008,2025-08-18,14,29450.0,412300.0
T005215,C0749,P014,D016,A004,2026-06-21,2,28000.0,56000.0
T005216,C1163,P008,D021,A005,2026-07-22,13,51300.0,666900.0
T005217,C0863,P014,D016,A004,2025-08-28,2,28000.0,56000.0
T005218,C1429,P008,D029,A008,2025-07-19,11,51300.0,564300.0
T005219,C0440,P011,D010,A002,2026-02-01,13,39900.0,518700.0
T005220,C0106,P010,D004,A001,2025-10-01,3,22000.0,66000.0
T005221,C0575,P003,D018,A004,2025-05-02,4,120000.0,480000.0
T005222,C0926,P001,D014,A004,2025-11-23,14,42750.0,598500.0
T005223,C0322,P001,D010,A002,2025-02-22,7,45000.0,315000.0
T005224,C0683,P005,D013,A004,2025-12-02,4,12500.0,50000.0
T005225,C0765,P009,D018,A004,2026-05-26,4,8500.0,34000.0
T005226,C0106,P007,D007,A001,2025-12-12,9,85000.0,765000.0
T005227,C1106,P015,D021,A005,2026-04-09,12,46550.0,558600.0
T005228,C1696,P001,D036,A011,2025-11-28,5,45000.0,225000.0
T005229,C0293,P008,D003,A001,2026-01-16,11,51300.0,564300.0
T005230,C1132,P004,D019,A005,2025-06-22,5,38000.0,190000.0
T005231,C1272,P011,D026,A006,2026-01-02,2,42000.0,84000.0
T005232,C0805,P002,D013,A004,2026-01-28,5,6500.0,32500.0
T005233,C1340,P008,D027,A007,2024-09-18,8,54000.0,432000.0
T005234,C0790,P006,D015,A004,2024-05-03,5,18500.0,92500.0
T005235,C0990,P014,D021,A005,2025-04-07,15,26600.0,399000.0
T005236,C0011,P009,D005,A001,2024-11-30,10,8075.0,80750.0
T005237,C1323,P012,D027,A007,2024-01-15,9,31000.0,279000.0
T005238,C1261,P009,D026,A006,2024-02-16,2,8500.0,17000.0
T005239,C0059,P012,D001,A001,2025-02-18,6,31000.0,186000.0
T005240,C0710,P015,D018,A004,2026-03-22,5,49000.0,245000.0
T005241,C1858,P011,D039,A013,2024-10-15,5,42000.0,210000.0
T005242,C0807,P013,D014,A004,2025-03-18,2,95000.0,190000.0
T005243,C0989,P015,D025,A005,2025-07-12,8,49000.0,392000.0
T005244,C1749,P002,D037,A012,2025-07-31,4,6500.0,26000.0
T005245,C1377,P015,D027,A007,2026-02-20,3,49000.0,147000.0
T005246,C1105,P001,D021,A005,2024-12-13,1,45000.0,45000.0
T005247,C1537,P009,D031,A009,2024-10-10,10,8075.0,80750.0
T005248,C1667,P007,D035,A010,2025-08-17,3,85000.0,255000.0
T005249,C0886,P007,D017,A004,2026-04-09,2,85000.0,170000.0
T005250,C0932,P011,D014,A004,2026-06-28,12,39900.0,478800.0
T005251,C0737,P009,D013,A004,2025-07-25,2,8500.0,17000.0
T005252,C1834,P003,D040,A013,2025-12-05,9,120000.0,1080000.0
T005253,C1334,P007,D028,A007,2024-03-05,7,85000.0,595000.0
T005254,C0150,P002,D006,A001,2025-04-29,13,6175.0,80275.0
T005255,C1667,P008,D035,A010,2025-09-04,1,54000.0,54000.0
T005256,C0945,P009,D017,A004,2024-03-13,1,8500.0,8500.0
T005257,C0122,P007,D004,A001,2025-07-03,2,85000.0,170000.0
T005258,C1055,P010,D024,A005,2024-08-14,10,20900.0,209000.0
T005259,C0801,P004,D013,A004,2026-03-06,9,38000.0,342000.0
T005260,C1685,P008,D036,A011,2024-10-07,7,54000.0,378000.0
T005261,C0397,P014,D011,A002,2025-08-27,9,28000.0,252000.0
T005262,C1592,P008,D034,A010,2025-10-09,5,54000.0,270000.0
T005263,C1068,P007,D025,A005,2026-06-29,11,80750.0,888250.0
T005264,C0099,P007,D004,A001,2025-07-19,1,85000.0,85000.0
T005265,C1841,P001,D038,A013,2024-10-10,12,42750.0,513000.0
T005266,C1002,P001,D021,A005,2024-10-28,8,45000.0,360000.0
T005267,C0561,P001,D017,A004,2024-07-25,13,42750.0,555750.0
T005268,C0920,P009,D015,A004,2025-02-16,3,8500.0,25500.0
T005269,C1649,P009,D035,A010,2025-12-20,2,8500.0,17000.0
T005270,C0585,P008,D016,A004,2024-01-26,12,51300.0,615600.0
T005271,C0373,P011,D010,A002,2025-10-17,2,42000.0,84000.0
T005272,C0248,P010,D001,A001,2025-03-12,6,22000.0,132000.0
T005273,C0573,P009,D015,A004,2025-10-21,4,8500.0,34000.0
T005274,C1503,P004,D033,A009,2026-01-29,14,36100.0,505400.0
T005275,C0923,P009,D015,A004,2024-12-28,4,8500.0,34000.0
T005276,C0438,P015,D010,A002,2025-07-30,3,49000.0,147000.0
T005277,C0316,P007,D008,A002,2025-07-02,11,80750.0,888250.0
T005278,C0645,P005,D017,A004,2026-06-16,10,11875.0,118750.0
T005279,C1795,P007,D038,A013,2024-10-15,3,85000.0,255000.0
T005280,C0665,P014,D016,A004,2025-05-23,11,26600.0,292600.0
T005281,C1877,P003,D040,A013,2026-03-19,10,114000.0,1140000.0
T005282,C0956,P013,D013,A004,2026-01-10,1,95000.0,95000.0
T005283,C0351,P003,D010,A002,2024-01-03,4,120000.0,480000.0
T005284,C1712,P005,D036,A011,2025-05-17,5,12500.0,62500.0
T005285,C0893,P014,D017,A004,2026-08-18,1,28000.0,28000.0
T005286,C1367,P002,D027,A007,2025-06-20,7,6500.0,45500.0
T005287,C1872,P001,D041,A013,2026-05-18,12,42750.0,513000.0
T005288,C0088,P011,D001,A001,2024-08-28,3,42000.0,126000.0
T005289,C0180,P013,D003,A001,2025-08-25,5,95000.0,475000.0
T005290,C1385,P007,D028,A007,2025-04-04,6,85000.0,510000.0
T005291,C0545,P004,D012,A003,2025-07-22,2,38000.0,76000.0
T005292,C0360,P012,D008,A002,2026-03-14,6,31000.0,186000.0
T005293,C0060,P008,D002,A001,2025-06-19,12,51300.0,615600.0
T005294,C0036,P001,D005,A001,2025-02-18,1,45000.0,45000.0
T005295,C1492,P002,D033,A009,2026-06-18,13,6175.0,80275.0
T005296,C0260,P002,D004,A001,2025-01-22,7,6500.0,45500.0
T005297,C0915,P012,D015,A004,2025-01-20,10,29450.0,294500.0
T005298,C1153,P005,D020,A005,2024-08-23,13,11875.0,154375.0
T005299,C0828,P010,D016,A004,2024-12-02,8,22000.0,176000.0
T005300,C0046,P013,D001,A001,2025-01-28,9,95000.0,855000.0
T005301,C1510,P006,D031,A009,2024-08-29,14,17575.0,246050.0
T005302,C0017,P012,D005,A001,2025-03-21,10,29450.0,294500.0
T005303,C1473,P013,D029,A008,2025-06-10,8,95000.0,760000.0
T005304,C1718,P005,D036,A011,2024-07-16,7,12500.0,87500.0
T005305,C0836,P006,D013,A004,2024-05-21,13,17575.0,228475.0
T005306,C1032,P004,D025,A005,2025-04-05,10,36100.0,361000.0
T005307,C0939,P015,D017,A004,2024-08-01,15,46550.0,698250.0
T005308,C0746,P004,D013,A004,2025-12-03,3,38000.0,114000.0
T005309,C1705,P012,D036,A011,2024-12-04,14,29450.0,412300.0
T005310,C1725,P001,D036,A011,2024-07-08,6,45000.0,270000.0
T005311,C0647,P003,D014,A004,2024-02-28,7,120000.0,840000.0
T005312,C1176,P014,D023,A005,2024-07-21,8,28000.0,224000.0
T005313,C1782,P013,D038,A013,2024-10-18,2,95000.0,190000.0
T005314,C1829,P007,D041,A013,2025-09-12,6,85000.0,510000.0
T005315,C0997,P003,D024,A005,2024-05-15,5,120000.0,600000.0
T005316,C0881,P010,D016,A004,2025-04-27,6,22000.0,132000.0
T005317,C0536,P013,D012,A003,2024-01-31,14,90250.0,1263500.0
T005318,C1823,P015,D039,A013,2025-07-05,12,46550.0,558600.0
T005319,C0273,P004,D005,A001,2026-08-05,12,36100.0,433200.0
T005320,C1104,P007,D023,A005,2024-10-12,2,85000.0,170000.0
T005321,C0546,P013,D017,A004,2025-06-17,7,95000.0,665000.0
T005322,C0536,P014,D012,A003,2025-06-15,13,26600.0,345800.0
T005323,C0775,P002,D015,A004,2024-05-05,9,6500.0,58500.0
T005324,C1900,P012,D040,A013,2025-09-16,1,31000.0,31000.0
T005325,C0100,P005,D002,A001,2025-04-14,1,12500.0,12500.0
T005326,C1100,P012,D020,A005,2025-05-06,9,31000.0,279000.0
T005327,C0150,P008,D007,A001,2025-10-26,3,54000.0,162000.0
T005328,C0295,P006,D001,A001,2026-06-12,10,17575.0,175750.0
T005329,C0850,P013,D013,A004,2024-09-01,8,95000.0,760000.0
T005330,C0999,P001,D020,A005,2024-11-17,7,45000.0,315000.0
T005331,C0497,P011,D012,A003,2025-07-27,11,39900.0,438900.0
T005332,C0622,P001,D018,A004,2025-04-25,6,45000.0,270000.0
T005333,C0154,P010,D002,A001,2026-05-08,13,20900.0,271700.0
T005334,C0580,P008,D017,A004,2026-08-10,8,54000.0,432000.0
T005335,C1834,P007,D039,A013,2024-04-04,13,80750.0,1049750.0
T005336,C1803,P003,D041,A013,2025-02-20,12,114000.0,1368000.0
T005337,C0647,P007,D014,A004,2026-03-25,4,85000.0,340000.0
T005338,C1091,P004,D019,A005,2026-08-18,4,38000.0,152000.0
T005339,C1749,P011,D037,A012,2024-11-06,1,42000.0,42000.0
T005340,C0009,P014,D003,A001,2025-08-03,8,28000.0,224000.0
T005341,C1568,P005,D032,A009,2026-04-02,4,12500.0,50000.0
T005342,C1813,P002,D039,A013,2024-04-21,11,6175.0,67925.0
T005343,C0163,P011,D001,A001,2026-05-18,2,42000.0,84000.0
T005344,C0309,P015,D003,A001,2026-07-28,9,49000.0,441000.0
T005345,C1828,P011,D039,A013,2026-04-22,1,42000.0,42000.0
T005346,C1037,P005,D024,A005,2024-12-29,7,12500.0,87500.0
T005347,C0022,P001,D001,A001,2025-09-07,3,45000.0,135000.0
T005348,C0497,P003,D012,A003,2024-01-15,5,120000.0,600000.0
T005349,C0873,P009,D018,A004,2024-09-30,12,8075.0,96900.0
T005350,C1323,P014,D027,A007,2025-10-29,13,26600.0,345800.0
T005351,C1412,P010,D027,A007,2026-04-03,4,22000.0,88000.0
T005352,C1891,P014,D040,A013,2026-07-15,3,28000.0,84000.0
T005353,C0552,P006,D016,A004,2025-02-07,7,18500.0,129500.0
T005354,C1039,P003,D023,A005,2026-05-11,14,114000.0,1596000.0
T005355,C1029,P005,D019,A005,2024-01-15,4,12500.0,50000.0
T005356,C0775,P015,D016,A004,2026-06-28,4,49000.0,196000.0
T005357,C0324,P003,D009,A002,2024-09-18,11,114000.0,1254000.0
T005358,C1856,P012,D038,A013,2024-05-10,14,29450.0,412300.0
T005359,C1638,P009,D035,A010,2026-01-25,7,8500.0,59500.0
T005360,C0984,P011,D019,A005,2024-03-18,14,39900.0,558600.0
T005361,C1139,P003,D024,A005,2025-06-06,15,114000.0,1710000.0
T005362,C0437,P014,D010,A002,2024-08-05,6,28000.0,168000.0
T005363,C1049,P012,D025,A005,2025-03-16,3,31000.0,93000.0
T005364,C1331,P011,D027,A007,2025-05-23,12,39900.0,478800.0
T005365,C1004,P009,D021,A005,2025-12-29,8,8500.0,68000.0
T005366,C1883,P005,D038,A013,2025-04-19,11,11875.0,130625.0
T005367,C1166,P006,D019,A005,2025-01-18,12,17575.0,210900.0
T005368,C0713,P001,D015,A004,2025-11-18,15,42750.0,641250.0
T005369,C1488,P002,D031,A009,2024-03-01,7,6500.0,45500.0
T005370,C0327,P002,D008,A002,2025-10-01,13,6175.0,80275.0
T005371,C0734,P011,D016,A004,2024-06-08,6,42000.0,252000.0
T005372,C0670,P009,D015,A004,2025-01-22,5,8500.0,42500.0
T005373,C0832,P005,D014,A004,2025-07-14,1,12500.0,12500.0
T005374,C1507,P010,D031,A009,2026-03-09,15,20900.0,313500.0
T005375,C0954,P015,D013,A004,2025-04-28,9,49000.0,441000.0
T005376,C1528,P011,D031,A009,2025-08-18,1,42000.0,42000.0
T005377,C1098,P013,D024,A005,2024-08-02,3,95000.0,285000.0
T005378,C0663,P001,D015,A004,2025-11-28,6,45000.0,270000.0
T005379,C1563,P012,D033,A009,2026-04-18,3,31000.0,93000.0
T005380,C0459,P013,D010,A002,2026-01-20,15,90250.0,1353750.0
T005381,C0431,P013,D009,A002,2025-08-31,4,95000.0,380000.0
T005382,C0990,P001,D023,A005,2025-11-29,6,45000.0,270000.0
T005383,C0507,P013,D012,A003,2025-07-14,8,95000.0,760000.0
T005384,C0013,P014,D001,A001,2025-11-26,14,26600.0,372400.0
T005385,C1236,P014,D023,A005,2024-09-05,10,26600.0,266000.0
T005386,C0999,P002,D023,A005,2025-09-08,9,6500.0,58500.0
T005387,C0863,P014,D018,A004,2025-06-19,5,28000.0,140000.0
T005388,C1834,P001,D041,A013,2026-02-10,5,45000.0,225000.0
T005389,C1091,P011,D024,A005,2025-01-21,11,39900.0,438900.0
T005390,C1667,P008,D034,A010,2026-08-19,9,54000.0,486000.0
T005391,C0267,P014,D003,A001,2024-02-24,13,26600.0,345800.0
T005392,C1090,P001,D022,A005,2024-12-15,15,42750.0,641250.0
T005393,C1673,P013,D036,A011,2026-06-26,8,95000.0,760000.0
T005394,C1106,P014,D021,A005,2026-07-30,9,28000.0,252000.0
T005395,C1380,P003,D027,A007,2024-06-01,5,120000.0,600000.0
T005396,C0716,P011,D016,A004,2024-08-29,11,39900.0,438900.0
T005397,C0165,P011,D005,A001,2026-02-05,11,39900.0,438900.0
T005398,C0889,P004,D016,A004,2025-05-15,15,36100.0,541500.0
T005399,C0753,P007,D017,A004,2026-04-04,11,80750.0,888250.0
T005400,C1671,P011,D036,A011,2025-03-01,11,39900.0,438900.0
T005401,C0472,P008,D012,A003,2024-12-20,3,54000.0,162000.0
T005402,C1834,P012,D038,A013,2025-07-10,4,31000.0,124000.0
T005403,C1823,P001,D038,A013,2024-03-18,12,42750.0,513000.0
T005404,C0478,P002,D012,A003,2024-06-11,10,6175.0,61750.0
T005405,C0671,P013,D018,A004,2025-01-27,15,90250.0,1353750.0
T005406,C1727,P001,D036,A011,2024-01-25,13,42750.0,555750.0
T005407,C1834,P007,D041,A013,2024-05-23,4,85000.0,340000.0
T005408,C0857,P012,D015,A004,2024-10-14,8,31000.0,248000.0
T005409,C0626,P001,D016,A004,2025-04-10,11,42750.0,470250.0
T005410,C1020,P015,D023,A005,2024-06-17,2,49000.0,98000.0
T005411,C1320,P008,D027,A007,2026-04-05,10,51300.0,513000.0
T005412,C0529,P013,D012,A003,2026-01-13,2,95000.0,190000.0
T005413,C1419,P013,D028,A007,2024-10-04,8,95000.0,760000.0
T005414,C0093,P009,D006,A001,2025-01-14,8,8500.0,68000.0
T005415,C0086,P013,D006,A001,2024-08-18,7,95000.0,665000.0
T005416,C0738,P010,D018,A004,2026-08-01,5,22000.0,110000.0
T005417,C0680,P001,D017,A004,2026-02-18,10,42750.0,427500.0
T005418,C0617,P012,D016,A004,2025-06-25,5,31000.0,155000.0
T005419,C0963,P004,D013,A004,2025-07-04,1,38000.0,38000.0
T005420,C0626,P015,D014,A004,2024-01-26,5,49000.0,245000.0
T005421,C0373,P008,D008,A002,2024-01-03,1,54000.0,54000.0
T005422,C0599,P006,D015,A004,2025-04-02,6,18500.0,111000.0
T005423,C1845,P013,D040,A013,2026-03-19,12,90250.0,1083000.0
T005424,C0790,P006,D013,A004,2024-04-16,8,18500.0,148000.0
T005425,C0863,P004,D015,A004,2025-06-03,3,38000.0,114000.0
T005426,C1098,P004,D024,A005,2024-09-11,14,36100.0,505400.0
T005427,C1872,P012,D040,A013,2025-07-20,15,29450.0,441750.0
T005428,C0467,P012,D012,A003,2026-06-20,12,29450.0,353400.0
T005429,C1305,P001,D026,A006,2024-11-07,12,42750.0,513000.0
T005430,C1377,P013,D028,A007,2026-08-02,8,95000.0,760000.0
T005431,C1160,P012,D022,A005,2025-06-12,2,31000.0,62000.0
T005432,C0159,P014,D006,A001,2026-06-12,8,28000.0,224000.0
T005433,C1300,P003,D026,A006,2024-12-07,3,120000.0,360000.0
T005434,C0112,P002,D001,A001,2024-01-13,8,6500.0,52000.0
T005435,C1130,P011,D022,A005,2024-10-07,7,42000.0,294000.0
T005436,C1422,P015,D029,A008,2024-12-24,14,46550.0,651700.0
T005437,C0412,P006,D009,A002,2025-10-13,8,18500.0,148000.0
T005438,C1616,P008,D035,A010,2026-08-05,7,54000.0,378000.0
T005439,C0050,P008,D006,A001,2025-05-08,13,51300.0,666900.0
T005440,C1619,P007,D035,A010,2024-02-04,4,85000.0,340000.0
T005441,C0893,P011,D016,A004,2026-01-27,14,39900.0,558600.0
T005442,C0417,P015,D010,A002,2025-12-30,11,46550.0,512050.0
T005443,C0259,P006,D006,A001,2026-02-25,2,18500.0,37000.0
T005444,C1817,P011,D039,A013,2024-05-24,4,42000.0,168000.0
T005445,C0124,P003,D003,A001,2026-01-04,10,114000.0,1140000.0
T005446,C0385,P011,D010,A002,2025-12-04,11,39900.0,438900.0
T005447,C0671,P009,D015,A004,2024-04-03,7,8500.0,59500.0
T005448,C1182,P011,D025,A005,2024-01-18,7,42000.0,294000.0
T005449,C1049,P006,D024,A005,2025-12-13,12,17575.0,210900.0
T005450,C0242,P015,D002,A001,2024-01-28,15,46550.0,698250.0
T005451,C0559,P011,D017,A004,2024-08-08,5,42000.0,210000.0
T005452,C0463,P004,D012,A003,2025-03-21,9,38000.0,342000.0
T005453,C0413,P008,D009,A002,2024-10-18,8,54000.0,432000.0
T005454,C0790,P012,D016,A004,2025-04-19,7,31000.0,217000.0
T005455,C1352,P005,D027,A007,2024-01-22,10,11875.0,118750.0
T005456,C0417,P011,D009,A002,2024-05-23,7,42000.0,294000.0
T005457,C0706,P001,D017,A004,2026-01-06,11,42750.0,470250.0
T005458,C0747,P011,D014,A004,2025-07-27,12,39900.0,478800.0
T005459,C1852,P009,D039,A013,2025-01-21,3,8500.0,25500.0
T005460,C1817,P014,D039,A013,2024-12-11,9,28000.0,252000.0
T005461,C1545,P009,D033,A009,2025-02-06,7,8500.0,59500.0
T005462,C0467,P010,D012,A003,2026-06-06,12,20900.0,250800.0
T005463,C0118,P012,D002,A001,2026-05-20,13,29450.0,382850.0
T005464,C0623,P009,D015,A004,2026-08-20,13,8075.0,104975.0
T005465,C0515,P006,D012,A003,2025-04-17,2,18500.0,37000.0
T005466,C0991,P009,D021,A005,2024-12-01,5,8500.0,42500.0
T005467,C1499,P006,D030,A009,2025-10-02,1,18500.0,18500.0
T005468,C1649,P006,D034,A010,2025-05-11,7,18500.0,129500.0
T005469,C1627,P002,D034,A010,2025-07-12,11,6175.0,67925.0
T005470,C0692,P008,D017,A004,2026-03-02,4,54000.0,216000.0
T005471,C1317,P011,D027,A007,2026-07-31,5,42000.0,210000.0
T005472,C0612,P002,D016,A004,2026-06-12,1,6500.0,6500.0
T005473,C0109,P005,D001,A001,2025-05-13,7,12500.0,87500.0
T005474,C1341,P013,D028,A007,2024-04-11,2,95000.0,190000.0
T005475,C0017,P011,D001,A001,2024-10-26,11,39900.0,438900.0
T005476,C0782,P011,D013,A004,2025-10-06,3,42000.0,126000.0
T005477,C0640,P013,D015,A004,2025-06-16,5,95000.0,475000.0
T005478,C1323,P011,D027,A007,2024-05-17,8,42000.0,336000.0
T005479,C1479,P012,D030,A009,2026-07-25,6,31000.0,186000.0
T005480,C0584,P014,D017,A004,2024-01-05,14,26600.0,372400.0
T005481,C1569,P008,D032,A009,2024-01-15,15,51300.0,769500.0
T005482,C0569,P013,D017,A004,2025-09-01,12,90250.0,1083000.0
T005483,C0864,P007,D015,A004,2026-04-27,2,85000.0,170000.0
T005484,C1397,P012,D028,A007,2024-02-03,3,31000.0,93000.0
T005485,C1323,P006,D027,A007,2026-04-21,7,18500.0,129500.0
T005486,C1876,P009,D038,A013,2026-08-09,3,8500.0,25500.0
T005487,C0431,P003,D011,A002,2024-02-14,1,120000.0,120000.0
T005488,C1263,P011,D026,A006,2026-06-02,9,42000.0,378000.0
T005489,C1164,P001,D019,A005,2024-12-06,15,42750.0,641250.0
T005490,C1755,P007,D037,A012,2025-10-06,3,85000.0,255000.0
T005491,C0298,P015,D007,A001,2024-07-14,1,49000.0,49000.0
T005492,C1449,P015,D029,A008,2025-08-07,12,46550.0,558600.0
T005493,C1090,P010,D022,A005,2025-01-22,11,20900.0,229900.0
T005494,C0532,P006,D012,A003,2025-08-15,9,18500.0,166500.0
T005495,C0927,P015,D014,A004,2025-04-10,12,46550.0,558600.0
T005496,C0646,P012,D017,A004,2024-11-11,14,29450.0,412300.0
T005497,C1101,P009,D025,A005,2026-05-22,4,8500.0,34000.0
T005498,C1706,P004,D036,A011,2025-10-22,11,36100.0,397100.0
T005499,C1090,P001,D023,A005,2024-05-24,13,42750.0,555750.0
T005500,C1206,P014,D023,A005,2025-05-31,6,28000.0,168000.0
T005501,C1010,P011,D020,A005,2024-09-25,7,42000.0,294000.0
T005502,C0093,P002,D004,A001,2024-03-24,11,6175.0,67925.0
T005503,C0451,P009,D011,A002,2025-01-09,4,8500.0,34000.0
T005504,C0964,P002,D015,A004,2026-01-06,10,6175.0,61750.0
T005505,C0599,P015,D018,A004,2026-05-28,14,46550.0,651700.0
T005506,C0357,P006,D009,A002,2025-10-29,1,18500.0,18500.0
T005507,C0990,P010,D024,A005,2026-01-18,12,20900.0,250800.0
T005508,C0629,P009,D013,A004,2026-04-09,2,8500.0,17000.0
T005509,C0497,P003,D012,A003,2024-12-11,13,114000.0,1482000.0
T005510,C0903,P010,D015,A004,2024-02-13,14,20900.0,292600.0
T005511,C0258,P009,D007,A001,2025-06-13,7,8500.0,59500.0
T005512,C1783,P015,D041,A013,2025-11-03,3,49000.0,147000.0
T005513,C1673,P001,D036,A011,2025-04-12,13,42750.0,555750.0
T005514,C1361,P004,D028,A007,2025-04-02,6,38000.0,228000.0
T005515,C0201,P006,D007,A001,2026-07-15,12,17575.0,210900.0
T005516,C1496,P012,D032,A009,2025-03-10,14,29450.0,412300.0
T005517,C1559,P012,D030,A009,2024-05-10,13,29450.0,382850.0
T005518,C1480,P003,D032,A009,2025-09-27,11,114000.0,1254000.0
T005519,C0212,P001,D002,A001,2026-07-22,6,45000.0,270000.0
T005520,C1230,P011,D022,A005,2026-07-14,3,42000.0,126000.0
T005521,C1604,P010,D035,A010,2026-04-08,8,22000.0,176000.0
T005522,C1100,P009,D022,A005,2025-05-11,5,8500.0,42500.0
T005523,C1233,P011,D023,A005,2024-08-05,6,42000.0,252000.0
T005524,C0891,P010,D013,A004,2026-05-29,13,20900.0,271700.0
T005525,C1025,P007,D020,A005,2024-09-30,11,80750.0,888250.0
T005526,C0055,P009,D001,A001,2026-04-19,5,8500.0,42500.0
T005527,C1218,P001,D021,A005,2026-03-10,14,42750.0,598500.0
T005528,C0149,P004,D007,A001,2026-04-25,7,38000.0,266000.0
T005529,C0843,P009,D016,A004,2025-01-22,6,8500.0,51000.0
T005530,C0566,P006,D017,A004,2025-02-27,9,18500.0,166500.0
T005531,C1052,P001,D024,A005,2025-03-12,13,42750.0,555750.0
T005532,C0259,P003,D006,A001,2025-02-14,5,120000.0,600000.0
T005533,C1323,P001,D027,A007,2024-12-17,6,45000.0,270000.0
T005534,C1531,P004,D031,A009,2024-10-19,8,38000.0,304000.0
T005535,C0311,P011,D010,A002,2024-10-21,8,42000.0,336000.0
T005536,C0198,P005,D003,A001,2024-02-06,6,12500.0,75000.0
T005537,C0278,P008,D001,A001,2025-03-13,10,51300.0,513000.0
T005538,C1685,P002,D036,A011,2025-10-25,2,6500.0,13000.0
T005539,C1024,P006,D024,A005,2025-09-23,6,18500.0,111000.0
T005540,C0915,P009,D013,A004,2025-11-12,4,8500.0,34000.0
T005541,C0201,P002,D005,A001,2025-11-14,10,6175.0,61750.0
T005542,C1238,P002,D019,A005,2025-06-16,1,6500.0,6500.0
T005543,C1673,P013,D036,A011,2024-10-28,14,90250.0,1263500.0
T005544,C1595,P001,D035,A010,2025-09-10,3,45000.0,135000.0
T005545,C1191,P007,D023,A005,2026-02-27,5,85000.0,425000.0
T005546,C0127,P011,D003,A001,2026-03-05,8,42000.0,336000.0
T005547,C0211,P004,D006,A001,2025-06-01,7,38000.0,266000.0
T005548,C0086,P015,D005,A001,2025-11-12,8,49000.0,392000.0
T005549,C0497,P011,D012,A003,2025-07-06,5,42000.0,210000.0
T005550,C0262,P006,D002,A001,2026-01-13,2,18500.0,37000.0
T005551,C0502,P011,D012,A003,2026-05-30,6,42000.0,252000.0
T005552,C0735,P001,D015,A004,2024-11-22,12,42750.0,513000.0
T005553,C1802,P013,D040,A013,2026-08-06,6,95000.0,570000.0
T005554,C1164,P008,D022,A005,2025-08-09,6,54000.0,324000.0
T005555,C1606,P003,D035,A010,2025-06-12,2,120000.0,240000.0
T005556,C1367,P014,D027,A007,2024-04-21,13,26600.0,345800.0
T005557,C0211,P015,D003,A001,2024-04-21,3,49000.0,147000.0
T005558,C1417,P006,D027,A007,2024-07-25,3,18500.0,55500.0
T005559,C0532,P003,D012,A003,2024-12-21,6,120000.0,720000.0
T005560,C1218,P003,D025,A005,2025-12-17,8,120000.0,960000.0
T005561,C0660,P013,D015,A004,2025-09-03,3,95000.0,285000.0
T005562,C1895,P012,D038,A013,2024-06-06,4,31000.0,124000.0
T005563,C0514,P001,D012,A003,2025-06-21,12,42750.0,513000.0
T005564,C0537,P011,D012,A003,2025-02-01,4,42000.0,168000.0
T005565,C1785,P007,D038,A013,2024-07-04,11,80750.0,888250.0
T005566,C0042,P006,D004,A001,2024-10-11,2,18500.0,37000.0
T005567,C1334,P009,D028,A007,2024-02-08,13,8075.0,104975.0
T005568,C1393,P012,D027,A007,2024-10-02,11,29450.0,323950.0
T005569,C1607,P014,D034,A010,2025-05-01,3,28000.0,84000.0
T005570,C1845,P006,D038,A013,2024-09-26,12,17575.0,210900.0
T005571,C1849,P003,D041,A013,2024-02-22,11,114000.0,1254000.0
T005572,C0113,P011,D004,A001,2024-06-06,15,39900.0,598500.0
T005573,C1584,P012,D032,A009,2026-04-02,14,29450.0,412300.0
T005574,C1233,P002,D020,A005,2025-09-19,1,6500.0,6500.0
T005575,C1233,P010,D020,A005,2025-04-29,6,22000.0,132000.0
T005576,C0247,P008,D001,A001,2026-02-09,6,54000.0,324000.0
T005577,C1242,P011,D020,A005,2024-08-12,6,42000.0,252000.0
T005578,C1870,P006,D038,A013,2025-06-22,13,17575.0,228475.0
T005579,C1752,P013,D037,A012,2024-10-31,9,95000.0,855000.0
T005580,C0849,P006,D018,A004,2025-01-03,8,18500.0,148000.0
T005581,C0061,P004,D005,A001,2024-01-04,8,38000.0,304000.0
T005582,C0694,P007,D013,A004,2025-08-14,11,80750.0,888250.0
T005583,C1592,P015,D035,A010,2024-01-27,2,49000.0,98000.0
T005584,C1341,P011,D028,A007,2024-12-21,13,39900.0,518700.0
T005585,C0893,P012,D013,A004,2025-10-23,7,31000.0,217000.0
T005586,C0100,P008,D007,A001,2026-03-19,12,51300.0,615600.0
T005587,C0826,P005,D014,A004,2024-02-13,5,12500.0,62500.0
T005588,C0920,P002,D017,A004,2024-04-17,14,6175.0,86450.0
T005589,C1784,P014,D038,A013,2026-01-26,14,26600.0,372400.0
T005590,C1224,P002,D025,A005,2025-11-18,13,6175.0,80275.0
T005591,C0605,P001,D014,A004,2025-07-14,7,45000.0,315000.0
T005592,C1019,P009,D022,A005,2025-11-26,14,8075.0,113050.0
T005593,C0115,P011,D003,A001,2026-08-10,6,42000.0,252000.0
T005594,C1842,P003,D039,A013,2024-10-21,4,120000.0,480000.0
T005595,C0693,P012,D013,A004,2024-01-16,1,31000.0,31000.0
T005596,C0939,P010,D014,A004,2025-07-11,11,20900.0,229900.0
T005597,C0683,P001,D018,A004,2025-08-23,14,42750.0,598500.0
T005598,C1307,P006,D026,A006,2026-02-16,3,18500.0,55500.0
T005599,C1262,P008,D026,A006,2024-07-07,10,51300.0,513000.0
T005600,C1374,P007,D028,A007,2026-03-30,7,85000.0,595000.0
T005601,C0520,P015,D012,A003,2025-04-14,10,46550.0,465500.0
T005602,C0617,P001,D017,A004,2024-07-12,1,45000.0,45000.0
T005603,C0238,P004,D002,A001,2025-01-20,1,38000.0,38000.0
T005604,C1250,P012,D026,A006,2025-03-09,8,31000.0,248000.0
T005605,C0061,P015,D007,A001,2024-07-21,7,49000.0,343000.0
T005606,C1132,P010,D024,A005,2025-07-12,10,20900.0,209000.0
T005607,C1674,P009,D036,A011,2025-12-08,5,8500.0,42500.0
T005608,C1712,P007,D036,A011,2025-08-31,3,85000.0,255000.0
T005609,C0870,P014,D014,A004,2024-07-20,9,28000.0,252000.0
T005610,C0893,P015,D015,A004,2024-06-29,12,46550.0,558600.0
T005611,C0137,P007,D002,A001,2025-05-11,11,80750.0,888250.0
T005612,C1287,P015,D026,A006,2026-06-17,12,46550.0,558600.0
T005613,C1583,P003,D032,A009,2024-12-12,15,114000.0,1710000.0
T005614,C0472,P006,D012,A003,2025-03-29,11,17575.0,193325.0
T005615,C0810,P004,D017,A004,2025-12-24,4,38000.0,152000.0
T005616,C1611,P015,D034,A010,2025-12-11,10,46550.0,465500.0
T005617,C1685,P005,D036,A011,2024-12-26,15,11875.0,178125.0
T005618,C0470,P012,D012,A003,2024-07-31,12,29450.0,353400.0
T005619,C1059,P006,D025,A005,2025-10-01,2,18500.0,37000.0
T005620,C0373,P006,D009,A002,2026-02-19,1,18500.0,18500.0
T005621,C0192,P008,D003,A001,2025-08-07,6,54000.0,324000.0
T005622,C1751,P015,D037,A012,2024-05-12,4,49000.0,196000.0
T005623,C1582,P001,D033,A009,2024-01-05,9,45000.0,405000.0
T005624,C1465,P010,D029,A008,2025-05-30,14,20900.0,292600.0
T005625,C0086,P012,D006,A001,2026-02-10,6,31000.0,186000.0
T005626,C1618,P004,D035,A010,2025-10-23,7,38000.0,266000.0
T005627,C0849,P010,D014,A004,2025-11-11,14,20900.0,292600.0
T005628,C0665,P001,D018,A004,2024-06-25,6,45000.0,270000.0
T005629,C1053,P011,D024,A005,2025-12-24,5,42000.0,210000.0
T005630,C0163,P001,D007,A001,2026-06-14,6,45000.0,270000.0
T005631,C1462,P002,D029,A008,2025-03-08,11,6175.0,67925.0
T005632,C1105,P013,D024,A005,2026-08-14,10,90250.0,902500.0
T005633,C0362,P007,D010,A002,2025-05-10,1,85000.0,85000.0
T005634,C0365,P005,D010,A002,2026-02-16,4,12500.0,50000.0
T005635,C0360,P014,D009,A002,2024-05-23,7,28000.0,196000.0
T005636,C0105,P001,D006,A001,2025-11-12,15,42750.0,641250.0
T005637,C1118,P014,D024,A005,2024-09-29,4,28000.0,112000.0
T005638,C1612,P014,D035,A010,2025-06-30,4,28000.0,112000.0
T005639,C0029,P012,D003,A001,2024-09-03,12,29450.0,353400.0
T005640,C0086,P006,D002,A001,2026-01-25,14,17575.0,246050.0
T005641,C1095,P009,D022,A005,2024-03-04,7,8500.0,59500.0
T005642,C1579,P005,D031,A009,2025-06-02,7,12500.0,87500.0
T005643,C0637,P011,D018,A004,2024-01-31,8,42000.0,336000.0
T005644,C0671,P012,D013,A004,2024-04-21,3,31000.0,93000.0
T005645,C1130,P001,D021,A005,2025-02-05,10,42750.0,427500.0
T005646,C0532,P012,D012,A003,2024-11-10,12,29450.0,353400.0
T005647,C0046,P010,D001,A001,2026-04-26,1,22000.0,22000.0
T005648,C1415,P003,D027,A007,2025-12-05,2,120000.0,240000.0
T005649,C1188,P003,D019,A005,2024-10-17,10,114000.0,1140000.0
T005650,C1104,P005,D019,A005,2026-06-28,5,12500.0,62500.0
T005651,C1424,P011,D029,A008,2025-12-02,4,42000.0,168000.0
T005652,C1297,P001,D026,A006,2024-03-31,6,45000.0,270000.0
T005653,C0405,P001,D011,A002,2025-03-01,1,45000.0,45000.0
T005654,C0680,P005,D013,A004,2024-09-28,9,12500.0,112500.0
T005655,C0243,P001,D005,A001,2024-12-25,2,45000.0,90000.0
T005656,C0248,P001,D006,A001,2024-06-08,2,45000.0,90000.0
T005657,C1298,P002,D026,A006,2024-05-05,2,6500.0,13000.0
T005658,C1649,P012,D035,A010,2026-05-16,2,31000.0,62000.0
T005659,C1829,P005,D038,A013,2024-02-06,7,12500.0,87500.0
T005660,C1200,P001,D024,A005,2024-09-17,12,42750.0,513000.0
T005661,C0360,P002,D008,A002,2025-05-23,4,6500.0,26000.0
T005662,C0201,P008,D002,A001,2024-11-25,12,51300.0,615600.0
T005663,C1570,P012,D031,A009,2024-11-03,15,29450.0,441750.0
T005664,C1101,P001,D024,A005,2025-09-16,7,45000.0,315000.0
T005665,C1181,P004,D025,A005,2024-08-28,7,38000.0,266000.0
T005666,C1507,P010,D031,A009,2026-03-11,2,22000.0,44000.0
T005667,C1348,P005,D027,A007,2024-01-27,13,11875.0,154375.0
T005668,C1604,P014,D035,A010,2026-08-22,12,26600.0,319200.0
T005669,C0101,P012,D007,A001,2026-03-22,11,29450.0,323950.0
T005670,C1442,P005,D029,A008,2024-12-09,12,11875.0,142500.0
T005671,C1636,P013,D035,A010,2024-09-28,11,90250.0,992750.0
T005672,C0551,P003,D016,A004,2025-03-12,5,120000.0,600000.0
T005673,C1220,P012,D022,A005,2025-10-02,10,29450.0,294500.0
T005674,C0614,P002,D013,A004,2024-02-08,6,6500.0,39000.0
T005675,C1823,P012,D039,A013,2025-12-16,15,29450.0,441750.0
T005676,C0055,P012,D004,A001,2025-05-19,8,31000.0,248000.0
T005677,C1103,P008,D022,A005,2025-06-03,2,54000.0,108000.0
T005678,C0316,P003,D010,A002,2024-02-25,9,120000.0,1080000.0
T005679,C1373,P012,D027,A007,2024-07-14,12,29450.0,353400.0
T005680,C0343,P001,D009,A002,2025-11-18,4,45000.0,180000.0
T005681,C0454,P003,D008,A002,2024-03-25,8,120000.0,960000.0
T005682,C0965,P011,D014,A004,2025-01-25,11,39900.0,438900.0
T005683,C1755,P014,D037,A012,2026-08-31,10,26600.0,266000.0
T005684,C0412,P001,D010,A002,2024-01-02,11,42750.0,470250.0
T005685,C0276,P011,D006,A001,2025-11-18,8,42000.0,336000.0
T005686,C1464,P001,D029,A008,2024-08-22,15,42750.0,641250.0
T005687,C0988,P006,D019,A005,2025-02-04,7,18500.0,129500.0
T005688,C1752,P013,D037,A012,2024-12-28,1,95000.0,95000.0
T005689,C0278,P014,D001,A001,2025-11-26,10,26600.0,266000.0
T005690,C1232,P010,D020,A005,2025-01-04,1,22000.0,22000.0
T005691,C0451,P001,D010,A002,2025-01-14,15,42750.0,641250.0
T005692,C0298,P010,D005,A001,2026-02-05,5,22000.0,110000.0
T005693,C1308,P002,D026,A006,2024-02-19,6,6500.0,39000.0
T005694,C1128,P010,D023,A005,2024-02-13,8,22000.0,176000.0
T005695,C1455,P009,D029,A008,2026-01-29,15,8075.0,121125.0
T005696,C0599,P008,D017,A004,2024-09-26,10,51300.0,513000.0
T005697,C0870,P008,D016,A004,2024-10-12,10,51300.0,513000.0
T005698,C0775,P007,D016,A004,2024-12-06,6,85000.0,510000.0
T005699,C1872,P005,D039,A013,2026-04-25,8,12500.0,100000.0
T005700,C0566,P002,D015,A004,2026-04-18,8,6500.0,52000.0
T005701,C0569,P015,D014,A004,2025-09-27,6,49000.0,294000.0
T005702,C0683,P007,D013,A004,2026-07-17,4,85000.0,340000.0
T005703,C1084,P009,D022,A005,2025-03-28,14,8075.0,113050.0
T005704,C0492,P014,D012,A003,2026-03-01,13,26600.0,345800.0
T005705,C1755,P005,D037,A012,2024-10-18,4,12500.0,50000.0
T005706,C0515,P002,D012,A003,2024-02-28,8,6500.0,52000.0
T005707,C1727,P004,D036,A011,2025-07-06,2,38000.0,76000.0
T005708,C0198,P013,D007,A001,2024-01-06,9,95000.0,855000.0
T005709,C1251,P014,D026,A006,2024-01-10,10,26600.0,266000.0
T005710,C1741,P008,D037,A012,2024-04-26,15,51300.0,769500.0
T005711,C0323,P015,D011,A002,2024-09-23,5,49000.0,245000.0
T005712,C1836,P013,D040,A013,2026-02-01,11,90250.0,992750.0
T005713,C0881,P007,D018,A004,2024-05-24,3,85000.0,255000.0
T005714,C1806,P015,D041,A013,2024-05-15,7,49000.0,343000.0
T005715,C1300,P013,D026,A006,2024-06-22,12,90250.0,1083000.0
T005716,C0579,P011,D015,A004,2026-05-21,13,39900.0,518700.0
T005717,C0365,P015,D008,A002,2025-12-25,9,49000.0,441000.0
T005718,C0582,P007,D015,A004,2026-06-13,10,80750.0,807500.0
T005719,C0167,P010,D004,A001,2024-10-08,6,22000.0,132000.0
T005720,C0276,P003,D002,A001,2025-07-08,5,120000.0,600000.0
T005721,C0198,P005,D003,A001,2024-09-18,4,12500.0,50000.0
T005722,C0810,P013,D016,A004,2026-07-14,4,95000.0,380000.0
T005723,C1533,P014,D030,A009,2025-06-08,6,28000.0,168000.0
T005724,C0270,P010,D003,A001,2025-03-29,7,22000.0,154000.0
T005725,C0248,P005,D002,A001,2025-12-28,10,11875.0,118750.0
T005726,C1228,P003,D024,A005,2025-05-13,9,120000.0,1080000.0
T005727,C0381,P012,D008,A002,2024-11-20,2,31000.0,62000.0
T005728,C0181,P012,D001,A001,2026-04-20,9,31000.0,279000.0
T005729,C0317,P015,D011,A002,2026-06-13,6,49000.0,294000.0
T005730,C1777,P003,D040,A013,2024-05-12,12,114000.0,1368000.0
T005731,C1583,P013,D031,A009,2025-07-24,14,90250.0,1263500.0
T005732,C0683,P011,D018,A004,2024-11-03,12,39900.0,478800.0
T005733,C1251,P015,D026,A006,2024-07-17,9,49000.0,441000.0
T005734,C1036,P007,D023,A005,2026-02-12,1,85000.0,85000.0
T005735,C1300,P009,D026,A006,2024-02-14,3,8500.0,25500.0
T005736,C1307,P004,D026,A006,2025-12-04,9,38000.0,342000.0
T005737,C1202,P011,D020,A005,2024-01-23,8,42000.0,336000.0
T005738,C0515,P002,D012,A003,2026-03-26,5,6500.0,32500.0
T005739,C0060,P001,D001,A001,2025-01-02,1,45000.0,45000.0
T005740,C0884,P015,D014,A004,2026-08-10,5,49000.0,245000.0
T005741,C1712,P010,D036,A011,2024-12-21,5,22000.0,110000.0
T005742,C1091,P009,D023,A005,2024-04-20,5,8500.0,42500.0
T005743,C1600,P003,D035,A010,2024-01-25,8,120000.0,960000.0
T005744,C1884,P004,D040,A013,2026-04-25,11,36100.0,397100.0
T005745,C0311,P007,D011,A002,2025-04-02,14,80750.0,1130500.0
T005746,C1323,P004,D028,A007,2025-05-10,13,36100.0,469300.0
T005747,C1294,P011,D026,A006,2025-02-05,14,39900.0,558600.0
T005748,C1861,P003,D040,A013,2025-04-28,5,120000.0,600000.0
T005749,C1874,P014,D041,A013,2026-01-22,4,28000.0,112000.0
T005750,C1315,P002,D028,A007,2025-06-04,15,6175.0,92625.0
T005751,C0470,P004,D012,A003,2024-11-04,9,38000.0,342000.0
T005752,C1538,P008,D032,A009,2026-02-01,8,54000.0,432000.0
T005753,C0203,P005,D007,A001,2026-07-23,7,12500.0,87500.0
T005754,C1504,P002,D033,A009,2024-11-09,1,6500.0,6500.0
T005755,C1751,P006,D037,A012,2025-11-23,9,18500.0,166500.0
T005756,C0733,P010,D018,A004,2026-07-31,7,22000.0,154000.0
T005757,C1204,P009,D022,A005,2025-05-04,8,8500.0,68000.0
T005758,C0829,P005,D016,A004,2026-02-19,2,12500.0,25000.0
T005759,C0849,P005,D018,A004,2026-06-18,1,12500.0,12500.0
T005760,C0600,P014,D015,A004,2026-03-27,14,26600.0,372400.0
T005761,C1473,P004,D029,A008,2025-05-05,6,38000.0,228000.0
T005762,C1791,P006,D040,A013,2024-01-15,4,18500.0,74000.0
T005763,C1799,P010,D039,A013,2025-09-11,8,22000.0,176000.0
T005764,C0341,P011,D010,A002,2025-10-05,3,42000.0,126000.0
T005765,C1681,P001,D036,A011,2024-09-20,15,42750.0,641250.0
T005766,C1421,P015,D029,A008,2025-09-16,11,46550.0,512050.0
T005767,C0493,P009,D012,A003,2025-01-29,13,8075.0,104975.0
T005768,C0115,P001,D003,A001,2026-05-28,4,45000.0,180000.0
T005769,C0520,P014,D012,A003,2024-03-05,14,26600.0,372400.0
T005770,C1752,P011,D037,A012,2024-08-18,1,42000.0,42000.0
T005771,C1207,P008,D024,A005,2024-09-02,9,54000.0,486000.0
T005772,C1387,P013,D028,A007,2024-03-03,3,95000.0,285000.0
T005773,C0496,P015,D012,A003,2024-11-04,12,46550.0,558600.0
T005774,C1384,P015,D027,A007,2025-07-06,12,46550.0,558600.0
T005775,C0049,P003,D004,A001,2024-06-18,5,120000.0,600000.0
T005776,C0721,P008,D017,A004,2025-04-12,4,54000.0,216000.0
T005777,C1194,P015,D022,A005,2024-05-05,14,46550.0,651700.0
T005778,C0278,P007,D004,A001,2026-05-15,2,85000.0,170000.0
T005779,C1587,P002,D032,A009,2024-01-21,12,6175.0,74100.0
T005780,C0453,P014,D008,A002,2025-02-11,7,28000.0,196000.0
T005781,C1243,P003,D021,A005,2026-02-03,11,114000.0,1254000.0
T005782,C0775,P012,D017,A004,2025-10-20,12,29450.0,353400.0
T005783,C1130,P015,D024,A005,2024-03-18,9,49000.0,441000.0
T005784,C0205,P011,D006,A001,2024-07-04,3,42000.0,126000.0
T005785,C0027,P015,D005,A001,2025-03-09,8,49000.0,392000.0
T005786,C1749,P014,D037,A012,2024-04-04,11,26600.0,292600.0
T005787,C0521,P010,D012,A003,2024-12-07,8,22000.0,176000.0
T005788,C1579,P006,D031,A009,2025-09-03,9,18500.0,166500.0
T005789,C1900,P004,D040,A013,2026-02-15,2,38000.0,76000.0
T005790,C0412,P005,D009,A002,2024-10-19,8,12500.0,100000.0
T005791,C0515,P009,D012,A003,2026-05-28,3,8500.0,25500.0
T005792,C1265,P002,D026,A006,2024-04-04,13,6175.0,80275.0
T005793,C1832,P007,D041,A013,2025-04-28,11,80750.0,888250.0
T005794,C1755,P014,D037,A012,2024-08-02,2,28000.0,56000.0
T005795,C0989,P009,D020,A005,2024-07-16,7,8500.0,59500.0
T005796,C1533,P014,D031,A009,2025-01-04,4,28000.0,112000.0
T005797,C0263,P003,D007,A001,2026-01-20,2,120000.0,240000.0
T005798,C1856,P012,D041,A013,2025-04-06,6,31000.0,186000.0
T005799,C1830,P010,D040,A013,2026-05-19,10,20900.0,209000.0
T005800,C0311,P013,D011,A002,2024-01-02,6,95000.0,570000.0
T005801,C0574,P009,D014,A004,2024-07-10,1,8500.0,8500.0
T005802,C0184,P006,D003,A001,2025-01-14,7,18500.0,129500.0
T005803,C0525,P009,D012,A003,2025-03-23,9,8500.0,76500.0
T005804,C1577,P005,D032,A009,2026-01-06,5,12500.0,62500.0
T005805,C0726,P007,D014,A004,2026-02-08,3,85000.0,255000.0
T005806,C0158,P003,D006,A001,2024-01-28,7,120000.0,840000.0
T005807,C0664,P010,D015,A004,2024-05-30,10,20900.0,209000.0
T005808,C1869,P010,D039,A013,2024-09-29,8,22000.0,176000.0
T005809,C1203,P011,D021,A005,2024-02-21,7,42000.0,294000.0
T005810,C0799,P001,D017,A004,2025-08-15,12,42750.0,513000.0
T005811,C0316,P002,D009,A002,2026-08-11,1,6500.0,6500.0
T005812,C1875,P009,D039,A013,2025-08-24,13,8075.0,104975.0
T005813,C1583,P015,D030,A009,2026-03-10,11,46550.0,512050.0
T005814,C0544,P005,D012,A003,2025-03-12,2,12500.0,25000.0
T005815,C0122,P011,D004,A001,2025-06-09,1,42000.0,42000.0
T005816,C0104,P001,D001,A001,2026-06-04,6,45000.0,270000.0
T005817,C0224,P009,D001,A001,2024-03-22,13,8075.0,104975.0
T005818,C1104,P015,D021,A005,2024-08-04,15,46550.0,698250.0
T005819,C1784,P005,D039,A013,2024-07-09,2,12500.0,25000.0
T005820,C0974,P006,D021,A005,2025-08-11,6,18500.0,111000.0
T005821,C1616,P003,D034,A010,2026-02-15,11,114000.0,1254000.0
T005822,C0863,P014,D017,A004,2026-03-29,11,26600.0,292600.0
T005823,C1365,P005,D027,A007,2025-05-16,11,11875.0,130625.0
T005824,C1411,P001,D028,A007,2025-08-10,5,45000.0,225000.0
T005825,C0341,P010,D008,A002,2026-06-30,15,20900.0,313500.0
T005826,C0694,P013,D013,A004,2024-12-14,15,90250.0,1353750.0
T005827,C1214,P010,D022,A005,2024-10-25,4,22000.0,88000.0
T005828,C0123,P004,D006,A001,2024-09-30,15,36100.0,541500.0
T005829,C0694,P014,D017,A004,2025-02-27,1,28000.0,28000.0
T005830,C1030,P011,D025,A005,2024-01-30,6,42000.0,252000.0
T005831,C1892,P007,D039,A013,2026-08-07,5,85000.0,425000.0
T005832,C0928,P014,D017,A004,2025-10-24,12,26600.0,319200.0
T005833,C1577,P010,D033,A009,2024-02-14,5,22000.0,110000.0
T005834,C0833,P006,D013,A004,2025-11-30,7,18500.0,129500.0
T005835,C1535,P001,D032,A009,2026-07-02,13,42750.0,555750.0
T005836,C1129,P013,D021,A005,2024-04-12,2,95000.0,190000.0
T005837,C1701,P002,D036,A011,2024-08-28,9,6500.0,58500.0
T005838,C0790,P014,D016,A004,2025-05-24,8,28000.0,224000.0
T005839,C1143,P006,D020,A005,2024-03-15,9,18500.0,166500.0
T005840,C1203,P009,D024,A005,2024-02-13,5,8500.0,42500.0
T005841,C0802,P010,D013,A004,2024-02-03,13,20900.0,271700.0
T005842,C0276,P003,D003,A001,2026-03-03,15,114000.0,1710000.0
T005843,C0169,P013,D002,A001,2025-09-15,12,90250.0,1083000.0
T005844,C0026,P008,D004,A001,2024-07-30,13,51300.0,666900.0
T005845,C1681,P013,D036,A011,2025-08-03,11,90250.0,992750.0
T005846,C0455,P001,D011,A002,2024-09-15,9,45000.0,405000.0
T005847,C0412,P005,D008,A002,2026-01-10,10,11875.0,118750.0
T005848,C1417,P001,D028,A007,2024-02-28,12,42750.0,513000.0
T005849,C0625,P012,D016,A004,2024-03-17,8,31000.0,248000.0
T005850,C0991,P006,D021,A005,2026-01-15,11,17575.0,193325.0
T005851,C0311,P003,D009,A002,2025-11-12,5,120000.0,600000.0
T005852,C1825,P010,D040,A013,2025-11-25,6,22000.0,132000.0
T005853,C1637,P007,D034,A010,2024-11-26,14,80750.0,1130500.0
T005854,C1667,P015,D034,A010,2025-11-10,12,46550.0,558600.0
T005855,C0779,P001,D013,A004,2026-07-22,14,42750.0,598500.0
T005856,C1473,P006,D029,A008,2025-08-25,5,18500.0,92500.0
T005857,C0276,P002,D007,A001,2024-11-11,9,6500.0,58500.0
T005858,C0012,P010,D004,A001,2026-02-06,6,22000.0,132000.0
T005859,C0033,P003,D001,A001,2025-02-01,14,114000.0,1596000.0
T005860,C1117,P002,D024,A005,2026-05-15,11,6175.0,67925.0
T005861,C0884,P004,D014,A004,2025-12-13,1,38000.0,38000.0
T005862,C1009,P006,D021,A005,2025-10-02,7,18500.0,129500.0
T005863,C0011,P009,D006,A001,2025-10-24,13,8075.0,104975.0
T005864,C0810,P004,D015,A004,2024-10-15,7,38000.0,266000.0
T005865,C1380,P008,D028,A007,2025-11-09,10,51300.0,513000.0
T005866,C0853,P014,D018,A004,2025-08-08,13,26600.0,345800.0
T005867,C1412,P001,D028,A007,2024-06-14,9,45000.0,405000.0
T005868,C0451,P003,D010,A002,2025-04-01,8,120000.0,960000.0
T005869,C1571,P003,D033,A009,2024-10-20,15,114000.0,1710000.0
T005870,C1118,P015,D021,A005,2026-01-28,8,49000.0,392000.0
T005871,C0412,P002,D010,A002,2024-12-13,6,6500.0,39000.0
T005872,C0455,P013,D010,A002,2024-06-20,10,90250.0,902500.0
T005873,C1199,P003,D019,A005,2025-05-10,4,120000.0,480000.0
T005874,C1597,P009,D035,A010,2026-08-06,11,8075.0,88825.0
T005875,C0798,P003,D013,A004,2026-07-01,3,120000.0,360000.0
T005876,C0497,P003,D012,A003,2024-11-17,13,114000.0,1482000.0
T005877,C1671,P003,D036,A011,2024-11-15,11,114000.0,1254000.0
T005878,C1284,P004,D026,A006,2024-10-24,6,38000.0,228000.0
T005879,C0870,P004,D013,A004,2026-06-23,3,38000.0,114000.0
T005880,C0958,P002,D013,A004,2024-08-03,2,6500.0,13000.0
T005881,C0398,P002,D010,A002,2024-09-11,8,6500.0,52000.0
T005882,C1194,P001,D025,A005,2025-01-15,6,45000.0,270000.0
T005883,C0691,P015,D016,A004,2025-04-30,1,49000.0,49000.0
T005884,C1892,P010,D041,A013,2025-02-13,10,20900.0,209000.0
T005885,C0944,P009,D016,A004,2025-12-13,3,8500.0,25500.0
T005886,C0956,P013,D015,A004,2024-03-20,2,95000.0,190000.0
T005887,C1084,P007,D025,A005,2024-10-23,10,80750.0,807500.0
T005888,C1756,P012,D037,A012,2024-07-13,4,31000.0,124000.0
T005889,C1546,P008,D030,A009,2026-07-21,2,54000.0,108000.0
T005890,C0880,P011,D015,A004,2025-10-12,3,42000.0,126000.0
T005891,C1384,P014,D028,A007,2026-04-14,13,26600.0,345800.0
T005892,C1117,P012,D021,A005,2026-08-12,10,29450.0,294500.0
T005893,C0964,P003,D014,A004,2026-02-21,9,120000.0,1080000.0
T005894,C0373,P007,D008,A002,2025-03-17,7,85000.0,595000.0
T005895,C0903,P011,D015,A004,2026-07-22,15,39900.0,598500.0
T005896,C0476,P002,D012,A003,2026-07-08,2,6500.0,13000.0
T005897,C1755,P008,D037,A012,2024-09-02,10,51300.0,513000.0
T005898,C0647,P011,D015,A004,2026-08-16,15,39900.0,598500.0
T005899,C1816,P003,D039,A013,2025-02-16,14,114000.0,1596000.0
T005900,C1029,P009,D023,A005,2026-01-08,5,8500.0,42500.0
T005901,C1206,P008,D019,A005,2026-04-11,5,54000.0,270000.0
T005902,C1047,P001,D023,A005,2025-11-17,1,45000.0,45000.0
T005903,C0248,P002,D007,A001,2026-05-15,8,6500.0,52000.0
T005904,C0722,P001,D014,A004,2026-01-20,8,45000.0,360000.0
T005905,C0184,P005,D003,A001,2026-08-17,4,12500.0,50000.0
T005906,C1185,P007,D019,A005,2024-10-20,5,85000.0,425000.0
T005907,C0867,P008,D013,A004,2024-05-02,9,54000.0,486000.0
T005908,C1500,P012,D033,A009,2026-01-04,8,31000.0,248000.0
T005909,C0423,P010,D011,A002,2025-03-24,9,22000.0,198000.0
T005910,C0315,P015,D009,A002,2025-12-09,4,49000.0,196000.0
T005911,C0779,P014,D017,A004,2024-04-17,6,28000.0,168000.0
T005912,C1781,P014,D039,A013,2026-03-21,6,28000.0,168000.0
T005913,C1368,P011,D028,A007,2025-09-03,8,42000.0,336000.0
T005914,C0805,P013,D018,A004,2024-03-03,8,95000.0,760000.0
T005915,C1009,P011,D021,A005,2024-12-11,4,42000.0,168000.0
T005916,C0152,P002,D007,A001,2026-08-08,5,6500.0,32500.0
T005917,C1872,P010,D039,A013,2024-04-21,11,20900.0,229900.0
T005918,C1279,P008,D026,A006,2024-09-21,1,54000.0,54000.0
T005919,C0549,P011,D014,A004,2024-11-30,14,39900.0,558600.0
T005920,C1116,P006,D022,A005,2024-11-24,3,18500.0,55500.0
T005921,C0206,P015,D006,A001,2024-10-03,4,49000.0,196000.0
T005922,C1832,P013,D039,A013,2024-01-25,3,95000.0,285000.0
T005923,C0341,P005,D011,A002,2024-02-12,8,12500.0,100000.0
T005924,C1235,P014,D024,A005,2024-04-19,12,26600.0,319200.0
T005925,C0476,P007,D012,A003,2026-08-31,4,85000.0,340000.0
T005926,C1377,P004,D027,A007,2024-04-30,12,36100.0,433200.0
T005927,C1496,P010,D031,A009,2026-03-19,3,22000.0,66000.0
T005928,C1292,P006,D026,A006,2025-02-10,15,17575.0,263625.0
T005929,C1176,P012,D025,A005,2024-12-09,15,29450.0,441750.0
T005930,C1715,P003,D036,A011,2025-02-10,5,120000.0,600000.0
T005931,C0146,P012,D001,A001,2026-03-30,1,31000.0,31000.0
T005932,C0642,P008,D016,A004,2026-02-03,1,54000.0,54000.0
T005933,C0481,P004,D012,A003,2024-04-08,14,36100.0,505400.0
T005934,C1876,P002,D041,A013,2025-04-29,10,6175.0,61750.0
T005935,C0746,P009,D016,A004,2024-12-28,4,8500.0,34000.0
T005936,C1412,P005,D027,A007,2024-07-02,1,12500.0,12500.0
T005937,C1311,P013,D027,A007,2026-08-12,8,95000.0,760000.0
T005938,C0412,P005,D010,A002,2026-07-23,9,12500.0,112500.0
T005939,C0463,P005,D012,A003,2025-07-07,12,11875.0,142500.0
T005940,C0543,P015,D012,A003,2025-11-14,14,46550.0,651700.0
T005941,C0790,P013,D017,A004,2024-02-28,2,95000.0,190000.0
T005942,C0453,P006,D009,A002,2025-12-04,15,17575.0,263625.0
T005943,C0031,P006,D002,A001,2024-05-31,4,18500.0,74000.0
T005944,C1687,P013,D036,A011,2025-02-11,11,90250.0,992750.0
T005945,C1832,P011,D041,A013,2025-07-16,5,42000.0,210000.0
T005946,C0660,P012,D014,A004,2025-03-04,2,31000.0,62000.0
T005947,C0651,P005,D014,A004,2025-04-23,10,11875.0,118750.0
T005948,C0011,P001,D002,A001,2024-05-03,15,42750.0,641250.0
T005949,C1305,P010,D026,A006,2024-11-15,8,22000.0,176000.0
T005950,C1591,P010,D035,A010,2025-11-08,13,20900.0,271700.0
T005951,C0278,P002,D005,A001,2026-02-05,1,6500.0,6500.0
T005952,C0306,P003,D005,A001,2025-11-07,7,120000.0,840000.0
T005953,C1525,P004,D032,A009,2025-02-27,13,36100.0,469300.0
T005954,C1176,P013,D021,A005,2025-02-10,11,90250.0,992750.0
T005955,C0072,P005,D005,A001,2026-02-17,15,11875.0,178125.0
T005956,C1184,P001,D022,A005,2024-11-23,13,42750.0,555750.0
T005957,C0598,P011,D016,A004,2025-05-11,10,39900.0,399000.0
T005958,C0710,P009,D015,A004,2024-04-26,3,8500.0,25500.0
T005959,C1483,P003,D030,A009,2025-02-19,10,114000.0,1140000.0
T005960,C1568,P015,D031,A009,2026-08-04,6,49000.0,294000.0
T005961,C0765,P006,D016,A004,2026-08-09,7,18500.0,129500.0
T005962,C1812,P003,D039,A013,2025-11-16,5,120000.0,600000.0
T005963,C0779,P015,D014,A004,2025-03-22,7,49000.0,343000.0
T005964,C1487,P011,D032,A009,2024-02-18,9,42000.0,378000.0
T005965,C0954,P004,D016,A004,2026-05-20,11,36100.0,397100.0
T005966,C1729,P014,D036,A011,2025-02-28,9,28000.0,252000.0
T005967,C1742,P001,D037,A012,2025-08-25,6,45000.0,270000.0
T005968,C0158,P003,D007,A001,2024-05-26,8,120000.0,960000.0
T005969,C1792,P011,D038,A013,2024-10-14,8,42000.0,336000.0
T005970,C1591,P015,D034,A010,2025-04-08,13,46550.0,605150.0
T005971,C1527,P013,D033,A009,2024-10-22,8,95000.0,760000.0
T005972,C0392,P003,D009,A002,2025-12-02,7,120000.0,840000.0
T005973,C1558,P010,D032,A009,2024-09-23,3,22000.0,66000.0
T005974,C1636,P010,D034,A010,2026-01-16,12,20900.0,250800.0
T005975,C0556,P009,D014,A004,2024-05-24,13,8075.0,104975.0
T005976,C1816,P015,D038,A013,2026-03-11,10,46550.0,465500.0
T005977,C0088,P011,D004,A001,2026-07-31,2,42000.0,84000.0
T005978,C0287,P014,D007,A001,2024-02-01,10,26600.0,266000.0
T005979,C1038,P010,D020,A005,2024-08-24,7,22000.0,154000.0
T005980,C1098,P013,D021,A005,2024-12-03,14,90250.0,1263500.0
T005981,C1230,P003,D022,A005,2025-05-15,4,120000.0,480000.0
T005982,C0027,P003,D002,A001,2026-07-06,3,120000.0,360000.0
T005983,C1828,P006,D038,A013,2026-03-06,2,18500.0,37000.0
T005984,C0072,P014,D002,A001,2025-08-03,15,26600.0,399000.0
T005985,C0275,P011,D004,A001,2024-12-12,14,39900.0,558600.0
T005986,C0022,P001,D005,A001,2025-02-12,3,45000.0,135000.0
T005987,C1087,P002,D020,A005,2024-07-23,10,6175.0,61750.0
T005988,C1786,P012,D040,A013,2026-04-27,8,31000.0,248000.0
T005989,C1277,P007,D026,A006,2026-07-17,8,85000.0,680000.0
T005990,C1587,P004,D031,A009,2025-11-05,1,38000.0,38000.0
T005991,C0021,P010,D006,A001,2024-03-30,9,22000.0,198000.0
T005992,C1046,P014,D019,A005,2026-03-04,7,28000.0,196000.0
T005993,C0893,P009,D015,A004,2026-07-16,13,8075.0,104975.0
T005994,C0984,P014,D022,A005,2025-10-26,14,26600.0,372400.0
T005995,C0124,P010,D001,A001,2026-08-22,10,20900.0,209000.0
T005996,C1311,P007,D027,A007,2026-01-28,3,85000.0,255000.0
T005997,C0989,P010,D024,A005,2025-08-10,13,20900.0,271700.0
T005998,C1479,P008,D030,A009,2026-01-25,5,54000.0,270000.0
T005999,C0956,P005,D017,A004,2024-04-16,14,11875.0,166250.0
T006000,C0285,P008,D004,A001,2026-02-21,5,54000.0,270000.0
T006001,C1236,P002,D025,A005,2024-07-09,11,6175.0,67925.0
T006002,C0336,P012,D011,A002,2024-07-15,9,31000.0,279000.0
T006003,C1678,P015,D036,A011,2024-09-20,8,49000.0,392000.0
T006004,C1168,P011,D020,A005,2025-08-28,15,39900.0,598500.0
T006005,C0300,P001,D005,A001,2026-01-23,4,45000.0,180000.0
T006006,C1829,P006,D039,A013,2026-01-23,6,18500.0,111000.0
T006007,C1009,P012,D020,A005,2025-11-19,12,29450.0,353400.0
T006008,C0124,P002,D005,A001,2025-11-20,11,6175.0,67925.0
T006009,C1194,P013,D020,A005,2026-02-16,6,95000.0,570000.0
T006010,C0494,P014,D012,A003,2026-06-05,4,28000.0,112000.0
T006011,C1551,P015,D031,A009,2024-11-27,5,49000.0,245000.0
T006012,C1578,P003,D031,A009,2024-02-03,7,120000.0,840000.0
T006013,C1858,P012,D040,A013,2024-12-15,13,29450.0,382850.0
T006014,C0989,P015,D021,A005,2024-12-20,8,49000.0,392000.0
T006015,C0883,P011,D013,A004,2026-02-13,10,39900.0,399000.0
T006016,C1451,P003,D029,A008,2026-08-22,5,120000.0,600000.0
T006017,C0253,P006,D002,A001,2026-01-17,7,18500.0,129500.0
T006018,C1053,P007,D019,A005,2026-03-16,4,85000.0,340000.0
T006019,C1052,P002,D022,A005,2024-04-12,7,6500.0,45500.0
T006020,C0161,P011,D001,A001,2025-05-10,13,39900.0,518700.0
T006021,C0803,P008,D013,A004,2024-05-10,8,54000.0,432000.0
T006022,C1638,P013,D035,A010,2024-09-02,13,90250.0,1173250.0
T006023,C1648,P014,D035,A010,2026-05-26,1,28000.0,28000.0
T006024,C0184,P003,D005,A001,2025-03-12,8,120000.0,960000.0
T006025,C0161,P007,D002,A001,2025-09-19,4,85000.0,340000.0
T006026,C0511,P015,D012,A003,2025-07-19,15,46550.0,698250.0
T006027,C1681,P009,D036,A011,2025-12-07,5,8500.0,42500.0
T006028,C0248,P015,D001,A001,2025-09-14,14,46550.0,651700.0
T006029,C1385,P002,D028,A007,2024-12-08,6,6500.0,39000.0
T006030,C0188,P005,D006,A001,2024-08-27,9,12500.0,112500.0
T006031,C1187,P010,D025,A005,2025-04-22,3,22000.0,66000.0
T006032,C0686,P007,D017,A004,2025-10-09,1,85000.0,85000.0
T006033,C1525,P015,D030,A009,2025-09-23,6,49000.0,294000.0
T006034,C0452,P004,D010,A002,2025-10-23,6,38000.0,228000.0
T006035,C1218,P002,D020,A005,2024-06-01,10,6175.0,61750.0
T006036,C0455,P015,D010,A002,2024-07-26,15,46550.0,698250.0
T006037,C1373,P010,D027,A007,2026-06-11,10,20900.0,209000.0
T006038,C1681,P009,D036,A011,2025-06-08,15,8075.0,121125.0
T006039,C0244,P003,D003,A001,2025-12-30,11,114000.0,1254000.0
T006040,C1670,P007,D034,A010,2025-03-07,7,85000.0,595000.0
T006041,C1128,P013,D019,A005,2026-04-07,7,95000.0,665000.0
T006042,C0246,P013,D003,A001,2024-12-21,4,95000.0,380000.0
T006043,C0827,P007,D018,A004,2025-08-04,9,85000.0,765000.0
T006044,C0309,P010,D003,A001,2025-07-05,7,22000.0,154000.0
T006045,C1337,P012,D028,A007,2025-12-21,3,31000.0,93000.0
T006046,C1464,P002,D029,A008,2025-08-17,4,6500.0,26000.0
T006047,C0201,P004,D001,A001,2024-11-15,15,36100.0,541500.0
T006048,C0991,P002,D021,A005,2024-09-15,5,6500.0,32500.0
T006049,C1573,P007,D033,A009,2026-05-12,7,85000.0,595000.0
T006050,C1791,P006,D041,A013,2024-09-24,1,18500.0,18500.0
T006051,C1003,P012,D024,A005,2025-12-09,8,31000.0,248000.0
T006052,C1815,P004,D040,A013,2024-09-14,15,36100.0,541500.0
T006053,C1032,P008,D025,A005,2025-11-05,15,51300.0,769500.0
T006054,C0753,P002,D018,A004,2025-10-22,1,6500.0,6500.0
T006055,C1633,P013,D034,A010,2025-09-28,14,90250.0,1263500.0
T006056,C0964,P004,D015,A004,2026-08-31,13,36100.0,469300.0
T006057,C0923,P002,D018,A004,2026-01-28,2,6500.0,13000.0
T006058,C0962,P003,D013,A004,2025-08-24,3,120000.0,360000.0
T006059,C1633,P001,D034,A010,2024-07-02,10,42750.0,427500.0
T006060,C1600,P002,D035,A010,2025-03-27,5,6500.0,32500.0
T006061,C0768,P010,D013,A004,2025-12-26,6,22000.0,132000.0
T006062,C0645,P004,D018,A004,2025-09-24,1,38000.0,38000.0
T006063,C0964,P008,D018,A004,2026-02-27,5,54000.0,270000.0
T006064,C1095,P003,D025,A005,2025-01-26,4,120000.0,480000.0
T006065,C0459,P014,D010,A002,2026-06-24,12,26600.0,319200.0
T006066,C1528,P004,D032,A009,2025-07-28,4,38000.0,152000.0
T006067,C0956,P001,D013,A004,2025-03-08,13,42750.0,555750.0
T006068,C0646,P011,D018,A004,2024-09-26,13,39900.0,518700.0
T006069,C0201,P010,D002,A001,2026-06-14,5,22000.0,110000.0
T006070,C0463,P015,D012,A003,2024-07-27,5,49000.0,245000.0
T006071,C1813,P012,D038,A013,2026-02-15,12,29450.0,353400.0
T006072,C0585,P014,D013,A004,2025-10-02,14,26600.0,372400.0
T006073,C0323,P001,D011,A002,2025-11-12,4,45000.0,180000.0
T006074,C0893,P015,D016,A004,2025-04-17,11,46550.0,512050.0
T006075,C0588,P013,D013,A004,2025-07-11,13,90250.0,1173250.0
T006076,C0057,P009,D005,A001,2024-09-03,15,8075.0,121125.0
T006077,C0629,P001,D018,A004,2024-05-23,13,42750.0,555750.0
T006078,C1049,P006,D020,A005,2026-03-12,6,18500.0,111000.0
T006079,C1059,P002,D023,A005,2025-11-02,11,6175.0,67925.0
T006080,C0687,P012,D014,A004,2025-06-19,7,31000.0,217000.0
T006081,C0868,P003,D015,A004,2026-04-06,1,120000.0,120000.0
T006082,C1832,P010,D039,A013,2024-02-28,4,22000.0,88000.0
T006083,C0724,P005,D015,A004,2024-01-11,10,11875.0,118750.0
T006084,C0497,P010,D012,A003,2026-02-24,8,22000.0,176000.0
T006085,C0470,P010,D012,A003,2024-08-29,10,20900.0,209000.0
T006086,C0889,P001,D016,A004,2026-05-20,12,42750.0,513000.0
T006087,C1465,P003,D029,A008,2025-01-28,6,120000.0,720000.0
T006088,C0406,P001,D009,A002,2025-12-09,5,45000.0,225000.0
T006089,C1367,P012,D027,A007,2024-08-29,9,31000.0,279000.0
T006090,C0034,P003,D001,A001,2024-03-16,1,120000.0,120000.0
T006091,C0805,P015,D018,A004,2026-08-04,13,46550.0,605150.0
T006092,C1496,P005,D032,A009,2025-05-18,10,11875.0,118750.0
T006093,C0651,P002,D018,A004,2026-04-23,12,6175.0,74100.0
T006094,C1078,P004,D024,A005,2024-05-17,3,38000.0,114000.0
T006095,C0400,P010,D008,A002,2024-05-17,6,22000.0,132000.0
T006096,C1425,P009,D029,A008,2025-08-10,2,8500.0,17000.0
T006097,C0094,P012,D003,A001,2024-04-18,12,29450.0,353400.0
T006098,C1637,P013,D034,A010,2024-02-26,3,95000.0,285000.0
T006099,C0383,P014,D011,A002,2024-11-30,6,28000.0,168000.0
T006100,C1681,P011,D036,A011,2025-05-20,13,39900.0,518700.0
T006101,C0680,P004,D018,A004,2024-01-24,13,36100.0,469300.0
T006102,C1390,P007,D028,A007,2026-05-05,9,85000.0,765000.0
T006103,C0625,P008,D015,A004,2025-03-03,3,54000.0,162000.0
T006104,C1739,P010,D037,A012,2025-07-29,3,22000.0,66000.0
T006105,C0244,P015,D003,A001,2025-02-11,3,49000.0,147000.0
T006106,C0349,P012,D010,A002,2026-05-15,10,29450.0,294500.0
T006107,C0964,P014,D015,A004,2024-03-17,13,26600.0,345800.0
T006108,C0150,P008,D004,A001,2026-05-16,4,54000.0,216000.0
T006109,C0379,P014,D009,A002,2024-12-23,7,28000.0,196000.0
T006110,C1803,P015,D040,A013,2025-05-24,7,49000.0,343000.0
T006111,C1852,P008,D041,A013,2026-01-10,1,54000.0,54000.0
T006112,C0723,P014,D013,A004,2025-02-09,8,28000.0,224000.0
T006113,C1777,P005,D040,A013,2024-03-09,2,12500.0,25000.0
T006114,C1049,P003,D025,A005,2026-05-13,6,120000.0,720000.0
T006115,C0521,P003,D012,A003,2024-09-25,7,120000.0,840000.0
T006116,C1348,P012,D027,A007,2026-03-15,13,29450.0,382850.0
T006117,C1254,P012,D026,A006,2024-08-13,9,31000.0,279000.0
T006118,C1880,P006,D038,A013,2026-01-03,5,18500.0,92500.0
T006119,C0515,P001,D012,A003,2024-01-29,11,42750.0,470250.0
T006120,C1290,P003,D026,A006,2025-07-28,1,120000.0,120000.0
T006121,C0094,P005,D006,A001,2026-04-19,7,12500.0,87500.0
T006122,C0212,P012,D001,A001,2026-06-27,14,29450.0,412300.0
T006123,C0006,P008,D006,A001,2024-04-03,6,54000.0,324000.0
T006124,C1900,P006,D040,A013,2025-01-13,13,17575.0,228475.0
T006125,C1550,P006,D031,A009,2026-07-08,11,17575.0,193325.0
T006126,C1518,P010,D030,A009,2025-03-19,10,20900.0,209000.0
T006127,C0997,P011,D024,A005,2025-09-06,12,39900.0,478800.0
T006128,C0576,P011,D018,A004,2024-11-25,2,42000.0,84000.0
T006129,C0289,P002,D005,A001,2024-04-01,8,6500.0,52000.0
T006130,C0549,P013,D013,A004,2024-05-05,2,95000.0,190000.0
T006131,C0722,P007,D013,A004,2025-08-01,9,85000.0,765000.0
T006132,C1460,P006,D029,A008,2024-10-15,11,17575.0,193325.0
T006133,C1041,P002,D023,A005,2025-11-01,8,6500.0,52000.0
T006134,C0140,P012,D003,A001,2025-09-23,8,31000.0,248000.0
T006135,C0029,P011,D003,A001,2025-01-01,10,39900.0,399000.0
T006136,C0195,P005,D002,A001,2024-01-18,11,11875.0,130625.0
T006137,C0790,P009,D014,A004,2025-07-12,11,8075.0,88825.0
T006138,C1787,P008,D041,A013,2024-06-27,6,54000.0,324000.0
T006139,C1214,P006,D019,A005,2025-09-12,1,18500.0,18500.0
T006140,C1549,P013,D033,A009,2024-01-03,14,90250.0,1263500.0
T006141,C0914,P011,D013,A004,2026-05-28,11,39900.0,438900.0
T006142,C0694,P005,D013,A004,2024-08-04,13,11875.0,154375.0
T006143,C0205,P005,D007,A001,2026-06-01,9,12500.0,112500.0
T006144,C1683,P013,D036,A011,2025-08-25,14,90250.0,1263500.0
T006145,C1508,P012,D030,A009,2025-12-10,7,31000.0,217000.0
T006146,C0323,P007,D008,A002,2026-04-20,6,85000.0,510000.0
T006147,C1002,P010,D019,A005,2025-03-21,15,20900.0,313500.0
T006148,C0957,P007,D013,A004,2024-01-20,1,85000.0,85000.0
T006149,C1188,P011,D020,A005,2024-01-28,15,39900.0,598500.0
T006150,C1808,P010,D041,A013,2025-08-20,2,22000.0,44000.0
T006151,C1103,P005,D023,A005,2024-09-24,15,11875.0,178125.0
T006152,C1041,P007,D020,A005,2024-07-28,8,85000.0,680000.0
T006153,C0090,P005,D005,A001,2025-12-10,2,12500.0,25000.0
T006154,C0111,P012,D005,A001,2025-05-24,14,29450.0,412300.0
T006155,C0362,P013,D008,A002,2024-05-02,12,90250.0,1083000.0
T006156,C0053,P015,D006,A001,2026-08-16,3,49000.0,147000.0
T006157,C1433,P005,D029,A008,2025-10-06,15,11875.0,178125.0
T006158,C1390,P013,D027,A007,2024-05-28,8,95000.0,760000.0
T006159,C0265,P004,D006,A001,2025-06-06,8,38000.0,304000.0
T006160,C1607,P002,D034,A010,2025-11-22,3,6500.0,19500.0
T006161,C0295,P003,D001,A001,2024-11-08,5,120000.0,600000.0
T006162,C0579,P014,D015,A004,2024-04-24,10,26600.0,266000.0
T006163,C0482,P002,D012,A003,2026-06-20,5,6500.0,32500.0
T006164,C0716,P001,D015,A004,2024-05-24,11,42750.0,470250.0
T006165,C0494,P012,D012,A003,2025-06-07,5,31000.0,155000.0
T006166,C0958,P001,D018,A004,2024-05-07,9,45000.0,405000.0
T006167,C0779,P013,D013,A004,2024-09-01,8,95000.0,760000.0
T006168,C1876,P004,D038,A013,2026-05-09,6,38000.0,228000.0
T006169,C0101,P012,D007,A001,2025-10-16,2,31000.0,62000.0
T006170,C0272,P009,D001,A001,2024-08-26,7,8500.0,59500.0
T006171,C0094,P011,D003,A001,2026-05-27,3,42000.0,126000.0
T006172,C1188,P007,D023,A005,2025-01-11,5,85000.0,425000.0
T006173,C0099,P008,D001,A001,2025-10-11,1,54000.0,54000.0
T006174,C1607,P002,D034,A010,2024-10-01,1,6500.0,6500.0
T006175,C1001,P005,D024,A005,2025-10-13,11,11875.0,130625.0
T006176,C1023,P014,D023,A005,2024-05-10,2,28000.0,56000.0
T006177,C1074,P011,D025,A005,2024-04-12,2,42000.0,84000.0
T006178,C0328,P009,D010,A002,2024-01-28,10,8075.0,80750.0
T006179,C0383,P009,D010,A002,2025-06-04,10,8075.0,80750.0
T006180,C0624,P012,D017,A004,2024-10-11,12,29450.0,353400.0
T006181,C1128,P014,D020,A005,2025-11-05,15,26600.0,399000.0
T006182,C0411,P005,D009,A002,2025-11-26,2,12500.0,25000.0
T006183,C0216,P005,D005,A001,2024-01-02,5,12500.0,62500.0
T006184,C1837,P005,D040,A013,2025-03-06,12,11875.0,142500.0
T006185,C0036,P005,D006,A001,2024-11-21,3,12500.0,37500.0
T006186,C1551,P009,D033,A009,2024-11-01,7,8500.0,59500.0
T006187,C1521,P015,D030,A009,2024-09-13,4,49000.0,196000.0
T006188,C0571,P002,D014,A004,2026-08-19,10,6175.0,61750.0
T006189,C0261,P010,D004,A001,2024-12-14,5,22000.0,110000.0
T006190,C0278,P008,D002,A001,2026-02-05,13,51300.0,666900.0
T006191,C1334,P003,D027,A007,2024-09-20,2,120000.0,240000.0
T006192,C1225,P001,D024,A005,2024-07-27,14,42750.0,598500.0
T006193,C1507,P003,D032,A009,2025-05-01,3,120000.0,360000.0
T006194,C1794,P001,D041,A013,2024-10-31,15,42750.0,641250.0
T006195,C1323,P008,D027,A007,2026-08-23,11,51300.0,564300.0
T006196,C0296,P010,D005,A001,2025-07-24,11,20900.0,229900.0
T006197,C0470,P004,D012,A003,2025-01-16,3,38000.0,114000.0
T006198,C1616,P009,D034,A010,2025-10-17,8,8500.0,68000.0
T006199,C0411,P013,D009,A002,2025-03-01,4,95000.0,380000.0
T006200,C0124,P013,D007,A001,2026-02-23,6,95000.0,570000.0
T006201,C1348,P013,D027,A007,2025-06-24,2,95000.0,190000.0
T006202,C0768,P003,D017,A004,2024-05-02,8,120000.0,960000.0
T006203,C1768,P011,D037,A012,2025-02-25,5,42000.0,210000.0
T006204,C1242,P015,D021,A005,2024-12-13,4,49000.0,196000.0
T006205,C0161,P008,D006,A001,2024-04-11,13,51300.0,666900.0
T006206,C1812,P001,D039,A013,2024-07-08,5,45000.0,225000.0
T006207,C0497,P013,D012,A003,2026-06-05,1,95000.0,95000.0
T006208,C0651,P013,D016,A004,2024-08-18,2,95000.0,190000.0
T006209,C0768,P004,D013,A004,2025-11-04,9,38000.0,342000.0
T006210,C0093,P003,D003,A001,2024-09-17,8,120000.0,960000.0
T006211,C0974,P015,D022,A005,2024-05-01,15,46550.0,698250.0
T006212,C0232,P008,D005,A001,2026-04-10,9,54000.0,486000.0
T006213,C0765,P001,D014,A004,2024-11-06,14,42750.0,598500.0
T006214,C0676,P011,D014,A004,2025-04-27,13,39900.0,518700.0
T006215,C1488,P006,D031,A009,2024-02-08,8,18500.0,148000.0
T006216,C1551,P006,D031,A009,2026-04-15,15,17575.0,263625.0
T006217,C0294,P010,D004,A001,2025-05-19,9,22000.0,198000.0
T006218,C0706,P014,D013,A004,2026-08-11,2,28000.0,56000.0
T006219,C0718,P001,D014,A004,2025-04-22,8,45000.0,360000.0
T006220,C0290,P004,D001,A001,2025-02-02,3,38000.0,114000.0
T006221,C1538,P001,D030,A009,2024-08-08,7,45000.0,315000.0
T006222,C1361,P005,D027,A007,2025-08-22,13,11875.0,154375.0
T006223,C0370,P014,D011,A002,2025-10-16,14,26600.0,372400.0
T006224,C0706,P015,D015,A004,2025-05-29,2,49000.0,98000.0
T006225,C0201,P002,D002,A001,2025-08-29,13,6175.0,80275.0
T006226,C1199,P014,D022,A005,2024-05-17,6,28000.0,168000.0
T006227,C0228,P015,D001,A001,2026-01-31,14,46550.0,651700.0
T006228,C1875,P003,D041,A013,2024-06-05,4,120000.0,480000.0
T006229,C1504,P008,D032,A009,2025-07-24,12,51300.0,615600.0
T006230,C0746,P003,D017,A004,2024-06-12,6,120000.0,720000.0
T006231,C1100,P014,D025,A005,2025-12-21,11,26600.0,292600.0
T006232,C1751,P007,D037,A012,2024-10-31,6,85000.0,510000.0
T006233,C1062,P006,D020,A005,2024-12-29,12,17575.0,210900.0
T006234,C0341,P003,D010,A002,2025-03-23,7,120000.0,840000.0
T006235,C0728,P003,D016,A004,2026-07-22,12,114000.0,1368000.0
T006236,C1616,P008,D034,A010,2024-10-11,13,51300.0,666900.0
T006237,C1230,P013,D020,A005,2024-10-28,12,90250.0,1083000.0
T006238,C1243,P007,D021,A005,2024-05-30,6,85000.0,510000.0
T006239,C1670,P005,D034,A010,2025-05-08,2,12500.0,25000.0
T006240,C1725,P001,D036,A011,2024-10-24,14,42750.0,598500.0
T006241,C1765,P007,D037,A012,2024-05-05,6,85000.0,510000.0
T006242,C0171,P010,D005,A001,2025-01-14,3,22000.0,66000.0
T006243,C1049,P011,D021,A005,2024-10-13,13,39900.0,518700.0
T006244,C1423,P011,D029,A008,2024-08-06,14,39900.0,558600.0
T006245,C1462,P007,D029,A008,2025-06-27,13,80750.0,1049750.0
T006246,C1155,P006,D021,A005,2025-05-29,11,17575.0,193325.0
T006247,C0317,P009,D011,A002,2025-01-17,13,8075.0,104975.0
T006248,C1537,P012,D033,A009,2024-09-23,3,31000.0,93000.0
T006249,C1385,P011,D027,A007,2026-01-18,13,39900.0,518700.0
T006250,C0154,P008,D003,A001,2025-02-17,9,54000.0,486000.0
T006251,C0903,P009,D015,A004,2024-03-04,13,8075.0,104975.0
T006252,C0341,P011,D011,A002,2026-07-18,13,39900.0,518700.0
T006253,C0651,P001,D017,A004,2024-04-19,6,45000.0,270000.0
T006254,C0029,P008,D005,A001,2025-11-21,13,51300.0,666900.0
T006255,C0765,P015,D017,A004,2026-07-13,4,49000.0,196000.0
T006256,C1055,P007,D022,A005,2024-03-13,11,80750.0,888250.0
T006257,C1182,P008,D021,A005,2024-06-24,4,54000.0,216000.0
T006258,C1265,P012,D026,A006,2026-01-15,13,29450.0,382850.0
T006259,C1607,P011,D035,A010,2024-07-14,6,42000.0,252000.0
T006260,C0415,P006,D011,A002,2024-02-26,6,18500.0,111000.0
T006261,C0224,P004,D004,A001,2024-03-19,4,38000.0,152000.0
T006262,C1637,P013,D035,A010,2024-10-07,13,90250.0,1173250.0
T006263,C0298,P010,D007,A001,2025-11-03,5,22000.0,110000.0
T006264,C1845,P006,D038,A013,2025-01-31,10,17575.0,175750.0
T006265,C1616,P013,D035,A010,2024-02-10,2,95000.0,190000.0
T006266,C0988,P013,D020,A005,2026-08-30,12,90250.0,1083000.0
T006267,C1869,P005,D041,A013,2026-05-03,8,12500.0,100000.0
T006268,C0181,P012,D002,A001,2025-05-02,4,31000.0,124000.0
T006269,C0580,P013,D014,A004,2025-04-03,6,95000.0,570000.0
T006270,C1216,P001,D019,A005,2024-02-14,1,45000.0,45000.0
T006271,C0673,P008,D016,A004,2024-10-26,1,54000.0,54000.0
T006272,C1784,P009,D039,A013,2024-05-15,6,8500.0,51000.0
T006273,C0113,P014,D001,A001,2025-07-11,1,28000.0,28000.0
T006274,C1055,P013,D020,A005,2026-04-10,8,95000.0,760000.0
T006275,C1123,P002,D019,A005,2026-07-30,3,6500.0,19500.0
T006276,C1244,P007,D023,A005,2026-04-28,4,85000.0,340000.0
T006277,C0496,P001,D012,A003,2026-08-02,14,42750.0,598500.0
T006278,C0701,P002,D018,A004,2025-01-22,10,6175.0,61750.0
T006279,C1618,P001,D035,A010,2026-07-26,8,45000.0,360000.0
T006280,C0376,P001,D008,A002,2024-10-15,10,42750.0,427500.0
T006281,C1592,P004,D034,A010,2025-07-26,3,38000.0,114000.0
T006282,C1078,P005,D025,A005,2024-05-18,15,11875.0,178125.0
T006283,C1473,P002,D029,A008,2025-04-01,3,6500.0,19500.0
T006284,C1373,P013,D027,A007,2026-04-12,6,95000.0,570000.0
T006285,C0407,P006,D008,A002,2024-06-09,12,17575.0,210900.0
T006286,C1090,P002,D025,A005,2025-06-14,11,6175.0,67925.0
T006287,C1673,P011,D036,A011,2024-12-05,12,39900.0,478800.0
T006288,C0833,P006,D013,A004,2026-06-20,3,18500.0,55500.0
T006289,C1834,P003,D041,A013,2024-08-08,4,120000.0,480000.0
T006290,C0881,P011,D015,A004,2024-10-21,9,42000.0,378000.0
T006291,C0272,P004,D002,A001,2024-01-03,3,38000.0,114000.0
T006292,C0746,P013,D018,A004,2024-05-13,1,95000.0,95000.0
T006293,C1816,P007,D041,A013,2024-10-13,5,85000.0,425000.0
T006294,C0625,P008,D017,A004,2024-01-12,8,54000.0,432000.0
T006295,C1673,P015,D036,A011,2025-09-18,7,49000.0,343000.0
T006296,C1690,P007,D036,A011,2026-06-06,8,85000.0,680000.0
T006297,C0675,P003,D018,A004,2025-09-15,14,114000.0,1596000.0
T006298,C0150,P010,D001,A001,2026-07-17,11,20900.0,229900.0
T006299,C1393,P007,D028,A007,2026-04-21,10,80750.0,807500.0
T006300,C0604,P014,D015,A004,2026-01-20,5,28000.0,140000.0
T006301,C1507,P002,D031,A009,2025-12-05,14,6175.0,86450.0
T006302,C0853,P003,D016,A004,2025-05-29,12,114000.0,1368000.0
T006303,C0956,P015,D016,A004,2026-02-27,4,49000.0,196000.0
T006304,C1499,P008,D033,A009,2025-03-12,6,54000.0,324000.0
T006305,C0729,P003,D016,A004,2026-05-31,5,120000.0,600000.0
T006306,C0855,P012,D015,A004,2024-12-16,11,29450.0,323950.0
T006307,C0723,P001,D018,A004,2024-01-29,3,45000.0,135000.0
T006308,C0707,P007,D015,A004,2026-02-13,14,80750.0,1130500.0
T006309,C1020,P009,D023,A005,2024-06-25,4,8500.0,34000.0
T006310,C1562,P006,D031,A009,2024-08-11,6,18500.0,111000.0
T006311,C0694,P013,D017,A004,2025-09-05,12,90250.0,1083000.0
T006312,C1019,P006,D021,A005,2025-09-11,15,17575.0,263625.0
T006313,C1287,P004,D026,A006,2024-04-25,4,38000.0,152000.0
T006314,C0520,P002,D012,A003,2026-07-10,6,6500.0,39000.0
T006315,C0536,P005,D012,A003,2024-04-27,15,11875.0,178125.0
T006316,C1787,P011,D041,A013,2026-05-07,3,42000.0,126000.0
T006317,C1391,P003,D027,A007,2024-04-25,6,120000.0,720000.0
T006318,C1100,P006,D019,A005,2025-08-13,13,17575.0,228475.0
T006319,C1234,P015,D024,A005,2025-01-08,1,49000.0,49000.0
T006320,C0050,P013,D007,A001,2026-02-16,3,95000.0,285000.0
T006321,C1181,P011,D023,A005,2025-07-24,14,39900.0,558600.0
T006322,C0997,P005,D021,A005,2024-08-14,1,12500.0,12500.0
T006323,C1052,P013,D019,A005,2025-11-24,7,95000.0,665000.0
T006324,C0691,P011,D016,A004,2025-10-05,4,42000.0,168000.0
T006325,C0149,P007,D007,A001,2024-07-21,15,80750.0,1211250.0
T006326,C0373,P012,D009,A002,2025-12-12,11,29450.0,323950.0
T006327,C1815,P001,D041,A013,2024-12-13,4,45000.0,180000.0
T006328,C0782,P005,D013,A004,2024-09-29,14,11875.0,166250.0
T006329,C0914,P010,D014,A004,2024-02-01,13,20900.0,271700.0
T006330,C0094,P007,D001,A001,2024-10-15,4,85000.0,340000.0
T006331,C0058,P009,D007,A001,2026-02-02,2,8500.0,17000.0
T006332,C1377,P012,D028,A007,2026-07-19,5,31000.0,155000.0
T006333,C1039,P005,D020,A005,2025-07-25,13,11875.0,154375.0
T006334,C0997,P013,D023,A005,2026-08-29,10,90250.0,902500.0
T006335,C0470,P006,D012,A003,2026-07-23,10,17575.0,175750.0
T006336,C1435,P015,D029,A008,2024-12-14,6,49000.0,294000.0
T006337,C0323,P005,D009,A002,2024-05-05,1,12500.0,12500.0
T006338,C0370,P007,D008,A002,2024-04-22,13,80750.0,1049750.0
T006339,C0893,P006,D014,A004,2025-08-02,12,17575.0,210900.0
T006340,C0551,P010,D017,A004,2025-01-24,7,22000.0,154000.0
T006341,C0478,P014,D012,A003,2024-08-30,10,26600.0,266000.0
T006342,C1230,P014,D019,A005,2024-02-03,12,26600.0,319200.0
T006343,C1243,P012,D021,A005,2026-08-22,4,31000.0,124000.0
T006344,C1588,P011,D032,A009,2025-02-13,12,39900.0,478800.0
T006345,C0803,P004,D013,A004,2024-06-28,14,36100.0,505400.0
T006346,C0125,P014,D004,A001,2026-04-06,1,28000.0,28000.0
T006347,C0529,P002,D012,A003,2025-03-31,6,6500.0,39000.0
T006348,C1861,P009,D039,A013,2025-02-25,3,8500.0,25500.0
T006349,C1130,P006,D019,A005,2024-12-13,7,18500.0,129500.0
T006350,C1367,P015,D028,A007,2024-03-12,8,49000.0,392000.0
T006351,C0011,P004,D003,A001,2026-07-06,12,36100.0,433200.0
T006352,C1009,P001,D021,A005,2026-03-13,14,42750.0,598500.0
T006353,C0058,P003,D003,A001,2025-03-19,3,120000.0,360000.0
T006354,C1090,P013,D021,A005,2024-07-22,11,90250.0,992750.0
T006355,C1773,P003,D037,A012,2025-10-21,10,114000.0,1140000.0
T006356,C1836,P009,D041,A013,2025-07-25,5,8500.0,42500.0
T006357,C1041,P002,D021,A005,2024-08-15,7,6500.0,45500.0
T006358,C0891,P010,D016,A004,2026-05-31,12,20900.0,250800.0
T006359,C1805,P010,D038,A013,2025-12-01,15,20900.0,313500.0
T006360,C1292,P014,D026,A006,2025-06-14,6,28000.0,168000.0
T006361,C0112,P005,D007,A001,2025-08-08,4,12500.0,50000.0
T006362,C0912,P006,D016,A004,2026-02-13,11,17575.0,193325.0
T006363,C0466,P003,D012,A003,2026-02-05,14,114000.0,1596000.0
T006364,C0921,P012,D018,A004,2026-03-14,1,31000.0,31000.0
T006365,C0884,P004,D018,A004,2025-01-13,12,36100.0,433200.0
T006366,C1105,P010,D024,A005,2024-04-01,7,22000.0,154000.0
T006367,C0687,P001,D016,A004,2026-01-22,13,42750.0,555750.0
T006368,C0313,P002,D010,A002,2025-06-07,5,6500.0,32500.0
T006369,C0990,P014,D020,A005,2024-01-31,1,28000.0,28000.0
T006370,C1597,P011,D035,A010,2026-01-25,8,42000.0,336000.0
T006371,C1267,P005,D026,A006,2026-04-21,14,11875.0,166250.0
T006372,C0651,P009,D014,A004,2024-04-09,7,8500.0,59500.0
T006373,C1790,P004,D039,A013,2025-12-23,7,38000.0,266000.0
T006374,C1752,P008,D037,A012,2025-02-17,14,51300.0,718200.0
T006375,C0411,P015,D010,A002,2024-01-24,8,49000.0,392000.0
T006376,C0060,P015,D004,A001,2025-08-12,11,46550.0,512050.0
T006377,C1424,P012,D029,A008,2025-03-12,2,31000.0,62000.0
T006378,C1595,P006,D034,A010,2024-05-19,7,18500.0,129500.0
T006379,C1836,P005,D038,A013,2024-07-03,11,11875.0,130625.0
T006380,C1708,P004,D036,A011,2025-06-16,5,38000.0,190000.0
T006381,C1136,P013,D022,A005,2024-02-21,1,95000.0,95000.0
T006382,C1026,P003,D019,A005,2026-07-12,9,120000.0,1080000.0
T006383,C0049,P015,D005,A001,2024-05-04,10,46550.0,465500.0
T006384,C0477,P003,D012,A003,2024-03-24,10,114000.0,1140000.0
T006385,C0893,P009,D013,A004,2025-09-17,9,8500.0,76500.0
T006386,C1200,P006,D019,A005,2024-04-09,14,17575.0,246050.0
T006387,C1067,P008,D022,A005,2026-02-01,1,54000.0,54000.0
T006388,C1430,P008,D029,A008,2026-02-06,3,54000.0,162000.0
T006389,C0543,P002,D012,A003,2024-05-11,11,6175.0,67925.0
T006390,C1084,P015,D025,A005,2026-05-03,7,49000.0,343000.0
T006391,C0158,P008,D002,A001,2024-03-20,4,54000.0,216000.0
T006392,C0797,P015,D015,A004,2025-08-06,4,49000.0,196000.0
T006393,C1446,P013,D029,A008,2025-11-23,7,95000.0,665000.0
T006394,C1323,P004,D028,A007,2025-03-09,11,36100.0,397100.0
T006395,C1883,P006,D041,A013,2026-02-10,15,17575.0,263625.0
T006396,C0536,P004,D012,A003,2025-04-11,3,38000.0,114000.0
T006397,C0983,P012,D020,A005,2025-02-27,3,31000.0,93000.0
T006398,C0640,P004,D015,A004,2024-05-04,4,38000.0,152000.0
T006399,C0851,P001,D018,A004,2025-04-29,5,45000.0,225000.0
T006400,C1648,P008,D035,A010,2025-04-01,5,54000.0,270000.0
T006401,C1311,P005,D028,A007,2025-07-05,3,12500.0,37500.0
T006402,C1695,P009,D036,A011,2024-04-18,13,8075.0,104975.0
T006403,C0396,P008,D011,A002,2024-10-13,14,51300.0,718200.0
T006404,C1680,P013,D036,A011,2024-12-14,2,95000.0,190000.0
T006405,C0109,P001,D005,A001,2025-12-22,11,42750.0,470250.0
T006406,C1706,P015,D036,A011,2025-12-07,12,46550.0,558600.0
T006407,C0640,P015,D016,A004,2024-03-21,4,49000.0,196000.0
T006408,C0614,P011,D017,A004,2026-05-05,12,39900.0,478800.0
T006409,C1001,P001,D022,A005,2025-01-12,13,42750.0,555750.0
T006410,C1799,P012,D041,A013,2025-03-07,14,29450.0,412300.0
T006411,C0079,P012,D007,A001,2024-02-13,15,29450.0,441750.0
T006412,C0680,P004,D017,A004,2024-08-26,4,38000.0,152000.0
T006413,C1648,P005,D035,A010,2026-05-17,2,12500.0,25000.0
T006414,C0757,P004,D017,A004,2025-04-25,15,36100.0,541500.0
T006415,C0385,P003,D008,A002,2026-07-12,1,120000.0,120000.0
T006416,C0817,P012,D014,A004,2024-12-09,12,29450.0,353400.0
T006417,C0736,P015,D016,A004,2024-07-21,11,46550.0,512050.0
T006418,C1755,P001,D037,A012,2024-03-22,11,42750.0,470250.0
T006419,C1473,P007,D029,A008,2024-04-08,14,80750.0,1130500.0
T006420,C0991,P009,D022,A005,2026-01-03,15,8075.0,121125.0
T006421,C1878,P005,D040,A013,2026-05-24,9,12500.0,112500.0
T006422,C0912,P015,D015,A004,2025-04-21,12,46550.0,558600.0
T006423,C0106,P010,D001,A001,2025-04-14,15,20900.0,313500.0
T006424,C0511,P014,D012,A003,2026-08-11,7,28000.0,196000.0
T006425,C0846,P004,D018,A004,2026-01-04,10,36100.0,361000.0
T006426,C0298,P014,D006,A001,2026-03-10,12,26600.0,319200.0
T006427,C1812,P009,D041,A013,2025-02-05,9,8500.0,76500.0
T006428,C1480,P010,D032,A009,2024-05-29,1,22000.0,22000.0
T006429,C0520,P006,D012,A003,2025-10-18,4,18500.0,74000.0
T006430,C1123,P002,D019,A005,2024-10-06,13,6175.0,80275.0
T006431,C1387,P006,D027,A007,2026-04-05,4,18500.0,74000.0
T006432,C1800,P006,D041,A013,2025-03-23,1,18500.0,18500.0
T006433,C1692,P007,D036,A011,2024-02-01,9,85000.0,765000.0
T006434,C1004,P003,D025,A005,2026-01-05,10,114000.0,1140000.0
T006435,C1494,P009,D033,A009,2025-07-09,8,8500.0,68000.0
T006436,C1077,P008,D022,A005,2025-05-17,7,54000.0,378000.0
T006437,C1060,P004,D021,A005,2024-11-03,11,36100.0,397100.0
T006438,C0214,P012,D002,A001,2026-05-21,2,31000.0,62000.0
T006439,C0243,P009,D006,A001,2024-07-14,11,8075.0,88825.0
T006440,C1026,P014,D023,A005,2025-12-31,14,26600.0,372400.0
T006441,C0520,P014,D012,A003,2024-02-02,9,28000.0,252000.0
T006442,C0034,P013,D001,A001,2026-06-07,3,95000.0,285000.0
T006443,C1390,P004,D028,A007,2026-01-03,5,38000.0,190000.0
T006444,C0053,P004,D001,A001,2024-07-28,5,38000.0,190000.0
T006445,C1129,P011,D022,A005,2024-05-06,13,39900.0,518700.0
T006446,C1039,P007,D020,A005,2026-05-15,2,85000.0,170000.0
T006447,C1836,P015,D040,A013,2026-01-15,3,49000.0,147000.0
T006448,C0954,P002,D016,A004,2024-05-19,8,6500.0,52000.0
T006449,C0112,P006,D001,A001,2026-07-13,8,18500.0,148000.0
T006450,C1059,P011,D023,A005,2025-03-07,4,42000.0,168000.0
T006451,C1612,P011,D035,A010,2025-08-23,7,42000.0,294000.0
T006452,C1893,P011,D040,A013,2024-04-04,10,39900.0,399000.0
T006453,C0829,P006,D016,A004,2024-02-22,7,18500.0,129500.0
T006454,C0626,P007,D017,A004,2025-03-22,3,85000.0,255000.0
T006455,C1741,P008,D037,A012,2024-04-08,11,51300.0,564300.0
T006456,C0372,P010,D009,A002,2026-05-24,12,20900.0,250800.0
T006457,C1176,P012,D024,A005,2025-05-04,1,31000.0,31000.0
T006458,C0775,P001,D014,A004,2024-06-24,11,42750.0,470250.0
T006459,C0069,P012,D003,A001,2024-11-09,6,31000.0,186000.0
T006460,C0670,P004,D013,A004,2025-12-17,1,38000.0,38000.0
T006461,C0515,P013,D012,A003,2025-03-06,13,90250.0,1173250.0
T006462,C1313,P010,D028,A007,2026-01-25,10,20900.0,209000.0
T006463,C1813,P011,D040,A013,2025-09-07,11,39900.0,438900.0
T006464,C0520,P004,D012,A003,2024-01-08,4,38000.0,152000.0
T006465,C1569,P014,D033,A009,2025-05-28,8,28000.0,224000.0
T006466,C0101,P006,D006,A001,2026-03-22,8,18500.0,148000.0
T006467,C1039,P008,D024,A005,2025-12-11,15,51300.0,769500.0
T006468,C0122,P003,D003,A001,2026-02-04,7,120000.0,840000.0
T006469,C1787,P004,D039,A013,2024-06-02,3,38000.0,114000.0
T006470,C1480,P002,D031,A009,2024-06-16,7,6500.0,45500.0
T006471,C1254,P006,D026,A006,2025-08-08,5,18500.0,92500.0
T006472,C1588,P008,D031,A009,2024-04-10,5,54000.0,270000.0
T006473,C1234,P003,D025,A005,2025-11-04,5,120000.0,600000.0
T006474,C1837,P009,D039,A013,2026-04-04,11,8075.0,88825.0
T006475,C1373,P003,D028,A007,2024-11-19,9,120000.0,1080000.0
T006476,C1777,P002,D041,A013,2025-11-01,10,6175.0,61750.0
T006477,C1009,P010,D020,A005,2025-11-04,14,20900.0,292600.0
T006478,C0216,P004,D002,A001,2025-06-01,4,38000.0,152000.0
T006479,C1024,P009,D023,A005,2024-08-03,9,8500.0,76500.0
T006480,C0244,P009,D002,A001,2024-12-19,9,8500.0,76500.0
T006481,C1124,P012,D022,A005,2025-07-05,2,31000.0,62000.0
T006482,C0949,P006,D013,A004,2025-05-17,13,17575.0,228475.0
T006483,C1184,P004,D022,A005,2025-07-10,8,38000.0,304000.0
T006484,C0017,P010,D005,A001,2025-06-19,1,22000.0,22000.0
T006485,C0376,P010,D011,A002,2024-02-01,11,20900.0,229900.0
T006486,C0963,P015,D017,A004,2026-01-12,6,49000.0,294000.0
T006487,C1815,P012,D039,A013,2025-02-22,11,29450.0,323950.0
T006488,C0733,P001,D016,A004,2025-02-17,8,45000.0,360000.0
T006489,C0815,P009,D016,A004,2025-03-29,11,8075.0,88825.0
T006490,C1374,P009,D027,A007,2025-09-15,1,8500.0,8500.0
T006491,C1142,P007,D023,A005,2026-08-30,13,80750.0,1049750.0
T006492,C0574,P006,D014,A004,2025-12-09,8,18500.0,148000.0
T006493,C0790,P005,D014,A004,2025-02-01,2,12500.0,25000.0
T006494,C0417,P009,D011,A002,2025-05-25,4,8500.0,34000.0
T006495,C1832,P013,D038,A013,2025-09-20,9,95000.0,855000.0
T006496,C0248,P010,D003,A001,2024-01-22,7,22000.0,154000.0
T006497,C0714,P008,D016,A004,2026-05-18,4,54000.0,216000.0
T006498,C0042,P013,D004,A001,2025-11-07,12,90250.0,1083000.0
T006499,C0426,P009,D010,A002,2026-05-13,4,8500.0,34000.0
T006500,C1504,P013,D030,A009,2024-01-28,10,90250.0,902500.0
T006501,C0392,P015,D009,A002,2026-03-13,12,46550.0,558600.0
T006502,C0147,P015,D003,A001,2024-03-07,14,46550.0,651700.0
T006503,C0927,P008,D018,A004,2024-08-16,6,54000.0,324000.0
T006504,C0017,P014,D003,A001,2026-03-24,6,28000.0,168000.0
T006505,C0152,P010,D004,A001,2024-04-12,12,20900.0,250800.0
T006506,C1559,P010,D033,A009,2025-04-12,3,22000.0,66000.0
T006507,C1486,P014,D033,A009,2026-01-17,11,26600.0,292600.0
T006508,C1755,P004,D037,A012,2024-01-11,3,38000.0,114000.0
T006509,C1646,P012,D034,A010,2026-05-26,14,29450.0,412300.0
T006510,C1308,P015,D026,A006,2025-12-11,10,46550.0,465500.0
T006511,C0094,P006,D001,A001,2024-09-15,6,18500.0,111000.0
T006512,C1507,P011,D030,A009,2024-04-29,15,39900.0,598500.0
T006513,C1630,P015,D034,A010,2025-05-24,6,49000.0,294000.0
T006514,C1539,P013,D030,A009,2026-08-31,6,95000.0,570000.0
T006515,C0997,P004,D025,A005,2025-08-22,15,36100.0,541500.0
T006516,C0451,P005,D010,A002,2024-12-30,7,12500.0,87500.0
T006517,C1629,P005,D035,A010,2024-10-13,13,11875.0,154375.0
T006518,C1399,P006,D027,A007,2026-07-20,8,18500.0,148000.0
T006519,C1867,P001,D039,A013,2025-07-18,2,45000.0,90000.0
T006520,C0296,P001,D004,A001,2024-01-14,6,45000.0,270000.0
T006521,C0434,P006,D008,A002,2024-01-14,14,17575.0,246050.0
T006522,C0412,P002,D008,A002,2026-04-07,3,6500.0,19500.0
T006523,C1527,P013,D030,A009,2024-03-06,8,95000.0,760000.0
T006524,C0362,P013,D009,A002,2026-05-02,9,95000.0,855000.0
T006525,C0115,P008,D007,A001,2025-06-15,10,51300.0,513000.0
T006526,C1900,P003,D039,A013,2024-01-08,13,114000.0,1482000.0
T006527,C0042,P003,D001,A001,2025-05-29,6,120000.0,720000.0
T006528,C1607,P015,D034,A010,2026-01-31,2,49000.0,98000.0
T006529,C0706,P005,D018,A004,2026-01-17,9,12500.0,112500.0
T006530,C1616,P006,D035,A010,2025-09-19,15,17575.0,263625.0
T006531,C1062,P001,D023,A005,2026-06-13,4,45000.0,180000.0
T006532,C1734,P005,D037,A012,2024-03-12,10,11875.0,118750.0
T006533,C1781,P001,D040,A013,2024-09-16,9,45000.0,405000.0
T006534,C0013,P007,D004,A001,2024-06-05,4,85000.0,340000.0
T006535,C0127,P014,D003,A001,2025-02-05,1,28000.0,28000.0
T006536,C0486,P007,D012,A003,2025-01-04,1,85000.0,85000.0
T006537,C1284,P011,D026,A006,2026-07-27,6,42000.0,252000.0
T006538,C1706,P007,D036,A011,2026-05-06,1,85000.0,85000.0
T006539,C0893,P014,D017,A004,2026-05-23,6,28000.0,168000.0
T006540,C1157,P008,D023,A005,2026-07-01,10,51300.0,513000.0
T006541,C0365,P004,D008,A002,2026-08-06,10,36100.0,361000.0
T006542,C1556,P015,D030,A009,2025-12-22,4,49000.0,196000.0
T006543,C1836,P013,D041,A013,2026-04-07,14,90250.0,1263500.0
T006544,C0520,P007,D012,A003,2025-05-24,2,85000.0,170000.0
T006545,C0965,P003,D013,A004,2024-04-13,2,120000.0,240000.0
T006546,C0154,P007,D007,A001,2025-11-20,3,85000.0,255000.0
T006547,C1071,P015,D023,A005,2024-04-21,13,46550.0,605150.0
T006548,C0989,P010,D023,A005,2024-09-06,2,22000.0,44000.0
T006549,C0276,P009,D007,A001,2026-03-25,1,8500.0,8500.0
T006550,C0852,P012,D014,A004,2025-06-11,8,31000.0,248000.0
T006551,C0646,P006,D016,A004,2026-07-09,15,17575.0,263625.0
T006552,C1017,P012,D024,A005,2024-12-07,15,29450.0,441750.0
T006553,C1116,P015,D023,A005,2025-08-12,11,46550.0,512050.0
T006554,C0012,P009,D001,A001,2024-12-01,8,8500.0,68000.0
T006555,C1468,P014,D029,A008,2024-10-03,4,28000.0,112000.0
T006556,C1373,P006,D028,A007,2025-07-07,2,18500.0,37000.0
T006557,C0706,P015,D018,A004,2026-03-30,5,49000.0,245000.0
T006558,C0094,P005,D005,A001,2025-06-16,14,11875.0,166250.0
T006559,C1455,P013,D029,A008,2024-10-29,5,95000.0,475000.0
T006560,C1819,P006,D040,A013,2024-04-23,8,18500.0,148000.0
T006561,C0466,P007,D012,A003,2026-07-21,7,85000.0,595000.0
T006562,C0630,P014,D015,A004,2025-11-14,6,28000.0,168000.0
T006563,C0358,P004,D011,A002,2026-08-11,13,36100.0,469300.0
T006564,C1100,P015,D021,A005,2025-09-25,10,46550.0,465500.0
T006565,C0296,P015,D007,A001,2026-03-27,3,49000.0,147000.0
T006566,C0686,P007,D014,A004,2024-07-07,7,85000.0,595000.0
T006567,C1334,P010,D027,A007,2025-06-23,11,20900.0,229900.0
T006568,C1072,P009,D023,A005,2024-08-27,7,8500.0,59500.0
T006569,C0738,P011,D015,A004,2026-02-08,4,42000.0,168000.0
T006570,C0806,P004,D013,A004,2025-11-24,4,38000.0,152000.0
T006571,C1077,P008,D019,A005,2024-06-16,8,54000.0,432000.0
T006572,C0009,P008,D007,A001,2025-08-14,13,51300.0,666900.0
T006573,C0144,P013,D005,A001,2026-06-29,13,90250.0,1173250.0
T006574,C1690,P010,D036,A011,2025-07-24,3,22000.0,66000.0
T006575,C0143,P009,D007,A001,2024-10-06,11,8075.0,88825.0
T006576,C1360,P006,D028,A007,2024-11-07,1,18500.0,18500.0
T006577,C1768,P014,D037,A012,2024-07-18,10,26600.0,266000.0
T006578,C0522,P012,D012,A003,2024-12-21,7,31000.0,217000.0
T006579,C0713,P014,D013,A004,2025-01-29,2,28000.0,56000.0
T006580,C1090,P003,D021,A005,2024-05-07,2,120000.0,240000.0
T006581,C1692,P006,D036,A011,2025-08-22,15,17575.0,263625.0
T006582,C1802,P003,D041,A013,2024-08-30,5,120000.0,600000.0
T006583,C1422,P014,D029,A008,2025-11-17,8,28000.0,224000.0
T006584,C0154,P005,D005,A001,2026-07-20,2,12500.0,25000.0
T006585,C1284,P008,D026,A006,2026-05-13,3,54000.0,162000.0
T006586,C0789,P002,D015,A004,2025-03-21,11,6175.0,67925.0
T006587,C0921,P006,D016,A004,2024-08-21,4,18500.0,74000.0
T006588,C0086,P012,D005,A001,2024-03-31,4,31000.0,124000.0
T006589,C0371,P001,D008,A002,2025-05-13,2,45000.0,90000.0
T006590,C1526,P005,D032,A009,2024-04-14,5,12500.0,62500.0
T006591,C0882,P012,D018,A004,2025-01-02,6,31000.0,186000.0
T006592,C0579,P004,D016,A004,2025-07-16,1,38000.0,38000.0
T006593,C0733,P002,D017,A004,2024-02-20,9,6500.0,58500.0
T006594,C1645,P002,D035,A010,2026-04-27,9,6500.0,58500.0
T006595,C1446,P004,D029,A008,2026-04-22,10,36100.0,361000.0
T006596,C0525,P012,D012,A003,2024-10-09,5,31000.0,155000.0
T006597,C0216,P007,D006,A001,2024-01-03,5,85000.0,425000.0
T006598,C0490,P010,D012,A003,2025-06-07,2,22000.0,44000.0
T006599,C1773,P003,D037,A012,2025-10-15,14,114000.0,1596000.0
T006600,C1104,P008,D020,A005,2024-06-19,4,54000.0,216000.0
T006601,C1030,P006,D019,A005,2024-09-25,14,17575.0,246050.0
T006602,C1130,P001,D021,A005,2025-08-22,1,45000.0,45000.0
T006603,C0706,P014,D014,A004,2024-06-17,7,28000.0,196000.0
T006604,C1559,P001,D032,A009,2026-05-31,4,45000.0,180000.0
T006605,C1017,P014,D021,A005,2024-04-08,4,28000.0,112000.0
T006606,C0216,P007,D003,A001,2024-05-28,7,85000.0,595000.0
T006607,C0248,P001,D005,A001,2025-07-29,10,42750.0,427500.0
T006608,C1033,P001,D024,A005,2024-11-17,2,45000.0,90000.0
T006609,C1793,P014,D041,A013,2024-10-24,2,28000.0,56000.0
T006610,C0594,P007,D015,A004,2025-03-05,5,85000.0,425000.0
T006611,C1674,P003,D036,A011,2026-08-04,5,120000.0,600000.0
T006612,C1476,P009,D031,A009,2024-06-20,4,8500.0,34000.0
T006613,C0481,P010,D012,A003,2025-07-04,11,20900.0,229900.0
T006614,C0057,P015,D005,A001,2025-08-01,3,49000.0,147000.0
T006615,C0192,P014,D004,A001,2024-11-25,3,28000.0,84000.0
T006616,C1403,P007,D028,A007,2024-11-18,2,85000.0,170000.0
T006617,C0386,P011,D010,A002,2025-03-22,4,42000.0,168000.0
T006618,C0713,P006,D016,A004,2024-02-29,4,18500.0,74000.0
T006619,C0989,P011,D019,A005,2024-09-08,4,42000.0,168000.0
T006620,C1393,P008,D028,A007,2026-03-15,4,54000.0,216000.0
T006621,C0211,P005,D003,A001,2026-01-24,9,12500.0,112500.0
T006622,C0779,P013,D015,A004,2026-02-11,13,90250.0,1173250.0
T006623,C0955,P011,D014,A004,2025-09-25,7,42000.0,294000.0
T006624,C1041,P006,D020,A005,2025-01-15,14,17575.0,246050.0
T006625,C1578,P006,D031,A009,2026-08-12,13,17575.0,228475.0
T006626,C0330,P008,D009,A002,2025-11-27,5,54000.0,270000.0
T006627,C1559,P007,D031,A009,2026-02-05,5,85000.0,425000.0
T006628,C1323,P006,D028,A007,2026-07-01,2,18500.0,37000.0
T006629,C1065,P001,D025,A005,2024-08-06,14,42750.0,598500.0
T006630,C1337,P003,D027,A007,2025-08-19,6,120000.0,720000.0
T006631,C0795,P007,D017,A004,2025-06-08,4,85000.0,340000.0
T006632,C0267,P005,D001,A001,2024-09-25,3,12500.0,37500.0
T006633,C1277,P007,D026,A006,2024-04-26,5,85000.0,425000.0
T006634,C1019,P006,D024,A005,2024-02-07,5,18500.0,92500.0
T006635,C1219,P009,D025,A005,2025-03-27,8,8500.0,68000.0
T006636,C0651,P002,D018,A004,2024-05-07,11,6175.0,67925.0
T006637,C1741,P007,D037,A012,2024-07-09,4,85000.0,340000.0
T006638,C1117,P006,D025,A005,2024-10-02,7,18500.0,129500.0
T006639,C0152,P007,D007,A001,2026-01-23,10,80750.0,807500.0
T006640,C0871,P014,D015,A004,2025-03-31,2,28000.0,56000.0
T006641,C1460,P009,D029,A008,2024-12-28,5,8500.0,42500.0
T006642,C1528,P009,D033,A009,2025-03-23,11,8075.0,88825.0
T006643,C0965,P015,D014,A004,2024-12-03,7,49000.0,343000.0
T006644,C1725,P001,D036,A011,2025-06-05,10,42750.0,427500.0
T006645,C0520,P012,D012,A003,2025-05-22,10,29450.0,294500.0
T006646,C0790,P011,D017,A004,2026-08-31,2,42000.0,84000.0
T006647,C1731,P011,D037,A012,2025-07-29,14,39900.0,558600.0
T006648,C1727,P004,D036,A011,2025-09-04,12,36100.0,433200.0
T006649,C1312,P006,D028,A007,2024-04-25,8,18500.0,148000.0
T006650,C1652,P015,D035,A010,2024-08-03,6,49000.0,294000.0
T006651,C0159,P009,D007,A001,2026-04-14,10,8075.0,80750.0
T006652,C1668,P013,D035,A010,2026-04-12,9,95000.0,855000.0
T006653,C0626,P003,D013,A004,2024-03-01,12,114000.0,1368000.0
T006654,C0348,P013,D008,A002,2024-11-08,12,90250.0,1083000.0
T006655,C0464,P010,D012,A003,2026-01-21,6,22000.0,132000.0
T006656,C0803,P001,D015,A004,2024-12-28,8,45000.0,360000.0
T006657,C0489,P011,D012,A003,2025-11-08,13,39900.0,518700.0
T006658,C0626,P009,D018,A004,2025-07-12,10,8075.0,80750.0
T006659,C0260,P004,D003,A001,2026-06-07,9,38000.0,342000.0
T006660,C0570,P002,D015,A004,2025-08-03,5,6500.0,32500.0
T006661,C1095,P012,D025,A005,2026-08-13,9,31000.0,279000.0
T006662,C0851,P013,D013,A004,2026-02-13,10,90250.0,902500.0
T006663,C0670,P001,D018,A004,2025-08-11,14,42750.0,598500.0
T006664,C1438,P002,D029,A008,2024-05-07,13,6175.0,80275.0
T006665,C1723,P013,D036,A011,2025-07-25,6,95000.0,570000.0
T006666,C1462,P005,D029,A008,2025-10-06,5,12500.0,62500.0
T006667,C0645,P015,D014,A004,2026-03-13,7,49000.0,343000.0
T006668,C1434,P007,D029,A008,2025-04-08,3,85000.0,255000.0
T006669,C0293,P010,D006,A001,2026-06-02,3,22000.0,66000.0
T006670,C0248,P007,D001,A001,2026-05-17,5,85000.0,425000.0
T006671,C0669,P008,D015,A004,2025-12-25,11,51300.0,564300.0
T006672,C1559,P010,D033,A009,2025-06-24,11,20900.0,229900.0
T006673,C0477,P014,D012,A003,2025-05-30,14,26600.0,372400.0
T006674,C0112,P009,D001,A001,2024-06-18,3,8500.0,25500.0
T006675,C0253,P002,D003,A001,2026-06-23,3,6500.0,19500.0
T006676,C1649,P003,D034,A010,2025-09-14,13,114000.0,1482000.0
T006677,C1210,P011,D020,A005,2025-01-01,14,39900.0,558600.0
T006678,C0494,P002,D012,A003,2025-04-25,6,6500.0,39000.0
T006679,C1062,P003,D024,A005,2026-05-15,6,120000.0,720000.0
T006680,C1024,P009,D022,A005,2024-02-22,5,8500.0,42500.0
T006681,C1250,P006,D026,A006,2024-07-03,13,17575.0,228475.0
T006682,C0451,P001,D008,A002,2024-11-27,4,45000.0,180000.0
T006683,C1667,P014,D034,A010,2024-12-10,7,28000.0,196000.0
T006684,C0599,P013,D015,A004,2026-07-27,15,90250.0,1353750.0
T006685,C1328,P015,D027,A007,2024-12-31,2,49000.0,98000.0
T006686,C0026,P009,D007,A001,2026-03-19,12,8075.0,96900.0
T006687,C0716,P004,D013,A004,2025-01-11,5,38000.0,190000.0
T006688,C0678,P001,D014,A004,2025-10-19,11,42750.0,470250.0
T006689,C1049,P006,D025,A005,2025-01-25,11,17575.0,193325.0
T006690,C0124,P007,D004,A001,2024-03-31,4,85000.0,340000.0
T006691,C1525,P004,D032,A009,2024-03-26,12,36100.0,433200.0
T006692,C0418,P011,D009,A002,2024-08-05,3,42000.0,126000.0
T006693,C1300,P006,D026,A006,2026-04-23,12,17575.0,210900.0
T006694,C1551,P012,D032,A009,2025-09-02,14,29450.0,412300.0
T006695,C1076,P009,D020,A005,2025-10-18,4,8500.0,34000.0
T006696,C1423,P001,D029,A008,2024-10-28,1,45000.0,45000.0
T006697,C1261,P012,D026,A006,2024-11-27,5,31000.0,155000.0
T006698,C0683,P009,D014,A004,2024-01-09,15,8075.0,121125.0
T006699,C1562,P004,D031,A009,2025-05-24,11,36100.0,397100.0
T006700,C0569,P002,D015,A004,2024-04-14,14,6175.0,86450.0
T006701,C1091,P010,D024,A005,2025-02-10,4,22000.0,88000.0
T006702,C1435,P003,D029,A008,2024-07-10,15,114000.0,1710000.0
T006703,C0728,P005,D014,A004,2025-01-31,8,12500.0,100000.0
T006704,C0580,P007,D016,A004,2025-11-05,5,85000.0,425000.0
T006705,C0893,P007,D017,A004,2025-06-10,7,85000.0,595000.0
T006706,C1578,P012,D031,A009,2024-07-30,4,31000.0,124000.0
T006707,C1785,P013,D039,A013,2026-04-11,2,95000.0,190000.0
T006708,C1050,P011,D025,A005,2025-05-10,2,42000.0,84000.0
T006709,C1261,P010,D026,A006,2025-09-30,2,22000.0,44000.0
T006710,C1737,P006,D037,A012,2026-08-31,2,18500.0,37000.0
T006711,C0184,P010,D003,A001,2025-12-08,3,22000.0,66000.0
T006712,C0449,P003,D009,A002,2025-05-28,8,120000.0,960000.0
T006713,C1366,P013,D027,A007,2026-02-10,1,95000.0,95000.0
T006714,C1588,P015,D032,A009,2025-09-21,3,49000.0,147000.0
T006715,C1648,P008,D034,A010,2026-07-21,9,54000.0,486000.0
T006716,C0798,P001,D014,A004,2024-02-26,14,42750.0,598500.0
T006717,C0161,P012,D004,A001,2026-01-24,14,29450.0,412300.0
T006718,C0849,P003,D013,A004,2024-05-20,8,120000.0,960000.0
T006719,C0444,P015,D009,A002,2026-06-13,9,49000.0,441000.0
T006720,C0562,P014,D015,A004,2025-12-20,14,26600.0,372400.0
T006721,C1488,P003,D030,A009,2025-04-20,3,120000.0,360000.0
T006722,C0129,P012,D005,A001,2024-06-02,4,31000.0,124000.0
T006723,C1595,P002,D034,A010,2025-12-16,2,6500.0,13000.0
T006724,C0827,P013,D018,A004,2025-04-25,15,90250.0,1353750.0
T006725,C1130,P003,D022,A005,2025-07-18,8,120000.0,960000.0
T006726,C0161,P004,D004,A001,2024-01-08,11,36100.0,397100.0
T006727,C0651,P013,D016,A004,2026-04-09,14,90250.0,1263500.0
T006728,C0161,P005,D007,A001,2025-06-05,7,12500.0,87500.0
T006729,C1829,P007,D039,A013,2026-04-19,1,85000.0,85000.0
T006730,C1559,P014,D032,A009,2026-04-08,10,26600.0,266000.0
T006731,C0893,P008,D014,A004,2024-02-21,3,54000.0,162000.0
T006732,C0430,P013,D008,A002,2025-06-14,5,95000.0,475000.0
T006733,C1787,P005,D038,A013,2025-08-16,12,11875.0,142500.0
T006734,C0668,P011,D016,A004,2025-08-28,7,42000.0,294000.0
T006735,C0309,P001,D004,A001,2026-02-10,5,45000.0,225000.0
T006736,C1078,P005,D020,A005,2026-05-17,14,11875.0,166250.0
T006737,C1803,P003,D038,A013,2024-05-25,12,114000.0,1368000.0
T006738,C0006,P015,D001,A001,2026-03-26,13,46550.0,605150.0
T006739,C0458,P011,D011,A002,2026-04-08,3,42000.0,126000.0
T006740,C1795,P013,D040,A013,2026-06-03,2,95000.0,190000.0
T006741,C0328,P009,D008,A002,2024-07-19,8,8500.0,68000.0
T006742,C0211,P012,D006,A001,2024-10-28,2,31000.0,62000.0
T006743,C1091,P003,D022,A005,2026-05-23,12,114000.0,1368000.0
T006744,C1659,P003,D035,A010,2026-08-11,15,114000.0,1710000.0
T006745,C0939,P007,D014,A004,2024-11-18,8,85000.0,680000.0
T006746,C1888,P005,D040,A013,2026-01-01,7,12500.0,87500.0
T006747,C1303,P002,D026,A006,2024-06-23,11,6175.0,67925.0
T006748,C0126,P001,D002,A001,2026-05-02,10,42750.0,427500.0
T006749,C1885,P014,D040,A013,2025-12-02,2,28000.0,56000.0
T006750,C0782,P002,D013,A004,2024-04-06,5,6500.0,32500.0
T006751,C0552,P006,D014,A004,2026-06-30,6,18500.0,111000.0
T006752,C1069,P009,D023,A005,2024-01-16,2,8500.0,17000.0
T006753,C0584,P003,D018,A004,2024-09-05,6,120000.0,720000.0
T006754,C0154,P014,D004,A001,2025-02-08,1,28000.0,28000.0
T006755,C0005,P003,D004,A001,2025-06-25,15,114000.0,1710000.0
T006756,C0871,P009,D018,A004,2026-03-20,8,8500.0,68000.0
T006757,C1608,P014,D034,A010,2024-11-10,8,28000.0,224000.0
T006758,C1095,P002,D019,A005,2025-10-25,14,6175.0,86450.0
T006759,C1900,P001,D038,A013,2024-07-08,9,45000.0,405000.0
T006760,C0552,P002,D018,A004,2024-11-01,14,6175.0,86450.0
T006761,C0543,P002,D012,A003,2026-01-25,4,6500.0,26000.0
T006762,C0307,P010,D004,A001,2025-06-29,11,20900.0,229900.0
T006763,C0311,P007,D009,A002,2024-11-03,10,80750.0,807500.0
T006764,C0549,P007,D017,A004,2026-01-07,12,80750.0,969000.0
T006765,C1527,P001,D032,A009,2024-04-16,10,42750.0,427500.0
T006766,C1739,P001,D037,A012,2024-01-27,8,45000.0,360000.0
T006767,C1847,P007,D038,A013,2025-02-01,11,80750.0,888250.0
T006768,C0449,P007,D010,A002,2026-03-26,12,80750.0,969000.0
T006769,C1691,P001,D036,A011,2024-05-09,9,45000.0,405000.0
T006770,C0639,P009,D016,A004,2025-08-10,7,8500.0,59500.0
T006771,C0211,P015,D003,A001,2024-02-27,6,49000.0,294000.0
T006772,C1675,P008,D036,A011,2024-06-24,2,54000.0,108000.0
T006773,C1213,P011,D022,A005,2024-06-05,1,42000.0,42000.0
T006774,C0316,P011,D010,A002,2025-08-21,11,39900.0,438900.0
T006775,C0829,P003,D014,A004,2024-03-10,15,114000.0,1710000.0
T006776,C0552,P013,D016,A004,2025-03-09,14,90250.0,1263500.0
T006777,C1420,P003,D027,A007,2025-12-15,9,120000.0,1080000.0
T006778,C0881,P006,D017,A004,2026-08-21,5,18500.0,92500.0
T006779,C1880,P013,D040,A013,2025-05-07,1,95000.0,95000.0
T006780,C0099,P013,D002,A001,2026-05-01,7,95000.0,665000.0
T006781,C0683,P015,D018,A004,2024-10-11,2,49000.0,98000.0
T006782,C0949,P008,D013,A004,2024-12-09,8,54000.0,432000.0
T006783,C0989,P001,D022,A005,2024-01-19,2,45000.0,90000.0
T006784,C0618,P011,D017,A004,2026-02-25,10,39900.0,399000.0
T006785,C1403,P011,D027,A007,2026-04-03,15,39900.0,598500.0
T006786,C1681,P003,D036,A011,2025-04-16,7,120000.0,840000.0
T006787,C1795,P014,D039,A013,2024-07-11,6,28000.0,168000.0
T006788,C1558,P009,D030,A009,2026-05-10,9,8500.0,76500.0
T006789,C1636,P011,D034,A010,2026-02-08,1,42000.0,42000.0
T006790,C1059,P010,D025,A005,2025-11-12,14,20900.0,292600.0
T006791,C1592,P014,D034,A010,2025-12-08,12,26600.0,319200.0
T006792,C0581,P010,D017,A004,2025-08-01,14,20900.0,292600.0
T006793,C0762,P001,D014,A004,2025-05-16,15,42750.0,641250.0
T006794,C0623,P015,D018,A004,2025-08-03,11,46550.0,512050.0
T006795,C0915,P006,D016,A004,2024-12-06,12,17575.0,210900.0
T006796,C0549,P008,D013,A004,2025-11-19,12,51300.0,615600.0
T006797,C1829,P003,D041,A013,2026-01-23,10,114000.0,1140000.0
T006798,C0612,P010,D013,A004,2026-03-07,10,20900.0,209000.0
T006799,C0181,P013,D005,A001,2025-03-06,15,90250.0,1353750.0
T006800,C1021,P003,D022,A005,2025-08-23,15,114000.0,1710000.0
T006801,C0106,P008,D006,A001,2025-05-01,15,51300.0,769500.0
T006802,C0207,P003,D005,A001,2025-02-24,12,114000.0,1368000.0
T006803,C0418,P013,D009,A002,2025-12-06,7,95000.0,665000.0
T006804,C0904,P011,D017,A004,2025-04-18,15,39900.0,598500.0
T006805,C0838,P005,D013,A004,2025-12-07,3,12500.0,37500.0
T006806,C1540,P013,D033,A009,2024-02-06,6,95000.0,570000.0
T006807,C1422,P006,D029,A008,2024-11-25,7,18500.0,129500.0
T006808,C0826,P012,D018,A004,2026-06-14,12,29450.0,353400.0
T006809,C0646,P008,D017,A004,2025-08-28,12,51300.0,615600.0
T006810,C0622,P010,D013,A004,2026-07-31,10,20900.0,209000.0
T006811,C1490,P005,D030,A009,2024-11-01,15,11875.0,178125.0
T006812,C0094,P010,D007,A001,2025-11-03,13,20900.0,271700.0
T006813,C0021,P015,D006,A001,2024-06-27,9,49000.0,441000.0
T006814,C1533,P005,D030,A009,2024-10-26,7,12500.0,87500.0
T006815,C0939,P012,D014,A004,2026-03-25,6,31000.0,186000.0
T006816,C0250,P011,D002,A001,2025-05-08,15,39900.0,598500.0
T006817,C0455,P001,D009,A002,2024-11-09,6,45000.0,270000.0
T006818,C1786,P013,D039,A013,2026-02-18,3,95000.0,285000.0
T006819,C1652,P010,D035,A010,2024-10-30,10,20900.0,209000.0
T006820,C1367,P013,D027,A007,2024-02-28,13,90250.0,1173250.0
T006821,C0949,P002,D018,A004,2026-06-10,12,6175.0,74100.0
T006822,C1016,P011,D025,A005,2026-05-13,14,39900.0,558600.0
T006823,C1847,P005,D041,A013,2025-04-01,7,12500.0,87500.0
T006824,C1832,P002,D038,A013,2026-02-09,1,6500.0,6500.0
T006825,C0415,P003,D010,A002,2025-05-09,12,114000.0,1368000.0
T006826,C1569,P012,D030,A009,2024-05-25,9,31000.0,279000.0
T006827,C0381,P010,D010,A002,2025-01-17,1,22000.0,22000.0
T006828,C0413,P005,D008,A002,2024-12-18,7,12500.0,87500.0
T006829,C1298,P006,D026,A006,2026-07-06,3,18500.0,55500.0
T006830,C0775,P015,D014,A004,2024-01-23,3,49000.0,147000.0
T006831,C1786,P014,D039,A013,2025-07-31,12,26600.0,319200.0
T006832,C0161,P012,D002,A001,2025-10-19,8,31000.0,248000.0
T006833,C1001,P011,D022,A005,2024-07-08,1,42000.0,42000.0
T006834,C1761,P005,D037,A012,2026-04-30,13,11875.0,154375.0
T006835,C1737,P008,D037,A012,2025-03-06,8,54000.0,432000.0
T006836,C0298,P007,D007,A001,2025-07-12,6,85000.0,510000.0
T006837,C0706,P013,D015,A004,2025-06-01,5,95000.0,475000.0
T006838,C1182,P009,D024,A005,2024-02-06,15,8075.0,121125.0
T006839,C0305,P015,D003,A001,2025-03-23,13,46550.0,605150.0
T006840,C1836,P009,D040,A013,2025-02-07,14,8075.0,113050.0
T006841,C1755,P003,D037,A012,2024-05-20,8,120000.0,960000.0
T006842,C0317,P003,D010,A002,2024-04-03,7,120000.0,840000.0
T006843,C0227,P015,D002,A001,2024-11-30,2,49000.0,98000.0
T006844,C0152,P004,D003,A001,2025-10-04,2,38000.0,76000.0
T006845,C1749,P008,D037,A012,2024-11-03,8,54000.0,432000.0
T006846,C0374,P012,D008,A002,2024-01-19,4,31000.0,124000.0
T006847,C0799,P014,D014,A004,2025-05-24,8,28000.0,224000.0
T006848,C0870,P011,D017,A004,2025-06-01,13,39900.0,518700.0
T006849,C1135,P013,D021,A005,2026-01-17,15,90250.0,1353750.0
T006850,C0124,P001,D006,A001,2026-04-20,14,42750.0,598500.0
T006851,C0437,P003,D008,A002,2025-02-18,4,120000.0,480000.0
T006852,C1786,P012,D041,A013,2026-05-28,6,31000.0,186000.0
T006853,C1744,P005,D037,A012,2025-11-23,14,11875.0,166250.0
T006854,C1507,P009,D033,A009,2025-09-30,1,8500.0,8500.0
T006855,C0029,P009,D004,A001,2024-11-18,13,8075.0,104975.0
T006856,C0637,P007,D013,A004,2026-03-13,13,80750.0,1049750.0
T006857,C1198,P006,D023,A005,2024-08-30,10,17575.0,175750.0
T006858,C0532,P014,D012,A003,2025-01-13,12,26600.0,319200.0
T006859,C1749,P003,D037,A012,2025-01-30,15,114000.0,1710000.0
T006860,C1210,P012,D023,A005,2025-01-04,12,29450.0,353400.0
T006861,C0124,P004,D003,A001,2024-04-27,7,38000.0,266000.0
T006862,C1747,P003,D037,A012,2026-03-28,15,114000.0,1710000.0
T006863,C1823,P002,D038,A013,2024-03-02,3,6500.0,19500.0
T006864,C0141,P001,D006,A001,2026-02-22,9,45000.0,405000.0
T006865,C1027,P014,D021,A005,2025-01-03,8,28000.0,224000.0
T006866,C0580,P004,D014,A004,2025-07-27,3,38000.0,114000.0
T006867,C0749,P011,D018,A004,2024-03-08,9,42000.0,378000.0
T006868,C0354,P012,D010,A002,2025-09-30,9,31000.0,279000.0
T006869,C1100,P009,D021,A005,2025-02-03,10,8075.0,80750.0
T006870,C1823,P010,D041,A013,2026-07-02,6,22000.0,132000.0
T006871,C0989,P008,D019,A005,2026-07-11,11,51300.0,564300.0
T006872,C0150,P015,D003,A001,2025-02-05,14,46550.0,651700.0
T006873,C1182,P010,D024,A005,2024-01-30,10,20900.0,209000.0
T006874,C0660,P010,D015,A004,2025-04-23,9,22000.0,198000.0
T006875,C1648,P015,D035,A010,2024-10-24,7,49000.0,343000.0
T006876,C0842,P015,D017,A004,2025-08-27,9,49000.0,441000.0
T006877,C0373,P005,D011,A002,2026-07-18,4,12500.0,50000.0
T006878,C0372,P013,D009,A002,2025-12-04,15,90250.0,1353750.0
T006879,C1481,P010,D031,A009,2025-12-02,10,20900.0,209000.0
T006880,C0515,P003,D012,A003,2024-02-08,3,120000.0,360000.0
T006881,C1480,P011,D032,A009,2024-03-21,4,42000.0,168000.0
T006882,C0405,P014,D008,A002,2026-01-02,7,28000.0,196000.0
T006883,C0629,P001,D017,A004,2026-05-30,15,42750.0,641250.0
T006884,C0912,P001,D013,A004,2024-07-29,3,45000.0,135000.0
T006885,C1802,P004,D040,A013,2026-02-17,14,36100.0,505400.0
T006886,C1786,P007,D041,A013,2024-09-19,15,80750.0,1211250.0
T006887,C0406,P004,D008,A002,2026-03-06,1,38000.0,38000.0
T006888,C0691,P011,D015,A004,2026-04-10,5,42000.0,210000.0
T006889,C0285,P008,D002,A001,2024-02-26,12,51300.0,615600.0
T006890,C0999,P010,D022,A005,2026-06-25,12,20900.0,250800.0
T006891,C0893,P007,D017,A004,2024-06-01,3,85000.0,255000.0
T006892,C1733,P011,D037,A012,2024-06-01,6,42000.0,252000.0
T006893,C1785,P004,D039,A013,2025-12-06,4,38000.0,152000.0
T006894,C0733,P003,D015,A004,2025-04-23,1,120000.0,120000.0
T006895,C0964,P008,D017,A004,2025-12-21,11,51300.0,564300.0
T006896,C1727,P003,D036,A011,2024-09-16,15,114000.0,1710000.0
T006897,C1559,P008,D032,A009,2025-10-31,10,51300.0,513000.0
T006898,C0006,P006,D007,A001,2026-02-11,12,17575.0,210900.0
T006899,C0625,P002,D018,A004,2024-02-12,3,6500.0,19500.0
T006900,C0810,P010,D018,A004,2026-04-01,7,22000.0,154000.0
T006901,C0443,P009,D010,A002,2025-01-15,9,8500.0,76500.0
T006902,C0386,P001,D009,A002,2026-05-27,6,45000.0,270000.0
T006903,C0058,P003,D004,A001,2024-07-13,11,114000.0,1254000.0
T006904,C1228,P014,D020,A005,2025-05-17,11,26600.0,292600.0
T006905,C0511,P002,D012,A003,2024-06-26,4,6500.0,26000.0
T006906,C0094,P014,D005,A001,2026-05-11,9,28000.0,252000.0
T006907,C0444,P015,D010,A002,2025-08-05,8,49000.0,392000.0
T006908,C1549,P010,D030,A009,2026-01-15,12,20900.0,250800.0
T006909,C1637,P011,D035,A010,2024-08-13,12,39900.0,478800.0
T006910,C0953,P003,D014,A004,2025-08-18,6,120000.0,720000.0
T006911,C0798,P002,D017,A004,2025-04-27,1,6500.0,6500.0
T006912,C1857,P014,D039,A013,2024-07-02,3,28000.0,84000.0
T006913,C0390,P001,D009,A002,2025-08-12,12,42750.0,513000.0
T006914,C0415,P010,D008,A002,2024-10-25,7,22000.0,154000.0
T006915,C0565,P014,D013,A004,2026-06-04,2,28000.0,56000.0
T006916,C0338,P013,D011,A002,2026-04-24,6,95000.0,570000.0
T006917,C0728,P015,D016,A004,2024-07-15,10,46550.0,465500.0
T006918,C1751,P012,D037,A012,2025-06-11,9,31000.0,279000.0
T006919,C1176,P007,D025,A005,2024-02-09,3,85000.0,255000.0
T006920,C0795,P001,D014,A004,2026-04-29,6,45000.0,270000.0
T006921,C1787,P006,D038,A013,2025-02-07,14,17575.0,246050.0
T006922,C0086,P001,D006,A001,2025-12-12,11,42750.0,470250.0
T006923,C0411,P002,D011,A002,2025-09-15,14,6175.0,86450.0
T006924,C1084,P007,D021,A005,2025-01-25,9,85000.0,765000.0
T006925,C1176,P015,D024,A005,2026-01-19,12,46550.0,558600.0
T006926,C0061,P005,D002,A001,2026-01-01,9,12500.0,112500.0
T006927,C0768,P014,D013,A004,2026-05-06,12,26600.0,319200.0
T006928,C1237,P008,D023,A005,2024-10-04,8,54000.0,432000.0
T006929,C1334,P009,D027,A007,2024-07-14,3,8500.0,25500.0
T006930,C1215,P011,D023,A005,2025-12-07,4,42000.0,168000.0
T006931,C0626,P003,D018,A004,2026-01-17,3,120000.0,360000.0
T006932,C0169,P002,D003,A001,2024-10-09,2,6500.0,13000.0
T006933,C0826,P007,D016,A004,2024-03-21,1,85000.0,85000.0
T006934,C0247,P006,D005,A001,2024-03-29,14,17575.0,246050.0
T006935,C1812,P012,D040,A013,2025-05-26,10,29450.0,294500.0
T006936,C0932,P005,D017,A004,2025-11-11,10,11875.0,118750.0
T006937,C0623,P010,D018,A004,2025-11-22,7,22000.0,154000.0
T006938,C1479,P006,D032,A009,2025-11-23,9,18500.0,166500.0
T006939,C0981,P008,D025,A005,2024-12-12,8,54000.0,432000.0
T006940,C0599,P009,D014,A004,2026-01-23,12,8075.0,96900.0
T006941,C1569,P011,D032,A009,2024-10-08,5,42000.0,210000.0
T006942,C1672,P002,D036,A011,2025-10-08,9,6500.0,58500.0
T006943,C1292,P015,D026,A006,2026-05-23,2,49000.0,98000.0
T006944,C0076,P003,D004,A001,2026-01-27,5,120000.0,600000.0
T006945,C1087,P013,D022,A005,2024-09-12,4,95000.0,380000.0
T006946,C1475,P006,D029,A008,2025-02-15,1,18500.0,18500.0
T006947,C0265,P008,D001,A001,2024-07-07,8,54000.0,432000.0
T006948,C0443,P003,D011,A002,2024-06-17,11,114000.0,1254000.0
T006949,C1695,P013,D036,A011,2025-03-20,12,90250.0,1083000.0
T006950,C0034,P014,D004,A001,2024-01-11,10,26600.0,266000.0
T006951,C1449,P002,D029,A008,2025-07-17,10,6175.0,61750.0
T006952,C0926,P008,D015,A004,2025-05-29,7,54000.0,378000.0
T006953,C0867,P001,D017,A004,2025-05-19,6,45000.0,270000.0
T006954,C0011,P002,D003,A001,2025-08-15,14,6175.0,86450.0
T006955,C1579,P010,D030,A009,2025-06-12,11,20900.0,229900.0
T006956,C0692,P007,D017,A004,2025-03-18,4,85000.0,340000.0
T006957,C1041,P010,D022,A005,2026-08-16,5,22000.0,110000.0
T006958,C1300,P013,D026,A006,2024-12-12,13,90250.0,1173250.0
T006959,C1348,P004,D028,A007,2025-07-01,1,38000.0,38000.0
T006960,C1820,P006,D041,A013,2025-10-03,4,18500.0,74000.0
T006961,C1027,P014,D025,A005,2024-02-10,9,28000.0,252000.0
T006962,C0765,P009,D017,A004,2024-09-02,15,8075.0,121125.0
T006963,C1817,P003,D041,A013,2026-01-12,3,120000.0,360000.0
T006964,C1224,P004,D021,A005,2024-02-18,8,38000.0,304000.0
T006965,C0574,P003,D017,A004,2024-03-21,9,120000.0,1080000.0
T006966,C0244,P008,D004,A001,2025-11-12,2,54000.0,108000.0
T006967,C1616,P001,D035,A010,2026-06-11,4,45000.0,180000.0
T006968,C0694,P013,D015,A004,2024-04-18,8,95000.0,760000.0
T006969,C1261,P009,D026,A006,2024-01-19,13,8075.0,104975.0
T006970,C0921,P002,D014,A004,2024-09-01,1,6500.0,6500.0
T006971,C0383,P014,D008,A002,2024-09-18,15,26600.0,399000.0
T006972,C1136,P004,D025,A005,2026-03-17,13,36100.0,469300.0
T006973,C0109,P011,D005,A001,2026-06-04,12,39900.0,478800.0
T006974,C0797,P003,D015,A004,2024-10-22,4,120000.0,480000.0
T006975,C1053,P006,D022,A005,2024-03-18,9,18500.0,166500.0
T006976,C0846,P007,D017,A004,2025-08-10,15,80750.0,1211250.0
T006977,C1446,P012,D029,A008,2024-07-30,15,29450.0,441750.0
T006978,C1595,P005,D035,A010,2026-06-24,1,12500.0,12500.0
T006979,C1486,P008,D030,A009,2025-09-09,3,54000.0,162000.0
T006980,C0059,P009,D007,A001,2024-08-17,4,8500.0,34000.0
T006981,C0375,P006,D011,A002,2024-05-04,10,17575.0,175750.0
T006982,C1032,P009,D019,A005,2024-05-18,7,8500.0,59500.0
T006983,C1789,P007,D039,A013,2026-01-16,12,80750.0,969000.0
T006984,C1606,P014,D035,A010,2025-12-13,13,26600.0,345800.0
T006985,C1616,P012,D035,A010,2025-01-15,14,29450.0,412300.0
T006986,C0580,P010,D016,A004,2025-05-17,7,22000.0,154000.0
T006987,C0829,P011,D017,A004,2024-01-17,1,42000.0,42000.0
T006988,C0921,P009,D014,A004,2024-07-15,11,8075.0,88825.0
T006989,C0301,P015,D002,A001,2025-08-02,4,49000.0,196000.0
T006990,C0051,P015,D006,A001,2026-01-06,3,49000.0,147000.0
T006991,C1811,P006,D041,A013,2024-02-23,8,18500.0,148000.0
T006992,C0466,P006,D012,A003,2026-05-10,7,18500.0,129500.0
T006993,C0466,P002,D012,A003,2026-06-17,4,6500.0,26000.0
T006994,C0150,P006,D005,A001,2026-03-28,8,18500.0,148000.0
T006995,C1784,P009,D038,A013,2024-06-17,12,8075.0,96900.0
T006996,C1103,P006,D021,A005,2026-03-06,13,17575.0,228475.0
T006997,C1279,P009,D026,A006,2025-05-25,14,8075.0,113050.0
T006998,C1752,P012,D037,A012,2026-05-02,12,29450.0,353400.0
T006999,C0669,P003,D014,A004,2025-12-02,11,114000.0,1254000.0
T007000,C1184,P013,D021,A005,2024-10-27,10,90250.0,902500.0
T007001,C0059,P014,D004,A001,2024-01-04,11,26600.0,292600.0
T007002,C0362,P007,D011,A002,2024-05-07,2,85000.0,170000.0
T007003,C1598,P010,D035,A010,2026-04-28,10,20900.0,209000.0
T007004,C1480,P014,D030,A009,2025-09-23,5,28000.0,140000.0
T007005,C0676,P013,D018,A004,2026-03-01,7,95000.0,665000.0
T007006,C0723,P007,D014,A004,2025-07-27,11,80750.0,888250.0
T007007,C1030,P003,D025,A005,2024-04-13,6,120000.0,720000.0
T007008,C0002,P014,D005,A001,2024-03-19,9,28000.0,252000.0
T007009,C0467,P013,D012,A003,2026-01-02,10,90250.0,902500.0
T007010,C0407,P001,D011,A002,2026-04-09,2,45000.0,90000.0
T007011,C0487,P001,D012,A003,2024-06-25,2,45000.0,90000.0
T007012,C1558,P007,D030,A009,2024-11-16,1,85000.0,85000.0
T007013,C0543,P015,D012,A003,2025-04-30,4,49000.0,196000.0
T007014,C0372,P005,D008,A002,2024-10-12,7,12500.0,87500.0
T007015,C0990,P003,D020,A005,2026-05-30,4,120000.0,480000.0
T007016,C1668,P013,D035,A010,2026-02-02,10,90250.0,902500.0
T007017,C0467,P001,D012,A003,2025-01-26,4,45000.0,180000.0
T007018,C0144,P007,D003,A001,2024-01-20,1,85000.0,85000.0
T007019,C0686,P003,D015,A004,2026-05-17,11,114000.0,1254000.0
T007020,C1442,P006,D029,A008,2025-02-11,5,18500.0,92500.0
T007021,C1059,P010,D022,A005,2026-05-14,13,20900.0,271700.0
T007022,C1577,P011,D030,A009,2026-04-21,14,39900.0,558600.0
T007023,C1825,P003,D040,A013,2026-08-28,14,114000.0,1596000.0
T007024,C1527,P010,D030,A009,2025-12-02,14,20900.0,292600.0
T007025,C1142,P011,D021,A005,2024-07-20,6,42000.0,252000.0
T007026,C0964,P001,D016,A004,2026-08-18,4,45000.0,180000.0
T007027,C0061,P012,D004,A001,2025-01-07,2,31000.0,62000.0
T007028,C1872,P001,D040,A013,2025-09-25,11,42750.0,470250.0
T007029,C0733,P015,D015,A004,2026-02-09,4,49000.0,196000.0
T007030,C0293,P012,D005,A001,2025-07-28,2,31000.0,62000.0
T007031,C1279,P001,D026,A006,2025-01-27,14,42750.0,598500.0
T007032,C0549,P003,D018,A004,2024-09-06,14,114000.0,1596000.0
T007033,C1116,P003,D025,A005,2025-07-19,7,120000.0,840000.0
T007034,C1117,P012,D025,A005,2026-07-22,10,29450.0,294500.0
T007035,C0863,P003,D017,A004,2026-02-26,12,114000.0,1368000.0
T007036,C1607,P014,D034,A010,2026-02-15,9,28000.0,252000.0
T007037,C0515,P005,D012,A003,2024-04-28,7,12500.0,87500.0
T007038,C0870,P002,D018,A004,2026-01-02,10,6175.0,61750.0
T007039,C1039,P002,D022,A005,2024-05-24,10,6175.0,61750.0
T007040,C1265,P002,D026,A006,2026-01-19,4,6500.0,26000.0
T007041,C1514,P006,D033,A009,2024-06-20,12,17575.0,210900.0
T007042,C0754,P005,D015,A004,2025-12-15,14,11875.0,166250.0
T007043,C1232,P015,D024,A005,2024-01-29,10,46550.0,465500.0
T007044,C0288,P008,D001,A001,2026-02-13,14,51300.0,718200.0
T007045,C1786,P009,D039,A013,2024-03-20,9,8500.0,76500.0
T007046,C0733,P003,D013,A004,2025-02-13,4,120000.0,480000.0
T007047,C1405,P009,D028,A007,2026-05-23,11,8075.0,88825.0
T007048,C0034,P015,D006,A001,2025-10-16,11,46550.0,512050.0
T007049,C0402,P003,D009,A002,2026-07-16,3,120000.0,360000.0
T007050,C0957,P014,D017,A004,2026-01-12,4,28000.0,112000.0
T007051,C1685,P005,D036,A011,2024-10-27,6,12500.0,75000.0
T007052,C1024,P014,D023,A005,2024-10-13,8,28000.0,224000.0
T007053,C1785,P005,D038,A013,2025-03-29,7,12500.0,87500.0
T007054,C0953,P006,D016,A004,2025-08-23,5,18500.0,92500.0
T007055,C0962,P003,D015,A004,2024-08-10,3,120000.0,360000.0
T007056,C0222,P014,D003,A001,2025-11-09,9,28000.0,252000.0
T007057,C1551,P010,D032,A009,2024-11-22,15,20900.0,313500.0
T007058,C0478,P008,D012,A003,2024-11-21,15,51300.0,769500.0
T007059,C1732,P002,D037,A012,2025-11-15,8,6500.0,52000.0
T007060,C1751,P013,D037,A012,2024-04-16,12,90250.0,1083000.0
T007061,C1802,P004,D041,A013,2025-03-30,2,38000.0,76000.0
T007062,C1016,P008,D020,A005,2024-10-15,9,54000.0,486000.0
T007063,C1300,P006,D026,A006,2026-08-05,9,18500.0,166500.0
T007064,C1500,P013,D033,A009,2025-07-16,3,95000.0,285000.0
T007065,C0252,P009,D002,A001,2024-01-22,12,8075.0,96900.0
T007066,C1136,P009,D023,A005,2026-07-08,3,8500.0,25500.0
T007067,C0055,P006,D002,A001,2025-10-03,2,18500.0,37000.0
T007068,C0980,P013,D020,A005,2024-07-19,11,90250.0,992750.0
T007069,C0296,P004,D001,A001,2026-01-17,3,38000.0,114000.0
T007070,C0358,P014,D008,A002,2024-06-20,6,28000.0,168000.0
T007071,C0704,P003,D016,A004,2025-09-04,9,120000.0,1080000.0
T007072,C0834,P013,D017,A004,2026-04-28,9,95000.0,855000.0
T007073,C1187,P013,D024,A005,2025-11-14,5,95000.0,475000.0
T007074,C0126,P003,D007,A001,2024-06-23,5,120000.0,600000.0
T007075,C0990,P008,D024,A005,2024-02-02,1,54000.0,54000.0
T007076,C0358,P002,D010,A002,2024-02-20,15,6175.0,92625.0
T007077,C1097,P001,D023,A005,2025-06-06,15,42750.0,641250.0
T007078,C1214,P003,D024,A005,2024-02-21,9,120000.0,1080000.0
T007079,C1065,P003,D020,A005,2025-10-23,14,114000.0,1596000.0
T007080,C1421,P001,D029,A008,2025-12-07,5,45000.0,225000.0
T007081,C0647,P008,D013,A004,2025-01-17,10,51300.0,513000.0
T007082,C1479,P009,D033,A009,2024-09-11,8,8500.0,68000.0
T007083,C0836,P011,D013,A004,2026-02-11,2,42000.0,84000.0
T007084,C0954,P005,D017,A004,2025-12-07,4,12500.0,50000.0
T007085,C1236,P010,D024,A005,2025-12-05,8,22000.0,176000.0
T007086,C0029,P002,D003,A001,2024-11-15,11,6175.0,67925.0
T007087,C1246,P012,D026,A006,2025-11-20,10,29450.0,294500.0
T007088,C1182,P002,D025,A005,2025-08-18,5,6500.0,32500.0
T007089,C0599,P001,D016,A004,2024-03-31,10,42750.0,427500.0
T007090,C0154,P001,D002,A001,2025-01-10,4,45000.0,180000.0
T007091,C0163,P010,D002,A001,2024-04-27,11,20900.0,229900.0
T007092,C1777,P006,D038,A013,2025-01-16,6,18500.0,111000.0
T007093,C1320,P007,D028,A007,2024-09-10,14,80750.0,1130500.0
T007094,C0246,P004,D005,A001,2025-04-22,1,38000.0,38000.0
T007095,C0687,P014,D013,A004,2024-04-25,14,26600.0,372400.0
T007096,C1124,P006,D023,A005,2024-09-19,10,17575.0,175750.0
T007097,C1607,P012,D035,A010,2024-11-29,11,29450.0,323950.0
T007098,C0071,P007,D006,A001,2025-02-03,7,85000.0,595000.0
T007099,C0455,P004,D011,A002,2026-07-11,5,38000.0,190000.0
T007100,C1708,P002,D036,A011,2026-06-30,2,6500.0,13000.0
T007101,C0013,P003,D002,A001,2024-10-07,14,114000.0,1596000.0
T007102,C0393,P005,D010,A002,2024-03-23,11,11875.0,130625.0
T007103,C1825,P011,D041,A013,2025-05-27,11,39900.0,438900.0
T007104,C1168,P008,D023,A005,2024-04-25,6,54000.0,324000.0
T007105,C0509,P015,D012,A003,2026-07-02,11,46550.0,512050.0
T007106,C0115,P009,D005,A001,2024-07-28,1,8500.0,8500.0
T007107,C0049,P010,D001,A001,2024-02-04,1,22000.0,22000.0
T007108,C0472,P002,D012,A003,2024-07-11,15,6175.0,92625.0
T007109,C1691,P013,D036,A011,2025-02-02,13,90250.0,1173250.0
T007110,C0798,P012,D014,A004,2025-12-25,1,31000.0,31000.0
T007111,C1385,P010,D027,A007,2025-11-02,7,22000.0,154000.0
T007112,C1761,P008,D037,A012,2024-02-28,10,51300.0,513000.0
T007113,C0782,P001,D015,A004,2025-09-11,3,45000.0,135000.0
T007114,C0372,P008,D010,A002,2025-08-16,5,54000.0,270000.0
T007115,C1009,P010,D020,A005,2024-03-28,9,22000.0,198000.0
T007116,C1743,P012,D037,A012,2024-09-19,15,29450.0,441750.0
T007117,C1552,P009,D030,A009,2026-03-23,3,8500.0,25500.0
T007118,C0115,P001,D004,A001,2025-10-04,15,42750.0,641250.0
T007119,C1323,P012,D027,A007,2024-06-29,1,31000.0,31000.0
T007120,C1095,P004,D019,A005,2025-05-17,11,36100.0,397100.0
T007121,C1742,P004,D037,A012,2024-11-30,6,38000.0,228000.0
T007122,C0228,P012,D007,A001,2025-09-28,11,29450.0,323950.0
T007123,C1030,P002,D021,A005,2026-05-21,2,6500.0,13000.0
T007124,C1687,P005,D036,A011,2024-09-26,7,12500.0,87500.0
T007125,C0785,P001,D013,A004,2024-09-17,14,42750.0,598500.0
T007126,C0949,P010,D016,A004,2026-06-21,7,22000.0,154000.0
T007127,C0122,P005,D007,A001,2024-12-24,9,12500.0,112500.0
T007128,C0536,P013,D012,A003,2024-03-30,10,90250.0,902500.0
T007129,C0633,P010,D013,A004,2026-05-15,2,22000.0,44000.0
T007130,C1805,P010,D038,A013,2024-12-08,5,22000.0,110000.0
T007131,C0546,P011,D018,A004,2026-08-03,6,42000.0,252000.0
T007132,C0893,P009,D017,A004,2025-04-12,14,8075.0,113050.0
T007133,C1288,P013,D026,A006,2025-04-13,15,90250.0,1353750.0
T007134,C0311,P012,D009,A002,2026-05-17,5,31000.0,155000.0
T007135,C0956,P004,D013,A004,2026-05-07,13,36100.0,469300.0
T007136,C1421,P007,D029,A008,2026-03-13,9,85000.0,765000.0
T007137,C1670,P013,D034,A010,2026-03-25,8,95000.0,760000.0
T007138,C1194,P001,D024,A005,2026-03-27,10,42750.0,427500.0
T007139,C1283,P010,D026,A006,2024-05-29,8,22000.0,176000.0
T007140,C0244,P004,D007,A001,2026-07-18,10,36100.0,361000.0
T007141,C1808,P001,D038,A013,2025-04-17,11,42750.0,470250.0
T007142,C0254,P009,D001,A001,2026-05-07,15,8075.0,121125.0
T007143,C1494,P006,D032,A009,2026-08-18,3,18500.0,55500.0
T007144,C0514,P014,D012,A003,2024-08-06,4,28000.0,112000.0
T007145,C1787,P015,D038,A013,2024-02-22,3,49000.0,147000.0
T007146,C1385,P005,D028,A007,2025-04-27,12,11875.0,142500.0
T007147,C1452,P015,D029,A008,2024-08-13,4,49000.0,196000.0
T007148,C0418,P012,D009,A002,2024-11-27,14,29450.0,412300.0
T007149,C0854,P008,D015,A004,2024-07-16,11,51300.0,564300.0
T007150,C1181,P015,D025,A005,2024-08-30,4,49000.0,196000.0
T007151,C1483,P003,D033,A009,2024-09-16,6,120000.0,720000.0
T007152,C0198,P004,D006,A001,2025-09-18,4,38000.0,152000.0
T007153,C1829,P007,D038,A013,2025-04-22,1,85000.0,85000.0
T007154,C1708,P014,D036,A011,2024-12-10,8,28000.0,224000.0
T007155,C0522,P003,D012,A003,2024-04-12,3,120000.0,360000.0
T007156,C1587,P012,D031,A009,2024-10-24,1,31000.0,31000.0
T007157,C1009,P010,D021,A005,2024-09-29,12,20900.0,250800.0
T007158,C0901,P015,D016,A004,2026-01-24,7,49000.0,343000.0
T007159,C0614,P004,D016,A004,2025-04-07,14,36100.0,505400.0
T007160,C1104,P001,D020,A005,2024-11-08,6,45000.0,270000.0
T007161,C1409,P011,D028,A007,2024-12-14,7,42000.0,294000.0
T007162,C0790,P003,D014,A004,2024-01-06,1,120000.0,120000.0
T007163,C1203,P008,D019,A005,2025-02-16,7,54000.0,378000.0
T007164,C1337,P004,D028,A007,2026-07-27,2,38000.0,76000.0
T007165,C1370,P003,D027,A007,2024-03-08,2,120000.0,240000.0
T007166,C0094,P013,D007,A001,2024-01-09,14,90250.0,1263500.0
T007167,C1655,P001,D035,A010,2026-04-11,8,45000.0,360000.0
T007168,C0891,P012,D018,A004,2026-03-18,2,31000.0,62000.0
T007169,C0511,P014,D012,A003,2024-03-17,1,28000.0,28000.0
T007170,C0467,P011,D012,A003,2025-02-05,1,42000.0,42000.0
T007171,C0953,P001,D015,A004,2025-08-22,6,45000.0,270000.0
T007172,C1701,P012,D036,A011,2024-04-01,1,31000.0,31000.0
T007173,C0726,P008,D018,A004,2025-10-10,3,54000.0,162000.0
T007174,C1446,P004,D029,A008,2026-01-25,10,36100.0,361000.0
T007175,C0180,P005,D005,A001,2025-07-10,9,12500.0,112500.0
T007176,C0938,P012,D018,A004,2025-03-22,6,31000.0,186000.0
T007177,C1884,P004,D040,A013,2025-09-02,3,38000.0,114000.0
T007178,C1486,P013,D030,A009,2024-06-19,14,90250.0,1263500.0
T007179,C0411,P005,D011,A002,2024-09-24,10,11875.0,118750.0
T007180,C0989,P007,D019,A005,2026-01-14,9,85000.0,765000.0
T007181,C0452,P002,D009,A002,2024-05-28,3,6500.0,19500.0
T007182,C0782,P011,D017,A004,2026-03-28,5,42000.0,210000.0
T007183,C1503,P005,D032,A009,2025-06-21,6,12500.0,75000.0
T007184,C1486,P012,D032,A009,2024-11-04,6,31000.0,186000.0
T007185,C0440,P006,D011,A002,2024-05-23,10,17575.0,175750.0
T007186,C1776,P012,D038,A013,2025-05-06,2,31000.0,62000.0
T007187,C1124,P004,D023,A005,2024-05-12,8,38000.0,304000.0
T007188,C0728,P013,D014,A004,2024-08-04,12,90250.0,1083000.0
T007189,C0989,P015,D024,A005,2026-07-31,3,49000.0,147000.0
T007190,C1146,P004,D022,A005,2024-06-25,14,36100.0,505400.0
T007191,C1072,P011,D025,A005,2025-11-14,4,42000.0,168000.0
T007192,C0956,P001,D014,A004,2026-05-23,10,42750.0,427500.0
T007193,C0991,P007,D020,A005,2024-02-22,12,80750.0,969000.0
T007194,C0345,P014,D008,A002,2026-02-18,11,26600.0,292600.0
T007195,C1570,P003,D030,A009,2025-06-06,14,114000.0,1596000.0
T007196,C1045,P008,D020,A005,2025-09-29,9,54000.0,486000.0
T007197,C0252,P006,D001,A001,2025-02-04,9,18500.0,166500.0
T007198,C1479,P007,D031,A009,2025-04-16,9,85000.0,765000.0
T007199,C1786,P002,D041,A013,2026-08-15,12,6175.0,74100.0
T007200,C1812,P012,D039,A013,2024-11-13,4,31000.0,124000.0
T007201,C0710,P006,D016,A004,2026-06-08,14,17575.0,246050.0
T007202,C0260,P010,D005,A001,2025-04-08,6,22000.0,132000.0
T007203,C1009,P007,D024,A005,2024-08-05,4,85000.0,340000.0
T007204,C0211,P013,D001,A001,2024-04-01,3,95000.0,285000.0
T007205,C1787,P011,D040,A013,2025-07-27,2,42000.0,84000.0
T007206,C0358,P015,D009,A002,2024-02-27,9,49000.0,441000.0
T007207,C0493,P010,D012,A003,2025-10-31,15,20900.0,313500.0
T007208,C0779,P015,D015,A004,2026-06-17,2,49000.0,98000.0
T007209,C0733,P008,D013,A004,2026-04-19,13,51300.0,666900.0
T007210,C1530,P009,D031,A009,2025-07-19,3,8500.0,25500.0
T007211,C0884,P011,D013,A004,2025-11-13,1,42000.0,42000.0
T007212,C0327,P004,D010,A002,2025-12-08,14,36100.0,505400.0
T007213,C0518,P011,D012,A003,2025-08-28,1,42000.0,42000.0
T007214,C0997,P006,D020,A005,2024-02-23,2,18500.0,37000.0
T007215,C0280,P004,D004,A001,2026-01-16,5,38000.0,190000.0
T007216,C1166,P007,D022,A005,2025-10-11,6,85000.0,510000.0
T007217,C1084,P002,D021,A005,2025-06-11,3,6500.0,19500.0
T007218,C1374,P015,D028,A007,2026-02-11,12,46550.0,558600.0
T007219,C1794,P004,D039,A013,2024-04-13,7,38000.0,266000.0
T007220,C1752,P009,D037,A012,2026-06-19,14,8075.0,113050.0
T007221,C1808,P015,D040,A013,2026-03-28,6,49000.0,294000.0
T007222,C0472,P012,D012,A003,2024-02-25,8,31000.0,248000.0
T007223,C0253,P013,D005,A001,2025-08-13,4,95000.0,380000.0
T007224,C0580,P011,D017,A004,2026-01-18,12,39900.0,478800.0
T007225,C1726,P009,D036,A011,2024-04-10,1,8500.0,8500.0
T007226,C1841,P015,D039,A013,2025-06-26,6,49000.0,294000.0
T007227,C1652,P006,D034,A010,2025-11-07,4,18500.0,74000.0
T007228,C0207,P014,D007,A001,2024-04-07,7,28000.0,196000.0
T007229,C1812,P003,D041,A013,2026-07-23,5,120000.0,600000.0
T007230,C0812,P011,D018,A004,2026-05-24,6,42000.0,252000.0
T007231,C0013,P013,D001,A001,2026-06-26,8,95000.0,760000.0
T007232,C0852,P008,D016,A004,2026-01-21,9,54000.0,486000.0
T007233,C0075,P009,D003,A001,2025-08-22,2,8500.0,17000.0
T007234,C1049,P014,D021,A005,2024-06-23,15,26600.0,399000.0
T007235,C0651,P011,D013,A004,2024-11-11,2,42000.0,84000.0
T007236,C0926,P011,D017,A004,2026-05-30,13,39900.0,518700.0
T007237,C1168,P006,D025,A005,2026-03-15,2,18500.0,37000.0
T007238,C1674,P014,D036,A011,2024-05-17,10,26600.0,266000.0
T007239,C1261,P013,D026,A006,2025-10-05,2,95000.0,190000.0
T007240,C0840,P005,D018,A004,2025-05-04,14,11875.0,166250.0
T007241,C1579,P010,D032,A009,2025-04-27,13,20900.0,271700.0
T007242,C1739,P006,D037,A012,2026-02-24,15,17575.0,263625.0
T007243,C0222,P007,D004,A001,2026-04-21,14,80750.0,1130500.0
T007244,C1027,P013,D022,A005,2024-10-13,15,90250.0,1353750.0
T007245,C0549,P009,D015,A004,2026-04-27,7,8500.0,59500.0
T007246,C0076,P004,D004,A001,2024-03-10,11,36100.0,397100.0
T007247,C1282,P006,D026,A006,2026-06-18,3,18500.0,55500.0
T007248,C1667,P009,D035,A010,2024-11-04,8,8500.0,68000.0
T007249,C0311,P005,D009,A002,2024-06-26,6,12500.0,75000.0
T007250,C1569,P011,D031,A009,2025-12-11,2,42000.0,84000.0
T007251,C1638,P002,D034,A010,2024-03-27,2,6500.0,13000.0
T007252,C1754,P013,D037,A012,2025-04-23,5,95000.0,475000.0
T007253,C0515,P010,D012,A003,2024-04-08,10,20900.0,209000.0
T007254,C1737,P001,D037,A012,2026-01-26,2,45000.0,90000.0
T007255,C0626,P005,D016,A004,2026-02-06,1,12500.0,12500.0
T007256,C1060,P010,D020,A005,2025-04-17,9,22000.0,198000.0
T007257,C0090,P004,D004,A001,2025-12-11,5,38000.0,190000.0
T007258,C0071,P011,D004,A001,2024-03-03,3,42000.0,126000.0
T007259,C1385,P014,D028,A007,2025-02-12,7,28000.0,196000.0
T007260,C0862,P001,D016,A004,2026-03-04,12,42750.0,513000.0
T007261,C0496,P013,D012,A003,2025-12-18,2,95000.0,190000.0
T007262,C0370,P001,D011,A002,2026-08-22,12,42750.0,513000.0
T007263,C1286,P005,D026,A006,2024-08-24,10,11875.0,118750.0
T007264,C0002,P009,D002,A001,2025-08-06,15,8075.0,121125.0
T007265,C1558,P012,D032,A009,2025-02-02,12,29450.0,353400.0
T007266,C0147,P005,D001,A001,2026-08-13,15,11875.0,178125.0
T007267,C0372,P003,D011,A002,2025-07-19,15,114000.0,1710000.0
T007268,C0737,P002,D018,A004,2026-06-15,11,6175.0,67925.0
T007269,C0955,P005,D015,A004,2025-04-11,6,12500.0,75000.0
T007270,C0683,P010,D014,A004,2025-02-14,15,20900.0,313500.0
T007271,C0626,P015,D017,A004,2026-02-27,13,46550.0,605150.0
T007272,C1830,P011,D038,A013,2024-01-15,11,39900.0,438900.0
T007273,C1224,P007,D024,A005,2025-05-08,12,80750.0,969000.0
T007274,C0041,P011,D003,A001,2024-07-26,1,42000.0,42000.0
T007275,C0829,P002,D014,A004,2025-06-10,9,6500.0,58500.0
T007276,C1681,P006,D036,A011,2026-03-03,15,17575.0,263625.0
T007277,C0579,P008,D014,A004,2024-08-18,5,54000.0,270000.0
T007278,C0171,P015,D004,A001,2026-05-20,1,49000.0,49000.0
T007279,C1463,P011,D029,A008,2024-09-17,13,39900.0,518700.0
T007280,C1153,P011,D020,A005,2025-11-17,3,42000.0,126000.0
T007281,C1091,P009,D024,A005,2024-11-04,7,8500.0,59500.0
T007282,C0098,P002,D001,A001,2025-06-04,12,6175.0,74100.0
T007283,C0268,P015,D001,A001,2024-09-02,11,46550.0,512050.0
T007284,C1184,P012,D024,A005,2026-05-25,3,31000.0,93000.0
T007285,C0407,P014,D010,A002,2024-09-20,8,28000.0,224000.0
T007286,C0990,P014,D021,A005,2025-06-12,15,26600.0,399000.0
T007287,C1049,P008,D025,A005,2024-09-26,13,51300.0,666900.0
T007288,C0546,P010,D018,A004,2026-05-30,8,22000.0,176000.0
T007289,C1813,P014,D040,A013,2025-10-25,1,28000.0,28000.0
T007290,C1616,P014,D034,A010,2024-05-28,12,26600.0,319200.0
T007291,C1390,P001,D027,A007,2024-01-03,11,42750.0,470250.0
T007292,C0143,P007,D004,A001,2026-02-17,6,85000.0,510000.0
T007293,C0201,P008,D001,A001,2026-01-14,12,51300.0,615600.0
T007294,C0964,P004,D015,A004,2024-08-15,9,38000.0,342000.0
T007295,C0309,P003,D002,A001,2025-06-30,12,114000.0,1368000.0
T007296,C1857,P001,D040,A013,2025-03-23,10,42750.0,427500.0
T007297,C0301,P002,D005,A001,2024-06-21,8,6500.0,52000.0
T007298,C0957,P011,D013,A004,2025-04-17,10,39900.0,399000.0
T007299,C0700,P015,D017,A004,2026-03-27,10,46550.0,465500.0
T007300,C1219,P013,D022,A005,2024-12-01,7,95000.0,665000.0
T007301,C0248,P008,D002,A001,2024-02-25,2,54000.0,108000.0
T007302,C0829,P001,D013,A004,2024-04-25,8,45000.0,360000.0
T007303,C0532,P008,D012,A003,2026-06-12,5,54000.0,270000.0
T007304,C1706,P007,D036,A011,2026-01-02,5,85000.0,425000.0
T007305,C0064,P013,D005,A001,2025-07-31,1,95000.0,95000.0
T007306,C1754,P008,D037,A012,2025-06-15,15,51300.0,769500.0
T007307,C1600,P013,D034,A010,2024-10-20,13,90250.0,1173250.0
T007308,C0571,P012,D013,A004,2026-07-30,1,31000.0,31000.0
T007309,C1525,P009,D033,A009,2026-04-04,2,8500.0,17000.0
T007310,C0051,P013,D002,A001,2025-09-23,11,90250.0,992750.0
T007311,C1834,P014,D038,A013,2024-07-13,13,26600.0,345800.0
T007312,C1021,P004,D022,A005,2026-01-23,4,38000.0,152000.0
T007313,C0580,P013,D018,A004,2024-01-30,13,90250.0,1173250.0
T007314,C0696,P015,D018,A004,2025-07-12,2,49000.0,98000.0
T007315,C0115,P014,D005,A001,2025-04-18,4,28000.0,112000.0
T007316,C1880,P014,D041,A013,2025-06-21,1,28000.0,28000.0
T007317,C0060,P013,D006,A001,2025-11-09,10,90250.0,902500.0
T007318,C1247,P011,D026,A006,2025-03-05,3,42000.0,126000.0
T007319,C0854,P009,D016,A004,2026-07-21,4,8500.0,34000.0
T007320,C1813,P007,D038,A013,2026-07-24,10,80750.0,807500.0
T007321,C0476,P011,D012,A003,2025-12-16,10,39900.0,399000.0
T007322,C1027,P005,D021,A005,2026-04-25,5,12500.0,62500.0
T007323,C0949,P001,D013,A004,2024-12-17,5,45000.0,225000.0
T007324,C1348,P006,D028,A007,2026-06-28,8,18500.0,148000.0
T007325,C0117,P012,D001,A001,2025-06-22,8,31000.0,248000.0
T007326,C0374,P004,D008,A002,2024-05-14,3,38000.0,114000.0
T007327,C0414,P015,D010,A002,2024-06-11,2,49000.0,98000.0
T007328,C1421,P012,D029,A008,2024-09-04,2,31000.0,62000.0
T007329,C0368,P012,D011,A002,2025-01-27,14,29450.0,412300.0
T007330,C1096,P013,D021,A005,2026-03-24,10,90250.0,902500.0
T007331,C0415,P011,D010,A002,2025-02-21,1,42000.0,42000.0
T007332,C1659,P015,D035,A010,2025-10-15,15,46550.0,698250.0
T007333,C1802,P010,D041,A013,2026-03-22,9,22000.0,198000.0
T007334,C1009,P007,D025,A005,2025-10-02,10,80750.0,807500.0
T007335,C0680,P013,D016,A004,2026-03-18,3,95000.0,285000.0
T007336,C0453,P008,D009,A002,2025-02-02,13,51300.0,666900.0
T007337,C0087,P001,D005,A001,2026-07-20,2,45000.0,90000.0
T007338,C0520,P014,D012,A003,2025-07-07,4,28000.0,112000.0
T007339,C1246,P003,D026,A006,2024-07-27,8,120000.0,960000.0
T007340,C1030,P011,D024,A005,2024-02-18,4,42000.0,168000.0
T007341,C1803,P002,D039,A013,2024-08-24,10,6175.0,61750.0
T007342,C0757,P005,D018,A004,2024-10-25,14,11875.0,166250.0
T007343,C1327,P005,D028,A007,2026-07-23,8,12500.0,100000.0
T007344,C0958,P014,D014,A004,2024-10-24,5,28000.0,140000.0
T007345,C1002,P015,D025,A005,2024-03-18,8,49000.0,392000.0
T007346,C0520,P007,D012,A003,2025-08-05,13,80750.0,1049750.0
T007347,C0883,P011,D016,A004,2024-05-03,4,42000.0,168000.0
T007348,C0921,P004,D016,A004,2025-01-19,2,38000.0,76000.0
T007349,C1358,P015,D027,A007,2026-07-22,1,49000.0,49000.0
T007350,C1799,P001,D038,A013,2024-06-30,9,45000.0,405000.0
T007351,C0640,P015,D016,A004,2024-08-10,6,49000.0,294000.0
T007352,C0069,P008,D001,A001,2024-02-04,3,54000.0,162000.0
T007353,C0971,P014,D024,A005,2024-04-14,10,26600.0,266000.0
T007354,C1049,P013,D023,A005,2026-06-04,5,95000.0,475000.0
T007355,C0323,P009,D009,A002,2026-06-23,15,8075.0,121125.0
T007356,C1466,P014,D029,A008,2024-12-29,15,26600.0,399000.0
T007357,C1873,P003,D038,A013,2025-07-30,2,120000.0,240000.0
T007358,C1808,P003,D040,A013,2025-05-08,15,114000.0,1710000.0
T007359,C0379,P013,D011,A002,2025-06-09,4,95000.0,380000.0
T007360,C1683,P010,D036,A011,2024-02-21,10,20900.0,209000.0
T007361,C1354,P004,D028,A007,2025-03-01,15,36100.0,541500.0
T007362,C0882,P005,D018,A004,2025-10-30,2,12500.0,25000.0
T007363,C1041,P010,D025,A005,2024-04-12,9,22000.0,198000.0
T007364,C1636,P001,D035,A010,2025-09-28,12,42750.0,513000.0
T007365,C0944,P015,D017,A004,2024-09-25,1,49000.0,49000.0
T007366,C0718,P011,D015,A004,2025-10-11,13,39900.0,518700.0
T007367,C0964,P015,D013,A004,2024-02-18,14,46550.0,651700.0
T007368,C1101,P012,D025,A005,2025-09-14,10,29450.0,294500.0
T007369,C0368,P006,D011,A002,2026-03-15,12,17575.0,210900.0
T007370,C1733,P003,D037,A012,2025-09-23,4,120000.0,480000.0
T007371,C1293,P013,D026,A006,2025-05-01,3,95000.0,285000.0
T007372,C1207,P010,D025,A005,2025-01-09,15,20900.0,313500.0
T007373,C0184,P008,D005,A001,2024-11-20,9,54000.0,486000.0
T007374,C1142,P008,D020,A005,2024-08-31,10,51300.0,513000.0
T007375,C0227,P010,D001,A001,2025-03-30,6,22000.0,132000.0
T007376,C0146,P007,D002,A001,2025-02-18,13,80750.0,1049750.0
T007377,C1024,P012,D023,A005,2026-05-06,14,29450.0,412300.0
T007378,C0768,P003,D017,A004,2026-01-11,2,120000.0,240000.0
T007379,C1119,P007,D019,A005,2024-10-19,11,80750.0,888250.0
T007380,C0161,P011,D006,A001,2024-07-05,10,39900.0,399000.0
T007381,C0830,P006,D013,A004,2025-11-12,14,17575.0,246050.0
T007382,C0341,P002,D010,A002,2025-08-07,3,6500.0,19500.0
T007383,C1876,P001,D039,A013,2024-05-18,14,42750.0,598500.0
T007384,C1074,P002,D024,A005,2025-05-14,13,6175.0,80275.0
T007385,C1319,P004,D028,A007,2025-09-28,4,38000.0,152000.0
T007386,C0636,P007,D013,A004,2025-04-30,1,85000.0,85000.0
T007387,C0171,P006,D006,A001,2025-12-15,2,18500.0,37000.0
T007388,C1851,P003,D041,A013,2026-08-09,14,114000.0,1596000.0
T007389,C0551,P014,D015,A004,2024-11-30,7,28000.0,196000.0
T007390,C0814,P005,D016,A004,2025-11-29,10,11875.0,118750.0
T007391,C1242,P001,D023,A005,2025-07-02,12,42750.0,513000.0
T007392,C0042,P009,D007,A001,2024-11-23,4,8500.0,34000.0
T007393,C1566,P009,D030,A009,2025-03-12,12,8075.0,96900.0
T007394,C1032,P006,D019,A005,2024-04-17,10,17575.0,175750.0
T007395,C0536,P008,D012,A003,2025-10-21,5,54000.0,270000.0
T007396,C0110,P008,D006,A001,2025-04-08,9,54000.0,486000.0
T007397,C0311,P008,D011,A002,2024-01-24,7,54000.0,378000.0
T007398,C1726,P012,D036,A011,2025-07-19,12,29450.0,353400.0
T007399,C1313,P006,D028,A007,2024-10-17,13,17575.0,228475.0
T007400,C0482,P012,D012,A003,2024-11-11,2,31000.0,62000.0
T007401,C0113,P003,D004,A001,2025-04-09,1,120000.0,120000.0
T007402,C1322,P007,D027,A007,2025-02-03,7,85000.0,595000.0
T007403,C1095,P014,D021,A005,2024-05-08,8,28000.0,224000.0
T007404,C0775,P005,D016,A004,2024-08-31,14,11875.0,166250.0
T007405,C0699,P015,D018,A004,2026-08-06,7,49000.0,343000.0
T007406,C0417,P005,D009,A002,2026-06-01,3,12500.0,37500.0
T007407,C1285,P009,D026,A006,2025-06-11,9,8500.0,76500.0
T007408,C1841,P002,D040,A013,2025-08-18,4,6500.0,26000.0
T007409,C0343,P015,D009,A002,2025-05-28,13,46550.0,605150.0
T007410,C1132,P013,D022,A005,2025-03-15,7,95000.0,665000.0
T007411,C0815,P015,D018,A004,2026-02-26,2,49000.0,98000.0
T007412,C0867,P009,D013,A004,2024-01-01,1,8500.0,8500.0
T007413,C0494,P007,D012,A003,2026-05-19,2,85000.0,170000.0
T007414,C1588,P014,D033,A009,2026-03-26,5,28000.0,140000.0
T007415,C0956,P002,D016,A004,2024-05-27,8,6500.0,52000.0
T007416,C1049,P003,D025,A005,2026-01-19,10,114000.0,1140000.0
T007417,C0585,P013,D013,A004,2024-06-06,3,95000.0,285000.0
T007418,C0357,P008,D010,A002,2025-08-22,15,51300.0,769500.0
T007419,C0154,P008,D007,A001,2025-02-08,12,51300.0,615600.0
T007420,C1374,P003,D027,A007,2024-08-05,9,120000.0,1080000.0
T007421,C0379,P013,D011,A002,2026-06-22,11,90250.0,992750.0
T007422,C1322,P015,D028,A007,2024-11-11,7,49000.0,343000.0
T007423,C0746,P015,D016,A004,2024-09-28,10,46550.0,465500.0
T007424,C0798,P009,D014,A004,2024-04-07,15,8075.0,121125.0
T007425,C0920,P006,D018,A004,2024-08-19,5,18500.0,92500.0
T007426,C0707,P008,D015,A004,2024-03-14,11,51300.0,564300.0
T007427,C0185,P006,D001,A001,2024-11-01,2,18500.0,37000.0
T007428,C0599,P012,D016,A004,2025-06-24,11,29450.0,323950.0
T007429,C1265,P010,D026,A006,2025-11-21,14,20900.0,292600.0
T007430,C1277,P007,D026,A006,2024-06-12,13,80750.0,1049750.0
T007431,C0551,P013,D016,A004,2024-08-08,15,90250.0,1353750.0
T007432,C0893,P001,D013,A004,2024-05-24,2,45000.0,90000.0
T007433,C0374,P002,D010,A002,2026-08-04,11,6175.0,67925.0
T007434,C0411,P004,D010,A002,2025-08-13,6,38000.0,228000.0
T007435,C0039,P007,D003,A001,2024-10-05,10,80750.0,807500.0
T007436,C1727,P010,D036,A011,2024-09-19,6,22000.0,132000.0
T007437,C0412,P006,D009,A002,2026-02-28,15,17575.0,263625.0
T007438,C0438,P004,D011,A002,2024-01-02,11,36100.0,397100.0
T007439,C0543,P001,D012,A003,2026-08-23,3,45000.0,135000.0
T007440,C0246,P015,D001,A001,2024-02-04,5,49000.0,245000.0
T007441,C1218,P003,D019,A005,2024-02-11,15,114000.0,1710000.0
T007442,C0127,P005,D002,A001,2024-12-21,11,11875.0,130625.0
T007443,C0260,P014,D002,A001,2024-07-06,3,28000.0,84000.0
T007444,C1230,P013,D021,A005,2024-10-17,13,90250.0,1173250.0
T007445,C0655,P014,D016,A004,2025-05-24,4,28000.0,112000.0
T007446,C1362,P014,D028,A007,2026-02-11,10,26600.0,266000.0
T007447,C1067,P005,D024,A005,2025-06-12,11,11875.0,130625.0
T007448,C0496,P009,D012,A003,2026-08-27,9,8500.0,76500.0
T007449,C1243,P015,D021,A005,2024-03-25,8,49000.0,392000.0
T007450,C0216,P008,D001,A001,2024-02-10,5,54000.0,270000.0
T007451,C1032,P008,D022,A005,2024-05-12,8,54000.0,432000.0
T007452,C0848,P009,D014,A004,2025-04-16,14,8075.0,113050.0
T007453,C0520,P012,D012,A003,2026-02-19,13,29450.0,382850.0
T007454,C1142,P014,D025,A005,2024-08-01,5,28000.0,140000.0
T007455,C1677,P011,D036,A011,2026-07-05,4,42000.0,168000.0
T007456,C1900,P008,D040,A013,2026-08-07,13,51300.0,666900.0
T007457,C1163,P006,D024,A005,2024-10-29,15,17575.0,263625.0
T007458,C0775,P004,D017,A004,2025-05-21,2,38000.0,76000.0
T007459,C0431,P001,D010,A002,2026-02-12,5,45000.0,225000.0
T007460,C0496,P010,D012,A003,2026-04-17,10,20900.0,209000.0
T007461,C0941,P001,D018,A004,2025-08-16,14,42750.0,598500.0
T007462,C0707,P015,D016,A004,2026-06-17,7,49000.0,343000.0
T007463,C1754,P006,D037,A012,2024-06-08,3,18500.0,55500.0
T007464,C0710,P009,D015,A004,2025-04-23,6,8500.0,51000.0
T007465,C0718,P005,D015,A004,2024-05-24,10,11875.0,118750.0
T007466,C0733,P010,D014,A004,2024-05-29,13,20900.0,271700.0
T007467,C1607,P005,D035,A010,2024-05-20,14,11875.0,166250.0
T007468,C1243,P007,D019,A005,2025-09-19,15,80750.0,1211250.0
T007469,C1173,P005,D023,A005,2025-07-14,8,12500.0,100000.0
T007470,C0646,P012,D018,A004,2024-08-15,11,29450.0,323950.0
T007471,C1578,P004,D030,A009,2024-06-30,5,38000.0,190000.0
T007472,C0059,P012,D002,A001,2025-01-19,3,31000.0,93000.0
T007473,C1676,P011,D036,A011,2024-07-27,4,42000.0,168000.0
T007474,C1002,P008,D022,A005,2025-10-27,7,54000.0,378000.0
T007475,C0762,P007,D015,A004,2025-07-03,6,85000.0,510000.0
T007476,C0976,P006,D021,A005,2026-08-03,13,17575.0,228475.0
T007477,C1279,P010,D026,A006,2024-12-19,11,20900.0,229900.0
T007478,C0021,P011,D001,A001,2025-10-17,4,42000.0,168000.0
T007479,C1678,P009,D036,A011,2026-07-30,5,8500.0,42500.0
T007480,C0867,P005,D018,A004,2026-06-03,3,12500.0,37500.0
T007481,C0665,P009,D016,A004,2025-02-23,2,8500.0,17000.0
T007482,C0267,P007,D001,A001,2024-04-11,15,80750.0,1211250.0
T007483,C0850,P013,D013,A004,2024-02-14,8,95000.0,760000.0
T007484,C0971,P009,D023,A005,2025-02-15,13,8075.0,104975.0
T007485,C0769,P006,D017,A004,2025-06-24,10,17575.0,175750.0
T007486,C1303,P008,D026,A006,2025-08-29,8,54000.0,432000.0
T007487,C0808,P007,D017,A004,2024-08-06,11,80750.0,888250.0
T007488,C1829,P014,D040,A013,2024-07-09,1,28000.0,28000.0
T007489,C1135,P002,D025,A005,2024-04-08,7,6500.0,45500.0
T007490,C1559,P001,D032,A009,2024-09-29,4,45000.0,180000.0
T007491,C0206,P013,D002,A001,2026-01-22,13,90250.0,1173250.0
T007492,C0762,P008,D013,A004,2025-08-18,12,51300.0,615600.0
T007493,C0650,P008,D018,A004,2024-04-17,1,54000.0,54000.0
T007494,C1091,P008,D021,A005,2025-09-30,14,51300.0,718200.0
T007495,C1657,P001,D034,A010,2026-05-31,5,45000.0,225000.0
T007496,C0144,P001,D003,A001,2025-02-23,12,42750.0,513000.0
T007497,C0124,P015,D001,A001,2025-03-29,3,49000.0,147000.0
T007498,C1636,P014,D035,A010,2024-08-02,13,26600.0,345800.0
T007499,C0413,P013,D011,A002,2026-06-11,1,95000.0,95000.0
T007500,C1282,P014,D026,A006,2024-12-24,1,28000.0,28000.0
T007501,C1047,P010,D020,A005,2024-04-21,9,22000.0,198000.0
T007502,C1600,P005,D035,A010,2024-01-04,15,11875.0,178125.0
T007503,C0237,P002,D002,A001,2025-01-01,11,6175.0,67925.0
T007504,C0248,P008,D007,A001,2025-02-25,5,54000.0,270000.0
T007505,C1065,P007,D024,A005,2024-05-13,11,80750.0,888250.0
T007506,C1808,P002,D039,A013,2024-03-31,5,6500.0,32500.0
T007507,C0798,P005,D017,A004,2025-10-27,1,12500.0,12500.0
T007508,C0637,P014,D016,A004,2026-02-21,9,28000.0,252000.0
T007509,C1155,P009,D021,A005,2024-12-03,9,8500.0,76500.0
T007510,C1785,P012,D041,A013,2025-01-22,11,29450.0,323950.0
T007511,C1608,P007,D035,A010,2026-06-14,8,85000.0,680000.0
T007512,C1891,P013,D040,A013,2024-09-17,15,90250.0,1353750.0
T007513,C0038,P010,D001,A001,2025-02-19,8,22000.0,176000.0
T007514,C0211,P014,D001,A001,2026-05-21,13,26600.0,345800.0
T007515,C1163,P005,D021,A005,2024-07-23,14,11875.0,166250.0
T007516,C1582,P009,D032,A009,2024-06-20,6,8500.0,51000.0
T007517,C0549,P003,D014,A004,2025-04-16,4,120000.0,480000.0
T007518,C0463,P008,D012,A003,2024-11-14,9,54000.0,486000.0
T007519,C1518,P011,D031,A009,2024-06-18,3,42000.0,126000.0
T007520,C0101,P001,D002,A001,2024-07-05,8,45000.0,360000.0
T007521,C0710,P001,D014,A004,2024-08-23,9,45000.0,405000.0
T007522,C0991,P008,D019,A005,2024-12-13,9,54000.0,486000.0
T007523,C1072,P006,D020,A005,2024-06-15,3,18500.0,55500.0
T007524,C1403,P003,D027,A007,2024-02-04,12,114000.0,1368000.0
T007525,C0683,P005,D014,A004,2026-08-09,1,12500.0,12500.0
T007526,C1167,P011,D020,A005,2025-07-20,5,42000.0,210000.0
T007527,C1113,P014,D019,A005,2026-03-23,1,28000.0,28000.0
T007528,C1053,P004,D023,A005,2024-07-22,7,38000.0,266000.0
T007529,C1221,P004,D022,A005,2026-06-11,6,38000.0,228000.0
T007530,C0500,P010,D012,A003,2025-09-12,10,20900.0,209000.0
T007531,C0152,P012,D001,A001,2026-05-09,4,31000.0,124000.0
T007532,C0220,P006,D006,A001,2024-11-24,4,18500.0,74000.0
T007533,C0431,P004,D011,A002,2026-05-23,6,38000.0,228000.0
T007534,C0986,P002,D023,A005,2025-10-24,9,6500.0,58500.0
T007535,C1612,P007,D035,A010,2024-08-23,4,85000.0,340000.0
T007536,C1341,P010,D027,A007,2024-04-09,6,22000.0,132000.0
T007537,C1525,P005,D033,A009,2025-04-12,1,12500.0,12500.0
T007538,C0676,P002,D013,A004,2026-08-04,11,6175.0,67925.0
T007539,C0775,P007,D015,A004,2025-10-20,5,85000.0,425000.0
T007540,C0749,P015,D016,A004,2025-05-09,11,46550.0,512050.0
T007541,C0372,P010,D008,A002,2025-04-14,6,22000.0,132000.0
T007542,C0109,P005,D003,A001,2025-02-27,3,12500.0,37500.0
T007543,C1123,P006,D022,A005,2026-05-16,6,18500.0,111000.0
T007544,C1880,P012,D039,A013,2026-05-16,1,31000.0,31000.0
T007545,C0317,P001,D010,A002,2025-08-04,7,45000.0,315000.0
T007546,C0075,P011,D007,A001,2025-03-19,2,42000.0,84000.0
T007547,C1502,P004,D031,A009,2026-03-03,15,36100.0,541500.0
T007548,C0492,P013,D012,A003,2025-08-18,12,90250.0,1083000.0
T007549,C1597,P006,D034,A010,2026-05-18,10,17575.0,175750.0
T007550,C1352,P015,D028,A007,2024-08-06,13,46550.0,605150.0
T007551,C1806,P001,D039,A013,2024-03-27,13,42750.0,555750.0
T007552,C0782,P009,D016,A004,2025-04-03,12,8075.0,96900.0
T007553,C1261,P008,D026,A006,2026-05-03,9,54000.0,486000.0
T007554,C0905,P009,D013,A004,2024-04-09,7,8500.0,59500.0
T007555,C1204,P009,D020,A005,2025-02-07,13,8075.0,104975.0
T007556,C0871,P012,D016,A004,2025-12-03,1,31000.0,31000.0
T007557,C0366,P009,D011,A002,2024-10-01,14,8075.0,113050.0
T007558,C0995,P002,D023,A005,2026-04-05,14,6175.0,86450.0
T007559,C1024,P010,D023,A005,2025-10-10,6,22000.0,132000.0
T007560,C1568,P008,D032,A009,2024-06-21,7,54000.0,378000.0
T007561,C1417,P005,D027,A007,2024-10-30,6,12500.0,75000.0
T007562,C1265,P006,D026,A006,2025-10-27,8,18500.0,148000.0
T007563,C0211,P006,D004,A001,2025-11-30,5,18500.0,92500.0
T007564,C1385,P002,D027,A007,2024-01-31,5,6500.0,32500.0
T007565,C0986,P001,D025,A005,2026-02-15,2,45000.0,90000.0
T007566,C1725,P011,D036,A011,2026-07-11,3,42000.0,126000.0
T007567,C1766,P006,D037,A012,2025-06-08,2,18500.0,37000.0
T007568,C0100,P001,D003,A001,2026-08-08,11,42750.0,470250.0
T007569,C1582,P008,D030,A009,2024-08-06,6,54000.0,324000.0
T007570,C0058,P012,D006,A001,2025-06-24,3,31000.0,93000.0
T007571,C0707,P005,D017,A004,2025-05-29,15,11875.0,178125.0
T007572,C1047,P009,D024,A005,2026-03-30,7,8500.0,59500.0
T007573,C0281,P005,D001,A001,2024-06-28,2,12500.0,25000.0
T007574,C1438,P006,D029,A008,2026-02-14,8,18500.0,148000.0
T007575,C0012,P004,D003,A001,2024-05-22,7,38000.0,266000.0
T007576,C0323,P002,D008,A002,2024-09-08,14,6175.0,86450.0
T007577,C1104,P012,D021,A005,2025-04-25,2,31000.0,62000.0
T007578,C1374,P008,D028,A007,2026-07-27,5,54000.0,270000.0
T007579,C1756,P001,D037,A012,2024-09-18,7,45000.0,315000.0
T007580,C1354,P009,D027,A007,2026-04-04,13,8075.0,104975.0
T007581,C1289,P012,D026,A006,2024-05-05,7,31000.0,217000.0
T007582,C0753,P007,D016,A004,2026-03-14,8,85000.0,680000.0
T007583,C0005,P005,D005,A001,2025-04-06,13,11875.0,154375.0
T007584,C0223,P004,D006,A001,2025-02-04,15,36100.0,541500.0
T007585,C1030,P003,D022,A005,2026-01-19,1,120000.0,120000.0
T007586,C1297,P012,D026,A006,2024-04-24,11,29450.0,323950.0
T007587,C0802,P005,D014,A004,2026-06-07,14,11875.0,166250.0
T007588,C1410,P008,D027,A007,2025-11-21,4,54000.0,216000.0
T007589,C1017,P006,D023,A005,2026-06-20,9,18500.0,166500.0
T007590,C0126,P012,D002,A001,2024-02-10,5,31000.0,155000.0
T007591,C0373,P007,D011,A002,2024-08-14,12,80750.0,969000.0
T007592,C1612,P012,D034,A010,2024-08-01,15,29450.0,441750.0
T007593,C1393,P015,D027,A007,2024-08-03,14,46550.0,651700.0
T007594,C1725,P001,D036,A011,2025-05-18,10,42750.0,427500.0
T007595,C0216,P003,D001,A001,2024-11-05,11,114000.0,1254000.0
T007596,C1883,P008,D038,A013,2026-07-26,13,51300.0,666900.0
T007597,C0411,P008,D009,A002,2026-01-27,8,54000.0,432000.0
T007598,C0020,P001,D001,A001,2024-07-02,10,42750.0,427500.0
T007599,C1894,P010,D039,A013,2026-06-28,1,22000.0,22000.0
T007600,C0543,P005,D012,A003,2026-06-23,8,12500.0,100000.0
T007601,C1282,P006,D026,A006,2026-08-04,12,17575.0,210900.0
T007602,C0345,P015,D008,A002,2024-08-19,10,46550.0,465500.0
T007603,C1104,P007,D023,A005,2025-03-08,12,80750.0,969000.0
T007604,C1737,P013,D037,A012,2025-07-28,4,95000.0,380000.0
T007605,C0625,P012,D018,A004,2024-08-11,4,31000.0,124000.0
T007606,C1287,P012,D026,A006,2026-02-04,13,29450.0,382850.0
T007607,C0363,P012,D008,A002,2024-10-17,8,31000.0,248000.0
T007608,C1187,P006,D022,A005,2024-03-30,15,17575.0,263625.0
T007609,C0650,P002,D018,A004,2024-03-17,1,6500.0,6500.0
T007610,C0412,P011,D009,A002,2026-03-28,15,39900.0,598500.0
T007611,C0613,P010,D016,A004,2026-01-31,9,22000.0,198000.0
T007612,C0350,P011,D009,A002,2025-10-21,11,39900.0,438900.0
T007613,C1734,P009,D037,A012,2026-07-29,1,8500.0,8500.0
T007614,C0761,P003,D018,A004,2026-07-05,15,114000.0,1710000.0
T007615,C0473,P012,D012,A003,2025-06-15,4,31000.0,124000.0
T007616,C0870,P005,D013,A004,2024-01-07,9,12500.0,112500.0
T007617,C0626,P005,D014,A004,2024-12-13,4,12500.0,50000.0
T007618,C1434,P005,D029,A008,2026-04-06,8,12500.0,100000.0
T007619,C1841,P008,D038,A013,2024-06-08,4,54000.0,216000.0
T007620,C0849,P002,D013,A004,2025-09-09,2,6500.0,13000.0
T007621,C1657,P002,D034,A010,2024-10-26,11,6175.0,67925.0
T007622,C1084,P012,D025,A005,2024-06-28,15,29450.0,441750.0
T007623,C0300,P011,D006,A001,2026-06-04,3,42000.0,126000.0
T007624,C1322,P011,D028,A007,2024-07-27,2,42000.0,84000.0
T007625,C1003,P014,D023,A005,2024-10-27,5,28000.0,140000.0
T007626,C1242,P008,D025,A005,2025-03-18,14,51300.0,718200.0
T007627,C1708,P012,D036,A011,2026-08-06,7,31000.0,217000.0
T007628,C0850,P007,D014,A004,2026-01-11,14,80750.0,1130500.0
T007629,C1733,P006,D037,A012,2024-02-29,2,18500.0,37000.0
T007630,C1447,P012,D029,A008,2025-06-23,12,29450.0,353400.0
T007631,C0958,P004,D013,A004,2025-01-31,6,38000.0,228000.0
T007632,C1139,P014,D025,A005,2024-11-28,15,26600.0,399000.0
T007633,C0637,P014,D017,A004,2025-06-10,1,28000.0,28000.0
T007634,C1872,P001,D040,A013,2024-10-07,7,45000.0,315000.0
T007635,C1279,P011,D026,A006,2025-11-04,2,42000.0,84000.0
T007636,C0071,P003,D007,A001,2024-02-20,13,114000.0,1482000.0
T007637,C0637,P009,D016,A004,2025-07-26,9,8500.0,76500.0
T007638,C1187,P003,D020,A005,2026-06-11,12,114000.0,1368000.0
T007639,C0101,P004,D006,A001,2024-07-15,6,38000.0,228000.0
T007640,C0041,P015,D001,A001,2024-03-02,4,49000.0,196000.0
T007641,C0873,P004,D014,A004,2024-11-21,9,38000.0,342000.0
T007642,C0645,P001,D016,A004,2024-06-27,8,45000.0,360000.0
T007643,C0849,P013,D015,A004,2025-04-29,15,90250.0,1353750.0
T007644,C0511,P009,D012,A003,2024-06-20,9,8500.0,76500.0
T007645,C0316,P002,D010,A002,2024-08-18,6,6500.0,39000.0
T007646,C1320,P015,D027,A007,2026-01-02,13,46550.0,605150.0
T007647,C1003,P005,D025,A005,2024-12-20,11,11875.0,130625.0
T007648,C0390,P011,D010,A002,2026-01-10,4,42000.0,168000.0
T007649,C0625,P001,D014,A004,2026-07-11,15,42750.0,641250.0
T007650,C1123,P006,D023,A005,2026-03-07,2,18500.0,37000.0
T007651,C0124,P006,D002,A001,2024-12-17,1,18500.0,18500.0
T007652,C0280,P014,D005,A001,2025-11-10,1,28000.0,28000.0
T007653,C0126,P010,D001,A001,2025-08-06,11,20900.0,229900.0
T007654,C1569,P004,D031,A009,2024-03-09,3,38000.0,114000.0
T007655,C1449,P012,D029,A008,2024-12-10,7,31000.0,217000.0
T007656,C1451,P003,D029,A008,2024-01-10,11,114000.0,1254000.0
T007657,C1377,P005,D028,A007,2026-04-16,11,11875.0,130625.0
T007658,C1284,P010,D026,A006,2024-03-07,4,22000.0,88000.0
T007659,C0939,P006,D013,A004,2025-07-13,4,18500.0,74000.0
T007660,C1225,P007,D019,A005,2025-10-06,3,85000.0,255000.0
T007661,C0059,P008,D005,A001,2026-07-15,9,54000.0,486000.0
T007662,C1183,P008,D025,A005,2024-03-18,13,51300.0,666900.0
T007663,C1499,P012,D030,A009,2025-07-29,12,29450.0,353400.0
T007664,C0988,P008,D025,A005,2024-09-04,5,54000.0,270000.0
T007665,C0687,P002,D015,A004,2025-01-03,4,6500.0,26000.0
T007666,C0536,P008,D012,A003,2024-07-25,2,54000.0,108000.0
T007667,C1225,P015,D025,A005,2025-07-13,7,49000.0,343000.0
T007668,C1323,P005,D027,A007,2026-07-08,15,11875.0,178125.0
T007669,C1676,P010,D036,A011,2025-05-20,14,20900.0,292600.0
T007670,C0665,P004,D015,A004,2024-02-09,11,36100.0,397100.0
T007671,C1483,P012,D032,A009,2024-01-14,11,29450.0,323950.0
T007672,C1074,P008,D024,A005,2025-06-13,12,51300.0,615600.0
T007673,C1695,P002,D036,A011,2025-12-25,14,6175.0,86450.0
T007674,C1024,P011,D021,A005,2025-08-22,3,42000.0,126000.0
T007675,C1009,P012,D020,A005,2026-08-20,15,29450.0,441750.0
T007676,C1100,P011,D023,A005,2026-08-10,3,42000.0,126000.0
T007677,C1446,P014,D029,A008,2025-09-24,11,26600.0,292600.0
T007678,C1830,P014,D040,A013,2026-01-28,11,26600.0,292600.0
T007679,C0126,P014,D006,A001,2024-07-12,12,26600.0,319200.0
T007680,C0098,P010,D003,A001,2025-07-22,2,22000.0,44000.0
T007681,C1794,P014,D039,A013,2025-12-08,7,28000.0,196000.0
T007682,C1026,P011,D022,A005,2026-07-17,4,42000.0,168000.0
T007683,C1176,P003,D023,A005,2024-01-22,4,120000.0,480000.0
T007684,C0949,P013,D013,A004,2024-08-15,10,90250.0,902500.0
T007685,C0170,P008,D003,A001,2025-01-17,10,51300.0,513000.0
T007686,C1481,P014,D033,A009,2026-07-17,4,28000.0,112000.0
T007687,C1442,P005,D029,A008,2026-08-19,1,12500.0,12500.0
T007688,C0607,P011,D016,A004,2024-12-10,15,39900.0,598500.0
T007689,C0586,P004,D017,A004,2024-05-28,9,38000.0,342000.0
T007690,C1609,P002,D034,A010,2026-08-28,8,6500.0,52000.0
T007691,C0124,P009,D007,A001,2026-03-02,1,8500.0,8500.0
T007692,C1689,P015,D036,A011,2024-05-04,5,49000.0,245000.0
T007693,C0496,P009,D012,A003,2025-03-21,14,8075.0,113050.0
T007694,C1126,P011,D024,A005,2026-07-19,13,39900.0,518700.0
T007695,C1790,P014,D039,A013,2024-07-23,9,28000.0,252000.0
T007696,C1300,P001,D026,A006,2025-09-16,5,45000.0,225000.0
T007697,C0798,P012,D015,A004,2024-01-30,3,31000.0,93000.0
T007698,C1320,P003,D028,A007,2025-01-10,9,120000.0,1080000.0
T007699,C0666,P002,D013,A004,2025-06-03,2,6500.0,13000.0
T007700,C0535,P012,D012,A003,2026-04-17,6,31000.0,186000.0
T007701,C1893,P011,D039,A013,2025-04-30,4,42000.0,168000.0
T007702,C1447,P001,D029,A008,2025-11-03,5,45000.0,225000.0
T007703,C1230,P015,D024,A005,2026-03-06,15,46550.0,698250.0
T007704,C0683,P005,D013,A004,2025-02-20,3,12500.0,37500.0
T007705,C0086,P004,D003,A001,2024-09-23,8,38000.0,304000.0
T007706,C0051,P003,D007,A001,2026-02-25,6,120000.0,720000.0
T007707,C1062,P007,D020,A005,2024-10-24,11,80750.0,888250.0
T007708,C1473,P015,D029,A008,2025-04-19,8,49000.0,392000.0
T007709,C1036,P008,D021,A005,2025-08-01,3,54000.0,162000.0
T007710,C1612,P015,D034,A010,2025-09-25,14,46550.0,651700.0
T007711,C0055,P006,D006,A001,2024-04-17,11,17575.0,193325.0
T007712,C0706,P014,D014,A004,2026-02-24,8,28000.0,224000.0
T007713,C0457,P007,D010,A002,2026-05-27,15,80750.0,1211250.0
T007714,C0867,P006,D013,A004,2025-05-14,7,18500.0,129500.0
T007715,C0124,P013,D002,A001,2025-03-01,5,95000.0,475000.0
T007716,C1817,P003,D038,A013,2024-10-26,7,120000.0,840000.0
T007717,C0426,P001,D010,A002,2025-06-27,4,45000.0,180000.0
T007718,C1776,P009,D041,A013,2024-08-10,3,8500.0,25500.0
T007719,C0821,P012,D015,A004,2026-08-23,8,31000.0,248000.0
T007720,C1874,P004,D041,A013,2025-02-06,8,38000.0,304000.0
T007721,C1062,P001,D023,A005,2024-09-10,5,45000.0,225000.0
T007722,C1785,P008,D040,A013,2026-03-10,1,54000.0,54000.0
T007723,C0009,P005,D005,A001,2025-12-08,15,11875.0,178125.0
T007724,C1442,P010,D029,A008,2025-01-07,4,22000.0,88000.0
T007725,C1737,P003,D037,A012,2026-01-29,6,120000.0,720000.0
T007726,C0267,P007,D004,A001,2026-05-15,2,85000.0,170000.0
T007727,C0176,P003,D004,A001,2026-01-22,8,120000.0,960000.0
T007728,C0817,P002,D016,A004,2025-01-31,8,6500.0,52000.0
T007729,C1787,P012,D041,A013,2025-10-26,13,29450.0,382850.0
T007730,C1047,P002,D021,A005,2024-09-28,8,6500.0,52000.0
T007731,C1024,P006,D020,A005,2026-07-02,4,18500.0,74000.0
T007732,C0269,P008,D005,A001,2024-04-13,12,51300.0,615600.0
T007733,C0002,P014,D003,A001,2024-09-07,10,26600.0,266000.0
T007734,C1564,P004,D030,A009,2024-02-09,8,38000.0,304000.0
T007735,C0158,P004,D006,A001,2026-02-28,14,36100.0,505400.0
T007736,C1210,P009,D022,A005,2026-02-11,4,8500.0,34000.0
T007737,C1755,P010,D037,A012,2024-03-17,2,22000.0,44000.0
T007738,C0409,P002,D011,A002,2024-05-25,7,6500.0,45500.0
T007739,C1276,P008,D026,A006,2024-12-02,12,51300.0,615600.0
T007740,C0146,P011,D007,A001,2026-04-11,11,39900.0,438900.0
T007741,C1142,P015,D022,A005,2025-06-19,6,49000.0,294000.0
T007742,C0311,P011,D010,A002,2025-04-12,13,39900.0,518700.0
T007743,C1417,P004,D028,A007,2026-03-05,15,36100.0,541500.0
T007744,C0579,P015,D018,A004,2025-12-20,10,46550.0,465500.0
T007745,C0903,P003,D017,A004,2025-02-07,9,120000.0,1080000.0
T007746,C1135,P012,D024,A005,2025-05-16,8,31000.0,248000.0
T007747,C0329,P014,D010,A002,2024-05-11,8,28000.0,224000.0
T007748,C1424,P008,D029,A008,2025-01-11,1,54000.0,54000.0
T007749,C0580,P012,D014,A004,2025-06-06,4,31000.0,124000.0
T007750,C1264,P006,D026,A006,2026-03-23,9,18500.0,166500.0
T007751,C0301,P011,D004,A001,2025-09-03,1,42000.0,42000.0
T007752,C1320,P011,D028,A007,2024-05-06,15,39900.0,598500.0
T007753,C0247,P007,D004,A001,2024-09-24,1,85000.0,85000.0
T007754,C0819,P015,D017,A004,2024-01-27,3,49000.0,147000.0
T007755,C0478,P005,D012,A003,2025-03-19,2,12500.0,25000.0
T007756,C1443,P014,D029,A008,2025-07-29,7,28000.0,196000.0
T007757,C0510,P006,D012,A003,2026-04-13,1,18500.0,18500.0
T007758,C1692,P004,D036,A011,2026-02-11,10,36100.0,361000.0
T007759,C1714,P005,D036,A011,2025-09-29,10,11875.0,118750.0
T007760,C0379,P010,D008,A002,2025-04-11,7,22000.0,154000.0
T007761,C1169,P015,D021,A005,2024-06-20,8,49000.0,392000.0
T007762,C0158,P005,D001,A001,2025-11-26,11,11875.0,130625.0
T007763,C0748,P014,D015,A004,2024-11-03,8,28000.0,224000.0
T007764,C1373,P005,D028,A007,2025-12-05,6,12500.0,75000.0
T007765,C1255,P010,D026,A006,2026-07-12,8,22000.0,176000.0
T007766,C1187,P012,D022,A005,2025-02-23,9,31000.0,279000.0
T007767,C0546,P012,D013,A004,2024-01-30,15,29450.0,441750.0
T007768,C0726,P007,D016,A004,2026-08-22,11,80750.0,888250.0
T007769,C0197,P011,D002,A001,2025-12-06,12,39900.0,478800.0
T007770,C1384,P003,D027,A007,2024-09-11,6,120000.0,720000.0
T007771,C0990,P002,D020,A005,2024-09-23,6,6500.0,39000.0
T007772,C1366,P002,D027,A007,2026-01-28,15,6175.0,92625.0
T007773,C0482,P011,D012,A003,2025-08-13,5,42000.0,210000.0
T007774,C0633,P007,D015,A004,2024-09-24,6,85000.0,510000.0
T007775,C0646,P013,D016,A004,2024-11-23,7,95000.0,665000.0
T007776,C0042,P014,D005,A001,2026-08-20,6,28000.0,168000.0
T007777,C0660,P007,D014,A004,2025-06-07,15,80750.0,1211250.0
T007778,C1551,P008,D031,A009,2024-03-01,12,51300.0,615600.0
T007779,C1727,P005,D036,A011,2026-05-25,1,12500.0,12500.0
T007780,C1009,P009,D023,A005,2026-08-27,6,8500.0,51000.0
T007781,C0884,P010,D018,A004,2025-08-19,14,20900.0,292600.0
T007782,C0051,P009,D001,A001,2025-07-19,10,8075.0,80750.0
T007783,C1687,P001,D036,A011,2024-11-06,10,42750.0,427500.0
T007784,C0021,P011,D004,A001,2024-09-16,7,42000.0,294000.0
T007785,C1803,P007,D041,A013,2025-06-11,6,85000.0,510000.0
T007786,C0958,P003,D018,A004,2026-04-01,8,120000.0,960000.0
T007787,C0662,P011,D017,A004,2026-01-30,8,42000.0,336000.0
T007788,C1777,P014,D040,A013,2024-08-05,12,26600.0,319200.0
T007789,C0041,P001,D002,A001,2025-08-05,12,42750.0,513000.0
T007790,C1104,P004,D023,A005,2024-01-04,14,36100.0,505400.0
T007791,C1055,P014,D020,A005,2024-06-17,11,26600.0,292600.0
T007792,C0418,P010,D010,A002,2025-10-12,5,22000.0,110000.0
T007793,C0828,P004,D014,A004,2026-08-12,1,38000.0,38000.0
T007794,C1243,P009,D022,A005,2025-01-08,9,8500.0,76500.0
T007795,C1398,P004,D028,A007,2025-07-29,8,38000.0,304000.0
T007796,C0002,P003,D001,A001,2024-03-06,15,114000.0,1710000.0
T007797,C1794,P006,D041,A013,2024-08-12,3,18500.0,55500.0
T007798,C0315,P002,D010,A002,2026-06-22,7,6500.0,45500.0
T007799,C0452,P003,D010,A002,2024-08-19,3,120000.0,360000.0
T007800,C0514,P003,D012,A003,2025-04-30,13,114000.0,1482000.0
T007801,C0058,P001,D002,A001,2024-12-01,11,42750.0,470250.0
T007802,C0232,P006,D004,A001,2025-06-17,5,18500.0,92500.0
T007803,C1875,P005,D038,A013,2025-02-04,10,11875.0,118750.0
T007804,C0614,P013,D014,A004,2025-01-28,4,95000.0,380000.0
T007805,C0214,P011,D001,A001,2026-04-03,13,39900.0,518700.0
T007806,C0203,P011,D007,A001,2025-08-15,3,42000.0,126000.0
T007807,C1384,P003,D027,A007,2024-03-18,13,114000.0,1482000.0
T007808,C1646,P011,D035,A010,2026-03-17,12,39900.0,478800.0
T007809,C0496,P001,D012,A003,2024-06-17,10,42750.0,427500.0
T007810,C0034,P008,D002,A001,2026-03-01,5,54000.0,270000.0
T007811,C0426,P002,D011,A002,2025-11-21,11,6175.0,67925.0
T007812,C0103,P007,D004,A001,2025-10-01,12,80750.0,969000.0
T007813,C0197,P011,D002,A001,2025-04-29,9,42000.0,378000.0
T007814,C0831,P009,D016,A004,2026-04-14,7,8500.0,59500.0
T007815,C0443,P003,D008,A002,2026-08-14,7,120000.0,840000.0
T007816,C1004,P013,D025,A005,2024-06-10,15,90250.0,1353750.0
T007817,C0494,P013,D012,A003,2024-08-05,2,95000.0,190000.0
T007818,C1799,P007,D041,A013,2026-01-04,9,85000.0,765000.0
T007819,C1739,P004,D037,A012,2024-03-15,2,38000.0,76000.0
T007820,C1087,P014,D023,A005,2024-03-09,1,28000.0,28000.0
T007821,C0683,P011,D015,A004,2025-10-03,3,42000.0,126000.0
T007822,C0729,P014,D015,A004,2024-10-23,6,28000.0,168000.0
T007823,C0795,P009,D017,A004,2026-06-25,6,8500.0,51000.0
T007824,C1401,P011,D027,A007,2025-01-31,10,39900.0,399000.0
T007825,C0880,P008,D017,A004,2025-06-24,9,54000.0,486000.0
T007826,C1648,P014,D035,A010,2026-02-24,5,28000.0,140000.0
T007827,C1803,P010,D038,A013,2025-08-07,11,20900.0,229900.0
T007828,C0647,P011,D014,A004,2024-04-17,10,39900.0,399000.0
T007829,C1072,P001,D025,A005,2026-02-28,8,45000.0,360000.0
T007830,C0171,P015,D005,A001,2026-06-19,2,49000.0,98000.0
T007831,C0390,P004,D009,A002,2024-07-26,7,38000.0,266000.0
T007832,C0797,P008,D017,A004,2024-05-19,6,54000.0,324000.0
T007833,C0406,P003,D011,A002,2025-08-25,11,114000.0,1254000.0
T007834,C1683,P015,D036,A011,2024-05-23,12,46550.0,558600.0
T007835,C0301,P005,D007,A001,2025-10-22,13,11875.0,154375.0
T007836,C0884,P003,D016,A004,2024-10-08,3,120000.0,360000.0
T007837,C1150,P002,D024,A005,2026-05-10,13,6175.0,80275.0
T007838,C1323,P015,D028,A007,2024-01-16,3,49000.0,147000.0
T007839,C0733,P001,D018,A004,2025-12-08,2,45000.0,90000.0
T007840,C1674,P008,D036,A011,2024-09-09,15,51300.0,769500.0
T007841,C1090,P008,D020,A005,2024-01-16,10,51300.0,513000.0
T007842,C0850,P011,D016,A004,2024-01-11,8,42000.0,336000.0
T007843,C0115,P001,D002,A001,2025-10-12,3,45000.0,135000.0
T007844,C0904,P015,D013,A004,2024-04-15,3,49000.0,147000.0
T007845,C1583,P012,D031,A009,2026-07-10,11,29450.0,323950.0
T007846,C1176,P006,D025,A005,2024-02-03,2,18500.0,37000.0
T007847,C1600,P015,D034,A010,2025-06-25,7,49000.0,343000.0
T007848,C0965,P006,D016,A004,2024-10-27,7,18500.0,129500.0
T007849,C0217,P011,D002,A001,2025-01-26,4,42000.0,168000.0
T007850,C0021,P005,D005,A001,2026-01-31,2,12500.0,25000.0
T007851,C0580,P015,D017,A004,2026-07-09,10,46550.0,465500.0
T007852,C1334,P014,D027,A007,2024-03-09,13,26600.0,345800.0
T007853,C1526,P001,D031,A009,2025-05-02,12,42750.0,513000.0
T007854,C0570,P007,D016,A004,2025-07-05,13,80750.0,1049750.0
T007855,C0967,P005,D020,A005,2024-12-07,13,11875.0,154375.0
T007856,C0810,P004,D014,A004,2026-03-03,5,38000.0,190000.0
T007857,C0790,P007,D018,A004,2026-01-09,5,85000.0,425000.0
T007858,C0444,P004,D009,A002,2024-09-12,8,38000.0,304000.0
T007859,C0265,P003,D005,A001,2024-06-18,11,114000.0,1254000.0
T007860,C0379,P001,D011,A002,2024-03-14,9,45000.0,405000.0
T007861,C0101,P001,D003,A001,2025-02-09,10,42750.0,427500.0
T007862,C0383,P001,D010,A002,2026-01-08,12,42750.0,513000.0
T007863,C0013,P007,D001,A001,2026-07-17,14,80750.0,1130500.0
T007864,C1194,P004,D024,A005,2026-02-16,9,38000.0,342000.0
T007865,C0621,P009,D013,A004,2024-07-08,6,8500.0,51000.0
T007866,C1845,P008,D041,A013,2024-02-18,5,54000.0,270000.0
T007867,C0374,P002,D010,A002,2024-05-29,12,6175.0,74100.0
T007868,C0670,P002,D016,A004,2024-02-26,5,6500.0,32500.0
T007869,C0690,P001,D016,A004,2024-06-13,5,45000.0,225000.0
T007870,C0012,P012,D001,A001,2026-07-28,6,31000.0,186000.0
T007871,C1611,P012,D035,A010,2026-02-13,9,31000.0,279000.0
T007872,C0051,P013,D006,A001,2025-09-09,13,90250.0,1173250.0
T007873,C1798,P013,D039,A013,2024-11-08,13,90250.0,1173250.0
T007874,C1715,P009,D036,A011,2026-03-12,12,8075.0,96900.0
T007875,C1032,P011,D022,A005,2026-02-27,15,39900.0,598500.0
T007876,C1049,P007,D019,A005,2024-06-12,5,85000.0,425000.0
T007877,C1245,P008,D022,A005,2025-09-15,10,51300.0,513000.0
T007878,C0743,P014,D017,A004,2024-03-16,10,26600.0,266000.0
T007879,C1233,P009,D019,A005,2024-06-30,14,8075.0,113050.0
T007880,C0072,P005,D001,A001,2025-07-26,7,12500.0,87500.0
T007881,C0099,P013,D005,A001,2026-08-17,7,95000.0,665000.0
T007882,C0886,P007,D014,A004,2024-10-09,8,85000.0,680000.0
T007883,C1055,P007,D023,A005,2024-07-17,11,80750.0,888250.0
T007884,C1706,P015,D036,A011,2024-03-12,15,46550.0,698250.0
T007885,C0198,P013,D002,A001,2025-05-29,1,95000.0,95000.0
T007886,C1587,P005,D033,A009,2026-02-23,8,12500.0,100000.0
T007887,C0411,P003,D008,A002,2026-06-25,12,114000.0,1368000.0
T007888,C0753,P008,D013,A004,2025-02-13,6,54000.0,324000.0
T007889,C0623,P008,D017,A004,2025-08-30,6,54000.0,324000.0
T007890,C0765,P005,D014,A004,2025-01-09,11,11875.0,130625.0
T007891,C0287,P009,D007,A001,2025-08-02,13,8075.0,104975.0
T007892,C0990,P010,D021,A005,2024-05-21,5,22000.0,110000.0
T007893,C1548,P014,D032,A009,2026-03-18,2,28000.0,56000.0
T007894,C0851,P011,D016,A004,2026-02-21,7,42000.0,294000.0
T007895,C0962,P006,D017,A004,2024-06-09,11,17575.0,193325.0
T007896,C1635,P009,D034,A010,2024-12-10,9,8500.0,76500.0
T007897,C1354,P006,D028,A007,2024-02-27,3,18500.0,55500.0
T007898,C0962,P007,D018,A004,2026-04-17,1,85000.0,85000.0
T007899,C0497,P012,D012,A003,2025-06-21,15,29450.0,441750.0
T007900,C1696,P015,D036,A011,2026-06-28,7,49000.0,343000.0
T007901,C1100,P008,D023,A005,2024-04-23,13,51300.0,666900.0
T007902,C0423,P012,D009,A002,2025-01-28,13,29450.0,382850.0
T007903,C0520,P009,D012,A003,2024-08-15,7,8500.0,59500.0
T007904,C1551,P005,D031,A009,2024-10-16,8,12500.0,100000.0
T007905,C0072,P011,D002,A001,2025-03-16,8,42000.0,336000.0
T007906,C1884,P013,D041,A013,2025-03-20,12,90250.0,1083000.0
T007907,C0248,P007,D005,A001,2025-10-22,2,85000.0,170000.0
T007908,C1535,P005,D030,A009,2025-01-13,8,12500.0,100000.0
T007909,C0753,P013,D018,A004,2024-03-18,8,95000.0,760000.0
T007910,C0964,P002,D015,A004,2026-02-05,11,6175.0,67925.0
T007911,C1689,P009,D036,A011,2024-06-02,8,8500.0,68000.0
T007912,C0797,P015,D016,A004,2024-07-26,1,49000.0,49000.0
T007913,C1037,P010,D025,A005,2026-06-08,10,20900.0,209000.0
T007914,C0086,P013,D002,A001,2024-04-18,8,95000.0,760000.0
T007915,C0006,P009,D005,A001,2026-07-21,12,8075.0,96900.0
T007916,C0472,P007,D012,A003,2026-04-26,5,85000.0,425000.0
T007917,C1305,P015,D026,A006,2024-04-18,14,46550.0,651700.0
T007918,C0228,P006,D006,A001,2026-04-11,14,17575.0,246050.0
T007919,C0212,P014,D001,A001,2024-12-16,11,26600.0,292600.0
T007920,C0790,P008,D018,A004,2024-05-14,9,54000.0,486000.0
T007921,C1234,P011,D019,A005,2024-05-08,13,39900.0,518700.0
T007922,C1371,P014,D028,A007,2024-08-08,10,26600.0,266000.0
T007923,C0349,P005,D011,A002,2024-07-30,13,11875.0,154375.0
T007924,C0147,P012,D004,A001,2025-01-10,10,29450.0,294500.0
T007925,C1799,P009,D038,A013,2025-11-21,15,8075.0,121125.0
T007926,C0506,P010,D012,A003,2024-04-20,11,20900.0,229900.0
T007927,C1638,P011,D035,A010,2024-04-26,2,42000.0,84000.0
T007928,C1667,P005,D035,A010,2024-02-29,7,12500.0,87500.0
T007929,C1488,P015,D033,A009,2026-04-12,13,46550.0,605150.0
T007930,C0323,P007,D011,A002,2024-06-15,13,80750.0,1049750.0
T007931,C1583,P014,D031,A009,2024-08-07,3,28000.0,84000.0
T007932,C1482,P004,D030,A009,2025-08-01,7,38000.0,266000.0
T007933,C1131,P009,D019,A005,2026-02-11,3,8500.0,25500.0
T007934,C0651,P010,D016,A004,2024-06-10,7,22000.0,154000.0
T007935,C0511,P010,D012,A003,2025-10-15,5,22000.0,110000.0
T007936,C0228,P002,D002,A001,2025-09-25,14,6175.0,86450.0
T007937,C0997,P012,D025,A005,2024-09-18,11,29450.0,323950.0
T007938,C1113,P005,D022,A005,2024-01-28,8,12500.0,100000.0
T007939,C0691,P011,D018,A004,2025-11-25,7,42000.0,294000.0
T007940,C0932,P004,D013,A004,2024-02-02,5,38000.0,190000.0
T007941,C0699,P015,D016,A004,2025-06-30,14,46550.0,651700.0
T007942,C1224,P003,D025,A005,2026-01-26,1,120000.0,120000.0
T007943,C1733,P012,D037,A012,2025-10-24,8,31000.0,248000.0
T007944,C0311,P011,D008,A002,2024-03-25,9,42000.0,378000.0
T007945,C0729,P003,D013,A004,2026-01-04,7,120000.0,840000.0
T007946,C0268,P003,D001,A001,2026-08-04,8,120000.0,960000.0
T007947,C1188,P009,D022,A005,2025-10-19,13,8075.0,104975.0
T007948,C1403,P011,D027,A007,2026-03-29,8,42000.0,336000.0
T007949,C1786,P007,D041,A013,2024-04-21,3,85000.0,255000.0
T007950,C0536,P009,D012,A003,2026-06-22,7,8500.0,59500.0
T007951,C1815,P012,D038,A013,2025-02-20,11,29450.0,323950.0
T007952,C0112,P004,D004,A001,2026-03-28,7,38000.0,266000.0
T007953,C1139,P014,D025,A005,2024-02-09,9,28000.0,252000.0
T007954,C0106,P002,D002,A001,2026-05-28,1,6500.0,6500.0
T007955,C1725,P015,D036,A011,2026-04-30,4,49000.0,196000.0
T007956,C1026,P015,D021,A005,2025-06-26,9,49000.0,441000.0
T007957,C1284,P011,D026,A006,2024-09-23,12,39900.0,478800.0
T007958,C1600,P012,D035,A010,2026-08-05,4,31000.0,124000.0
T007959,C0287,P008,D007,A001,2025-01-12,7,54000.0,378000.0
T007960,C0059,P010,D004,A001,2024-07-09,2,22000.0,44000.0
T007961,C1687,P003,D036,A011,2024-01-11,2,120000.0,240000.0
T007962,C0614,P007,D013,A004,2024-02-10,13,80750.0,1049750.0
T007963,C0248,P014,D007,A001,2025-05-29,12,26600.0,319200.0
T007964,C0918,P011,D016,A004,2025-11-25,1,42000.0,42000.0
T007965,C1133,P010,D020,A005,2026-05-15,9,22000.0,198000.0
T007966,C0051,P001,D003,A001,2024-12-15,11,42750.0,470250.0
T007967,C0532,P014,D012,A003,2025-09-07,14,26600.0,372400.0
T007968,C0054,P003,D007,A001,2024-02-03,2,120000.0,240000.0
T007969,C0807,P003,D016,A004,2024-08-20,2,120000.0,240000.0
T007970,C1726,P006,D036,A011,2025-05-18,15,17575.0,263625.0
T007971,C1870,P007,D040,A013,2026-01-15,1,85000.0,85000.0
T007972,C1214,P001,D019,A005,2026-08-19,11,42750.0,470250.0
T007973,C0309,P010,D006,A001,2025-12-29,3,22000.0,66000.0
T007974,C1739,P015,D037,A012,2024-09-17,13,46550.0,605150.0
T007975,C1004,P015,D019,A005,2026-05-22,6,49000.0,294000.0
T007976,C0295,P001,D005,A001,2025-05-17,14,42750.0,598500.0
T007977,C1775,P007,D037,A012,2025-07-18,4,85000.0,340000.0
T007978,C1463,P015,D029,A008,2025-12-06,10,46550.0,465500.0
T007979,C1411,P013,D027,A007,2025-12-26,8,95000.0,760000.0
T007980,C1367,P013,D028,A007,2024-03-19,9,95000.0,855000.0
T007981,C0390,P007,D008,A002,2026-04-07,8,85000.0,680000.0
T007982,C0412,P004,D010,A002,2024-08-17,9,38000.0,342000.0
T007983,C1320,P005,D027,A007,2026-07-16,1,12500.0,12500.0
T007984,C0421,P004,D011,A002,2025-01-07,10,36100.0,361000.0
T007985,C0849,P008,D018,A004,2024-07-10,13,51300.0,666900.0
T007986,C1507,P010,D030,A009,2025-12-17,5,22000.0,110000.0
T007987,C1514,P010,D030,A009,2026-07-07,15,20900.0,313500.0
T007988,C0881,P011,D014,A004,2025-05-06,1,42000.0,42000.0
T007989,C1527,P008,D030,A009,2025-01-30,15,51300.0,769500.0
T007990,C1611,P003,D035,A010,2024-03-22,1,120000.0,120000.0
T007991,C1247,P004,D026,A006,2025-07-16,4,38000.0,152000.0
T007992,C0442,P010,D008,A002,2024-11-07,12,20900.0,250800.0
T007993,C0531,P013,D012,A003,2026-05-13,2,95000.0,190000.0
T007994,C0614,P011,D013,A004,2025-12-24,15,39900.0,598500.0
T007995,C0216,P014,D002,A001,2024-03-22,4,28000.0,112000.0
T007996,C0528,P008,D012,A003,2025-06-25,8,54000.0,432000.0
T007997,C0411,P012,D008,A002,2024-11-05,3,31000.0,93000.0
T007998,C0883,P015,D013,A004,2026-01-29,10,46550.0,465500.0
T007999,C1745,P012,D037,A012,2025-09-23,7,31000.0,217000.0
T008000,C0198,P012,D001,A001,2025-09-12,15,29450.0,441750.0
T008001,C1385,P004,D027,A007,2024-07-11,15,36100.0,541500.0
T008002,C1317,P004,D027,A007,2026-06-01,12,36100.0,433200.0
T008003,C0172,P011,D006,A001,2024-12-09,13,39900.0,518700.0
T008004,C1776,P005,D039,A013,2025-11-18,4,12500.0,50000.0
T008005,C1090,P012,D023,A005,2025-10-30,9,31000.0,279000.0
T008006,C0699,P009,D017,A004,2025-09-12,3,8500.0,25500.0
T008007,C1461,P001,D029,A008,2024-10-07,9,45000.0,405000.0
T008008,C0496,P011,D012,A003,2024-10-21,11,39900.0,438900.0
T008009,C1325,P011,D027,A007,2026-04-24,14,39900.0,558600.0
T008010,C0061,P006,D002,A001,2026-08-26,9,18500.0,166500.0
T008011,C1611,P009,D034,A010,2025-01-12,4,8500.0,34000.0
T008012,C0870,P014,D018,A004,2024-04-24,1,28000.0,28000.0
T008013,C1214,P002,D023,A005,2025-06-16,10,6175.0,61750.0
T008014,C0424,P013,D009,A002,2024-04-02,7,95000.0,665000.0
T008015,C1300,P011,D026,A006,2025-02-01,5,42000.0,210000.0
T008016,C1488,P001,D032,A009,2026-07-14,5,45000.0,225000.0
T008017,C0926,P014,D017,A004,2026-06-12,3,28000.0,84000.0
T008018,C1180,P007,D019,A005,2026-05-20,13,80750.0,1049750.0
T008019,C0884,P013,D017,A004,2026-06-06,5,95000.0,475000.0
T008020,C1725,P007,D036,A011,2024-05-02,10,80750.0,807500.0
T008021,C0981,P011,D025,A005,2024-10-30,14,39900.0,558600.0
T008022,C1616,P013,D035,A010,2024-12-27,4,95000.0,380000.0
T008023,C1548,P003,D032,A009,2024-08-01,6,120000.0,720000.0
T008024,C0790,P006,D013,A004,2024-08-29,4,18500.0,74000.0
T008025,C0444,P012,D010,A002,2026-07-18,5,31000.0,155000.0
T008026,C0779,P010,D014,A004,2024-12-25,6,22000.0,132000.0
T008027,C1592,P013,D034,A010,2025-11-03,15,90250.0,1353750.0
T008028,C0438,P003,D008,A002,2024-11-11,4,120000.0,480000.0
T008029,C1019,P009,D024,A005,2024-10-06,3,8500.0,25500.0
T008030,C1558,P010,D033,A009,2024-11-19,7,22000.0,154000.0
T008031,C0680,P013,D017,A004,2026-05-29,3,95000.0,285000.0
T008032,C1225,P005,D022,A005,2025-03-18,15,11875.0,178125.0
T008033,C0476,P005,D012,A003,2024-01-01,7,12500.0,87500.0
T008034,C0206,P005,D002,A001,2024-12-14,4,12500.0,50000.0
T008035,C1530,P001,D030,A009,2024-03-16,2,45000.0,90000.0
T008036,C0184,P002,D006,A001,2024-07-13,10,6175.0,61750.0
T008037,C0525,P003,D012,A003,2025-12-12,1,120000.0,120000.0
T008038,C1646,P008,D034,A010,2025-11-12,4,54000.0,216000.0
T008039,C0670,P001,D013,A004,2025-07-12,14,42750.0,598500.0
T008040,C1845,P004,D041,A013,2025-11-24,5,38000.0,190000.0
T008041,C1861,P009,D038,A013,2026-03-11,6,8500.0,51000.0
T008042,C0520,P001,D012,A003,2025-10-21,8,45000.0,360000.0
T008043,C0069,P002,D005,A001,2026-03-14,9,6500.0,58500.0
T008044,C1354,P007,D027,A007,2024-07-05,3,85000.0,255000.0
T008045,C0879,P015,D014,A004,2026-04-21,4,49000.0,196000.0
T008046,C0186,P001,D007,A001,2026-06-16,3,45000.0,135000.0
T008047,C1361,P013,D027,A007,2025-05-24,11,90250.0,992750.0
T008048,C0051,P009,D002,A001,2025-07-01,10,8075.0,80750.0
T008049,C1676,P002,D036,A011,2024-06-07,8,6500.0,52000.0
T008050,C0267,P009,D001,A001,2024-09-28,8,8500.0,68000.0
T008051,C0246,P006,D004,A001,2024-05-23,4,18500.0,74000.0
T008052,C0343,P012,D011,A002,2025-02-17,9,31000.0,279000.0
T008053,C1828,P013,D041,A013,2026-03-28,14,90250.0,1263500.0
T008054,C1323,P005,D028,A007,2026-05-09,4,12500.0,50000.0
T008055,C1548,P001,D031,A009,2026-01-16,1,45000.0,45000.0
T008056,C0762,P013,D014,A004,2024-08-29,5,95000.0,475000.0
T008057,C0650,P014,D013,A004,2024-05-03,15,26600.0,399000.0
T008058,C0453,P002,D010,A002,2024-01-13,13,6175.0,80275.0
T008059,C0946,P003,D013,A004,2025-05-14,11,114000.0,1254000.0
T008060,C1059,P011,D021,A005,2024-04-10,5,42000.0,210000.0
T008061,C1206,P004,D022,A005,2024-02-15,8,38000.0,304000.0
T008062,C0496,P011,D012,A003,2024-07-18,13,39900.0,518700.0
T008063,C1813,P006,D039,A013,2026-05-30,6,18500.0,111000.0
T008064,C0324,P003,D009,A002,2025-11-28,9,120000.0,1080000.0
T008065,C1832,P007,D038,A013,2024-02-27,10,80750.0,807500.0
T008066,C0024,P010,D001,A001,2025-10-23,3,22000.0,66000.0
T008067,C0948,P002,D015,A004,2024-04-13,5,6500.0,32500.0
T008068,C0646,P014,D015,A004,2024-02-28,1,28000.0,28000.0
T008069,C0870,P006,D016,A004,2024-01-08,9,18500.0,166500.0
T008070,C1091,P005,D023,A005,2026-05-29,6,12500.0,75000.0
T008071,C0846,P008,D016,A004,2025-01-04,6,54000.0,324000.0
T008072,C0798,P004,D015,A004,2024-01-18,1,38000.0,38000.0
T008073,C1412,P010,D027,A007,2026-06-22,5,22000.0,110000.0
T008074,C1313,P007,D027,A007,2025-08-30,12,80750.0,969000.0
T008075,C1603,P002,D035,A010,2024-05-19,13,6175.0,80275.0
T008076,C0482,P003,D012,A003,2024-01-26,9,120000.0,1080000.0
T008077,C1163,P011,D023,A005,2025-07-14,11,39900.0,438900.0
T008078,C1112,P004,D021,A005,2024-04-23,11,36100.0,397100.0
T008079,C0713,P001,D018,A004,2025-12-20,8,45000.0,360000.0
T008080,C0956,P007,D018,A004,2024-03-11,9,85000.0,765000.0
T008081,C0613,P015,D017,A004,2025-01-03,4,49000.0,196000.0
T008082,C0272,P015,D002,A001,2024-11-24,9,49000.0,441000.0
T008083,C0413,P011,D010,A002,2024-05-02,6,42000.0,252000.0
T008084,C0201,P015,D001,A001,2024-10-22,4,49000.0,196000.0
T008085,C1308,P001,D026,A006,2025-07-25,13,42750.0,555750.0
T008086,C1261,P011,D026,A006,2026-08-08,5,42000.0,210000.0
T008087,C1815,P015,D038,A013,2025-08-04,14,46550.0,651700.0
T008088,C1406,P008,D028,A007,2025-12-17,8,54000.0,432000.0
T008089,C0094,P006,D001,A001,2025-06-25,9,18500.0,166500.0
T008090,C1696,P009,D036,A011,2024-12-06,5,8500.0,42500.0
T008091,C1667,P011,D034,A010,2026-07-25,10,39900.0,399000.0
T008092,C0857,P014,D015,A004,2025-04-30,7,28000.0,196000.0
T008093,C1117,P006,D025,A005,2025-02-09,9,18500.0,166500.0
T008094,C1851,P014,D039,A013,2024-10-10,5,28000.0,140000.0
T008095,C1027,P011,D022,A005,2025-11-23,1,42000.0,42000.0
T008096,C1738,P010,D037,A012,2024-01-22,4,22000.0,88000.0
T008097,C0150,P009,D002,A001,2024-11-02,1,8500.0,8500.0
T008098,C0371,P006,D010,A002,2026-02-09,10,17575.0,175750.0
T008099,C0851,P013,D018,A004,2024-10-21,7,95000.0,665000.0
T008100,C1112,P011,D023,A005,2024-08-06,1,42000.0,42000.0
T008101,C1577,P015,D031,A009,2024-11-13,10,46550.0,465500.0
T008102,C1878,P006,D041,A013,2025-04-05,4,18500.0,74000.0
T008103,C0746,P011,D015,A004,2024-07-15,7,42000.0,294000.0
T008104,C0077,P011,D007,A001,2024-08-04,2,42000.0,84000.0
T008105,C1546,P009,D030,A009,2024-04-30,11,8075.0,88825.0
T008106,C1143,P015,D024,A005,2026-07-26,9,49000.0,441000.0
T008107,C0383,P013,D008,A002,2026-05-29,10,90250.0,902500.0
T008108,C0965,P015,D013,A004,2025-12-11,15,46550.0,698250.0
T008109,C1429,P009,D029,A008,2026-08-11,4,8500.0,34000.0
T008110,C1486,P010,D031,A009,2024-08-18,15,20900.0,313500.0
T008111,C0985,P013,D021,A005,2025-09-12,12,90250.0,1083000.0
T008112,C0585,P006,D015,A004,2024-07-23,10,17575.0,175750.0
T008113,C1845,P009,D040,A013,2025-05-04,11,8075.0,88825.0
T008114,C1265,P006,D026,A006,2026-05-27,8,18500.0,148000.0
T008115,C0782,P002,D015,A004,2026-02-28,4,6500.0,26000.0
T008116,C0543,P007,D012,A003,2026-06-05,1,85000.0,85000.0
T008117,C1410,P003,D027,A007,2024-04-24,15,114000.0,1710000.0
T008118,C0467,P015,D012,A003,2024-03-02,14,46550.0,651700.0
T008119,C0330,P012,D010,A002,2025-01-07,6,31000.0,186000.0
T008120,C1026,P014,D024,A005,2026-08-12,15,26600.0,399000.0
T008121,C0560,P014,D013,A004,2024-11-04,3,28000.0,84000.0
T008122,C1202,P004,D022,A005,2025-05-21,8,38000.0,304000.0
T008123,C0216,P012,D001,A001,2024-03-29,1,31000.0,31000.0
T008124,C1248,P011,D026,A006,2026-07-03,5,42000.0,210000.0
T008125,C0546,P010,D016,A004,2024-09-21,14,20900.0,292600.0
T008126,C0002,P006,D002,A001,2025-05-18,6,18500.0,111000.0
T008127,C0244,P010,D001,A001,2024-01-07,6,22000.0,132000.0
T008128,C1787,P007,D039,A013,2026-07-04,4,85000.0,340000.0
T008129,C1673,P005,D036,A011,2025-09-24,1,12500.0,12500.0
T008130,C0452,P001,D009,A002,2024-09-13,3,45000.0,135000.0
T008131,C1500,P008,D033,A009,2025-01-19,13,51300.0,666900.0
T008132,C1163,P003,D021,A005,2025-11-16,10,114000.0,1140000.0
T008133,C1841,P005,D040,A013,2024-04-23,2,12500.0,25000.0
T008134,C0718,P003,D013,A004,2025-05-10,12,114000.0,1368000.0
T008135,C1305,P015,D026,A006,2024-03-20,12,46550.0,558600.0
T008136,C0112,P005,D007,A001,2025-04-29,9,12500.0,112500.0
T008137,C0757,P007,D016,A004,2024-04-23,7,85000.0,595000.0
T008138,C1830,P013,D038,A013,2025-10-10,3,95000.0,285000.0
T008139,C1039,P013,D020,A005,2025-04-07,15,90250.0,1353750.0
T008140,C0556,P015,D015,A004,2024-01-04,10,46550.0,465500.0
T008141,C0224,P015,D001,A001,2025-09-09,15,46550.0,698250.0
T008142,C1348,P009,D027,A007,2025-12-22,5,8500.0,42500.0
T008143,C1230,P003,D022,A005,2024-03-01,5,120000.0,600000.0
T008144,C0718,P005,D015,A004,2026-08-24,14,11875.0,166250.0
T008145,C1815,P007,D040,A013,2025-05-07,5,85000.0,425000.0
T008146,C0036,P004,D001,A001,2024-03-26,1,38000.0,38000.0
T008147,C0582,P003,D018,A004,2024-03-16,14,114000.0,1596000.0
T008148,C1774,P010,D037,A012,2026-08-18,9,22000.0,198000.0
T008149,C0626,P012,D017,A004,2025-06-23,7,31000.0,217000.0
T008150,C0491,P003,D012,A003,2024-05-31,4,120000.0,480000.0
T008151,C1030,P006,D024,A005,2024-06-18,3,18500.0,55500.0
T008152,C1588,P005,D032,A009,2025-04-05,1,12500.0,12500.0
T008153,C0197,P002,D001,A001,2026-04-18,14,6175.0,86450.0
T008154,C1802,P003,D040,A013,2025-04-26,1,120000.0,120000.0
T008155,C1532,P002,D032,A009,2024-07-03,4,6500.0,26000.0
T008156,C0355,P011,D010,A002,2026-04-30,13,39900.0,518700.0
T008157,C1370,P008,D027,A007,2026-02-14,11,51300.0,564300.0
T008158,C0735,P005,D017,A004,2025-04-11,7,12500.0,87500.0
T008159,C0768,P006,D018,A004,2025-07-30,2,18500.0,37000.0
T008160,C1509,P006,D030,A009,2026-03-20,8,18500.0,148000.0
T008161,C1829,P002,D039,A013,2025-03-20,1,6500.0,6500.0
T008162,C0244,P008,D007,A001,2024-06-12,15,51300.0,769500.0
T008163,C0807,P013,D018,A004,2026-03-29,5,95000.0,475000.0
T008164,C0948,P012,D015,A004,2024-03-24,7,31000.0,217000.0
T008165,C0723,P009,D018,A004,2024-01-16,13,8075.0,104975.0
T008166,C0699,P006,D018,A004,2024-08-18,9,18500.0,166500.0
T008167,C0094,P010,D003,A001,2026-02-26,3,22000.0,66000.0
T008168,C1311,P010,D028,A007,2025-12-10,2,22000.0,44000.0
T008169,C0846,P010,D016,A004,2025-08-28,9,22000.0,198000.0
T008170,C0376,P002,D009,A002,2024-04-13,2,6500.0,13000.0
T008171,C1577,P011,D033,A009,2025-06-15,12,39900.0,478800.0
T008172,C1551,P015,D030,A009,2025-03-08,14,46550.0,651700.0
T008173,C0956,P001,D018,A004,2025-08-12,9,45000.0,405000.0
T008174,C0574,P009,D015,A004,2024-05-01,12,8075.0,96900.0
T008175,C1215,P009,D025,A005,2025-01-11,3,8500.0,25500.0
T008176,C0556,P013,D013,A004,2024-03-08,14,90250.0,1263500.0
T008177,C0455,P002,D010,A002,2026-08-20,1,6500.0,6500.0
T008178,C1410,P002,D027,A007,2025-07-10,9,6500.0,58500.0
T008179,C0063,P013,D007,A001,2025-05-16,14,90250.0,1263500.0
T008180,C0171,P001,D005,A001,2026-03-04,6,45000.0,270000.0
T008181,C0011,P014,D004,A001,2025-04-08,6,28000.0,168000.0
T008182,C0294,P010,D003,A001,2024-10-24,1,22000.0,22000.0
T008183,C0122,P013,D006,A001,2024-10-21,3,95000.0,285000.0
T008184,C1892,P013,D041,A013,2025-08-24,10,90250.0,902500.0
T008185,C0556,P011,D018,A004,2025-09-18,14,39900.0,558600.0
T008186,C0283,P009,D003,A001,2024-12-21,2,8500.0,17000.0
T008187,C0467,P011,D012,A003,2024-06-27,4,42000.0,168000.0
T008188,C1791,P010,D039,A013,2024-02-15,4,22000.0,88000.0
T008189,C1016,P007,D025,A005,2024-02-22,5,85000.0,425000.0
T008190,C0703,P003,D018,A004,2026-07-24,7,120000.0,840000.0
T008191,C1680,P013,D036,A011,2024-07-26,8,95000.0,760000.0
T008192,C0755,P009,D015,A004,2024-07-23,3,8500.0,25500.0
T008193,C0647,P013,D013,A004,2025-03-18,7,95000.0,665000.0
T008194,C0406,P011,D008,A002,2025-01-07,10,39900.0,399000.0
T008195,C0726,P006,D018,A004,2024-09-04,8,18500.0,148000.0
T008196,C0623,P015,D013,A004,2026-08-28,9,49000.0,441000.0
T008197,C1300,P009,D026,A006,2025-07-31,5,8500.0,42500.0
T008198,C0556,P001,D015,A004,2026-08-23,10,42750.0,427500.0
T008199,C1100,P003,D022,A005,2026-01-07,10,114000.0,1140000.0
T008200,C0115,P015,D007,A001,2024-08-05,8,49000.0,392000.0
T008201,C0372,P001,D010,A002,2026-02-12,15,42750.0,641250.0
T008202,C0779,P009,D017,A004,2025-07-24,12,8075.0,96900.0
T008203,C1794,P015,D041,A013,2024-01-03,13,46550.0,605150.0
T008204,C0724,P014,D013,A004,2024-11-19,11,26600.0,292600.0
T008205,C1267,P005,D026,A006,2024-09-11,2,12500.0,25000.0
T008206,C0495,P004,D012,A003,2024-04-06,1,38000.0,38000.0
T008207,C0245,P005,D007,A001,2024-02-06,1,12500.0,12500.0
T008208,C0106,P013,D006,A001,2026-01-21,5,95000.0,475000.0
T008209,C0585,P004,D013,A004,2025-12-09,14,36100.0,505400.0
T008210,C0301,P013,D003,A001,2024-07-11,1,95000.0,95000.0
T008211,C0341,P009,D009,A002,2026-06-21,1,8500.0,8500.0
T008212,C1468,P013,D029,A008,2026-08-04,8,95000.0,760000.0
T008213,C0026,P012,D004,A001,2025-06-14,6,31000.0,186000.0
T008214,C1069,P009,D024,A005,2025-12-19,13,8075.0,104975.0
T008215,C0728,P015,D014,A004,2024-06-23,4,49000.0,196000.0
T008216,C0992,P005,D020,A005,2026-04-16,6,12500.0,75000.0
T008217,C1078,P002,D024,A005,2026-05-13,12,6175.0,74100.0
T008218,C0613,P006,D017,A004,2025-07-11,15,17575.0,263625.0
T008219,C0569,P002,D014,A004,2024-10-03,6,6500.0,39000.0
T008220,C1412,P013,D027,A007,2024-06-09,13,90250.0,1173250.0
T008221,C1677,P002,D036,A011,2025-12-08,7,6500.0,45500.0
T008222,C0373,P001,D011,A002,2025-09-17,11,42750.0,470250.0
T008223,C0181,P007,D005,A001,2024-10-04,8,85000.0,680000.0
T008224,C1730,P004,D036,A011,2026-03-13,5,38000.0,190000.0
T008225,C0673,P005,D014,A004,2024-07-05,10,11875.0,118750.0
T008226,C1059,P006,D025,A005,2025-03-22,14,17575.0,246050.0
T008227,C0692,P010,D016,A004,2026-02-01,2,22000.0,44000.0
T008228,C0243,P013,D007,A001,2025-04-13,15,90250.0,1353750.0
T008229,C1121,P009,D025,A005,2025-07-22,10,8075.0,80750.0
T008230,C1019,P005,D022,A005,2024-05-25,1,12500.0,12500.0
T008231,C0394,P006,D011,A002,2024-03-16,10,17575.0,175750.0
T008232,C0880,P004,D015,A004,2025-12-16,3,38000.0,114000.0
T008233,C1537,P002,D032,A009,2024-01-26,8,6500.0,52000.0
T008234,C1121,P007,D024,A005,2025-01-24,14,80750.0,1130500.0
T008235,C0181,P008,D001,A001,2024-07-15,9,54000.0,486000.0
T008236,C1053,P002,D025,A005,2026-02-03,4,6500.0,26000.0
T008237,C1348,P007,D028,A007,2025-11-12,11,80750.0,888250.0
T008238,C1527,P008,D030,A009,2025-03-07,12,51300.0,615600.0
T008239,C1203,P009,D024,A005,2025-08-08,6,8500.0,51000.0
T008240,C0294,P005,D007,A001,2026-05-02,15,11875.0,178125.0
T008241,C1367,P007,D028,A007,2024-08-11,10,80750.0,807500.0
T008242,C1300,P002,D026,A006,2026-01-19,15,6175.0,92625.0
T008243,C0041,P008,D003,A001,2025-10-13,10,51300.0,513000.0
T008244,C0795,P008,D015,A004,2026-07-05,7,54000.0,378000.0
T008245,C0645,P007,D016,A004,2025-01-21,7,85000.0,595000.0
T008246,C1284,P004,D026,A006,2025-12-20,9,38000.0,342000.0
T008247,C0416,P013,D010,A002,2026-07-20,1,95000.0,95000.0
T008248,C1123,P002,D022,A005,2025-12-19,5,6500.0,32500.0
T008249,C1754,P011,D037,A012,2026-01-08,5,42000.0,210000.0
T008250,C1537,P002,D030,A009,2024-01-17,5,6500.0,32500.0
T008251,C1775,P001,D037,A012,2024-12-08,14,42750.0,598500.0
T008252,C1857,P004,D041,A013,2025-01-09,2,38000.0,76000.0
T008253,C0017,P011,D001,A001,2025-07-03,15,39900.0,598500.0
T008254,C1184,P008,D023,A005,2026-02-08,1,54000.0,54000.0
T008255,C0797,P005,D013,A004,2024-01-18,9,12500.0,112500.0
T008256,C1655,P010,D035,A010,2024-03-01,11,20900.0,229900.0
T008257,C0490,P006,D012,A003,2024-08-02,15,17575.0,263625.0
T008258,C1868,P012,D040,A013,2024-06-28,12,29450.0,353400.0
T008259,C1168,P009,D021,A005,2025-08-22,6,8500.0,51000.0
T008260,C1528,P013,D030,A009,2025-01-03,6,95000.0,570000.0
T008261,C0152,P012,D003,A001,2025-08-07,13,29450.0,382850.0
T008262,C0358,P008,D008,A002,2025-03-19,7,54000.0,378000.0
T008263,C1463,P001,D029,A008,2025-07-12,2,45000.0,90000.0
T008264,C0036,P003,D005,A001,2024-02-15,11,114000.0,1254000.0
T008265,C1577,P004,D033,A009,2024-03-13,15,36100.0,541500.0
T008266,C0022,P002,D004,A001,2025-08-16,3,6500.0,19500.0
T008267,C1252,P014,D026,A006,2026-06-14,2,28000.0,56000.0
T008268,C0704,P007,D017,A004,2025-05-25,3,85000.0,255000.0
T008269,C1166,P001,D020,A005,2024-05-05,6,45000.0,270000.0
T008270,C1333,P006,D027,A007,2026-06-04,4,18500.0,74000.0
T008271,C0665,P015,D016,A004,2024-08-17,2,49000.0,98000.0
T008272,C0205,P013,D007,A001,2026-04-07,13,90250.0,1173250.0
T008273,C0122,P005,D002,A001,2024-09-18,12,11875.0,142500.0
T008274,C1119,P014,D023,A005,2024-04-23,4,28000.0,112000.0
T008275,C1016,P004,D023,A005,2024-10-09,14,36100.0,505400.0
T008276,C1427,P014,D029,A008,2025-03-05,12,26600.0,319200.0
T008277,C0997,P009,D021,A005,2025-09-02,9,8500.0,76500.0
T008278,C0810,P010,D014,A004,2025-03-11,15,20900.0,313500.0
T008279,C0762,P015,D014,A004,2026-05-20,11,46550.0,512050.0
T008280,C0046,P004,D004,A001,2026-07-19,10,36100.0,361000.0
T008281,C0647,P009,D013,A004,2025-11-20,1,8500.0,8500.0
T008282,C1851,P003,D040,A013,2024-12-01,5,120000.0,600000.0
T008283,C1681,P012,D036,A011,2024-03-31,3,31000.0,93000.0
T008284,C0640,P009,D016,A004,2025-09-16,1,8500.0,8500.0
T008285,C1118,P012,D024,A005,2025-09-02,1,31000.0,31000.0
T008286,C1633,P011,D035,A010,2025-01-30,13,39900.0,518700.0
T008287,C0851,P002,D014,A004,2026-02-13,10,6175.0,61750.0
T008288,C0029,P007,D002,A001,2024-07-28,9,85000.0,765000.0
T008289,C0126,P002,D006,A001,2024-03-22,3,6500.0,19500.0
T008290,C0999,P010,D025,A005,2026-03-28,12,20900.0,250800.0
T008291,C1837,P003,D041,A013,2024-06-23,9,120000.0,1080000.0
T008292,C1323,P002,D028,A007,2026-06-24,7,6500.0,45500.0
T008293,C0123,P001,D003,A001,2024-02-25,3,45000.0,135000.0
T008294,C0368,P008,D008,A002,2025-01-28,5,54000.0,270000.0
T008295,C1486,P009,D031,A009,2025-09-24,14,8075.0,113050.0
T008296,C1615,P005,D034,A010,2024-08-25,15,11875.0,178125.0
T008297,C1180,P005,D020,A005,2026-02-14,10,11875.0,118750.0
T008298,C1230,P014,D025,A005,2025-09-28,7,28000.0,196000.0
T008299,C0049,P004,D005,A001,2025-12-21,3,38000.0,114000.0
T008300,C1595,P005,D035,A010,2026-08-02,12,11875.0,142500.0
T008301,C1521,P006,D032,A009,2026-04-03,6,18500.0,111000.0
T008302,C0497,P014,D012,A003,2025-11-10,2,28000.0,56000.0
T008303,C1366,P009,D028,A007,2025-01-04,10,8075.0,80750.0
T008304,C0415,P015,D008,A002,2026-04-19,11,46550.0,512050.0
T008305,C0063,P015,D003,A001,2025-06-16,14,46550.0,651700.0
T008306,C0392,P012,D010,A002,2025-09-10,2,31000.0,62000.0
T008307,C0349,P002,D009,A002,2025-02-12,5,6500.0,32500.0
T008308,C0651,P002,D013,A004,2025-07-09,9,6500.0,58500.0
T008309,C0803,P002,D015,A004,2025-04-02,13,6175.0,80275.0
T008310,C0997,P002,D024,A005,2025-08-28,13,6175.0,80275.0
T008311,C0939,P009,D017,A004,2024-05-16,11,8075.0,88825.0
T008312,C0522,P012,D012,A003,2025-03-28,2,31000.0,62000.0
T008313,C0049,P006,D003,A001,2025-09-18,15,17575.0,263625.0
T008314,C1146,P015,D023,A005,2025-08-01,6,49000.0,294000.0
T008315,C0757,P008,D015,A004,2026-02-08,15,51300.0,769500.0
T008316,C0574,P006,D016,A004,2026-02-07,12,17575.0,210900.0
T008317,C1670,P009,D034,A010,2026-03-13,13,8075.0,104975.0
T008318,C1440,P003,D029,A008,2026-06-03,8,120000.0,960000.0
T008319,C1649,P007,D034,A010,2024-04-23,12,80750.0,969000.0
T008320,C0965,P006,D017,A004,2024-05-02,13,17575.0,228475.0
T008321,C0252,P011,D004,A001,2025-09-26,11,39900.0,438900.0
T008322,C1333,P015,D028,A007,2025-10-11,3,49000.0,147000.0
T008323,C0406,P006,D010,A002,2025-06-02,10,17575.0,175750.0
T008324,C0851,P002,D017,A004,2025-11-13,10,6175.0,61750.0
T008325,C0112,P006,D002,A001,2026-05-19,3,18500.0,55500.0
T008326,C1590,P001,D031,A009,2025-01-08,11,42750.0,470250.0
T008327,C0243,P013,D003,A001,2026-07-24,6,95000.0,570000.0
T008328,C1737,P005,D037,A012,2026-08-13,3,12500.0,37500.0
T008329,C1667,P012,D035,A010,2025-04-03,4,31000.0,124000.0
T008330,C0904,P004,D016,A004,2024-01-30,14,36100.0,505400.0
T008331,C1434,P001,D029,A008,2025-10-03,2,45000.0,90000.0
T008332,C1182,P006,D025,A005,2025-05-03,13,17575.0,228475.0
T008333,C1551,P011,D030,A009,2025-02-06,14,39900.0,558600.0
T008334,C0832,P011,D016,A004,2024-10-03,13,39900.0,518700.0
T008335,C1517,P014,D033,A009,2024-02-22,4,28000.0,112000.0
T008336,C0902,P014,D017,A004,2025-03-13,11,26600.0,292600.0
T008337,C1799,P008,D038,A013,2025-11-28,8,54000.0,432000.0
T008338,C0956,P001,D015,A004,2024-08-19,13,42750.0,555750.0
T008339,C0902,P009,D015,A004,2024-07-05,3,8500.0,25500.0
T008340,C1517,P002,D033,A009,2024-06-09,8,6500.0,52000.0
T008341,C1583,P015,D032,A009,2024-04-02,1,49000.0,49000.0
T008342,C1062,P009,D022,A005,2024-01-29,14,8075.0,113050.0
T008343,C0355,P010,D010,A002,2025-11-18,12,20900.0,250800.0
T008344,C0915,P014,D013,A004,2025-09-10,8,28000.0,224000.0
T008345,C1836,P001,D041,A013,2025-11-06,2,45000.0,90000.0
T008346,C1451,P005,D029,A008,2024-04-18,2,12500.0,25000.0
T008347,C1569,P003,D032,A009,2025-10-06,1,120000.0,120000.0
T008348,C0054,P012,D002,A001,2024-02-25,2,31000.0,62000.0
T008349,C0915,P001,D017,A004,2025-10-29,15,42750.0,641250.0
T008350,C1233,P013,D022,A005,2025-10-14,10,90250.0,902500.0
T008351,C1597,P006,D034,A010,2024-05-30,15,17575.0,263625.0
T008352,C0086,P014,D005,A001,2025-08-01,7,28000.0,196000.0
T008353,C1637,P002,D034,A010,2025-05-14,14,6175.0,86450.0
T008354,C1055,P014,D023,A005,2026-06-15,1,28000.0,28000.0
T008355,C0381,P006,D008,A002,2025-12-29,7,18500.0,129500.0
T008356,C0623,P004,D014,A004,2025-07-18,12,36100.0,433200.0
T008357,C0545,P011,D012,A003,2026-01-12,5,42000.0,210000.0
T008358,C1026,P015,D023,A005,2025-08-01,15,46550.0,698250.0
T008359,C0093,P012,D002,A001,2026-06-03,5,31000.0,155000.0
T008360,C0301,P003,D002,A001,2024-10-24,11,114000.0,1254000.0
T008361,C1570,P002,D032,A009,2026-06-18,9,6500.0,58500.0
T008362,C0254,P003,D007,A001,2026-04-21,7,120000.0,840000.0
T008363,C0451,P011,D009,A002,2025-04-28,4,42000.0,168000.0
T008364,C0881,P010,D016,A004,2026-03-17,9,22000.0,198000.0
T008365,C1009,P007,D023,A005,2024-10-01,6,85000.0,510000.0
T008366,C1475,P001,D029,A008,2026-06-18,2,45000.0,90000.0
T008367,C0869,P007,D015,A004,2025-08-01,2,85000.0,170000.0
T008368,C1525,P005,D032,A009,2026-04-18,13,11875.0,154375.0
T008369,C1181,P004,D019,A005,2025-04-19,11,36100.0,397100.0
T008370,C0211,P014,D005,A001,2024-09-25,5,28000.0,140000.0
T008371,C0297,P003,D007,A001,2026-02-07,4,120000.0,480000.0
T008372,C0847,P015,D015,A004,2025-11-02,7,49000.0,343000.0
T008373,C0757,P011,D014,A004,2025-07-23,7,42000.0,294000.0
T008374,C1433,P008,D029,A008,2026-05-05,10,51300.0,513000.0
T008375,C1104,P015,D023,A005,2025-12-29,10,46550.0,465500.0
T008376,C0744,P008,D017,A004,2024-02-26,2,54000.0,108000.0
T008377,C0327,P011,D010,A002,2024-10-10,12,39900.0,478800.0
T008378,C0437,P014,D009,A002,2024-12-23,7,28000.0,196000.0
T008379,C1098,P011,D025,A005,2024-12-05,2,42000.0,84000.0
T008380,C0812,P011,D018,A004,2026-03-16,3,42000.0,126000.0
T008381,C1004,P015,D020,A005,2024-03-13,7,49000.0,343000.0
T008382,C0327,P003,D008,A002,2026-05-20,1,120000.0,120000.0
T008383,C1265,P009,D026,A006,2025-10-19,7,8500.0,59500.0
T008384,C1637,P008,D035,A010,2024-06-18,3,54000.0,162000.0
T008385,C0497,P007,D012,A003,2024-03-21,14,80750.0,1130500.0
T008386,C0963,P009,D013,A004,2026-01-09,1,8500.0,8500.0
T008387,C1849,P007,D038,A013,2025-08-28,11,80750.0,888250.0
T008388,C0645,P008,D016,A004,2024-09-09,2,54000.0,108000.0
T008389,C1128,P006,D024,A005,2026-04-10,4,18500.0,74000.0
T008390,C0161,P010,D002,A001,2024-08-01,6,22000.0,132000.0
T008391,C1153,P011,D019,A005,2025-10-02,5,42000.0,210000.0
T008392,C0161,P005,D007,A001,2025-03-17,14,11875.0,166250.0
T008393,C1825,P010,D038,A013,2024-04-16,9,22000.0,198000.0
T008394,C1376,P013,D027,A007,2025-03-25,7,95000.0,665000.0
T008395,C1521,P010,D032,A009,2026-07-02,6,22000.0,132000.0
T008396,C1352,P013,D027,A007,2024-09-14,3,95000.0,285000.0
T008397,C1121,P007,D023,A005,2026-01-03,7,85000.0,595000.0
T008398,C0873,P015,D015,A004,2025-08-24,7,49000.0,343000.0
T008399,C1649,P013,D034,A010,2024-06-29,9,95000.0,855000.0
T008400,C1820,P014,D039,A013,2024-08-02,9,28000.0,252000.0
T008401,C0984,P002,D022,A005,2026-05-22,14,6175.0,86450.0
T008402,C1786,P003,D041,A013,2025-11-19,15,114000.0,1710000.0
T008403,C1106,P008,D020,A005,2024-09-28,3,54000.0,162000.0
T008404,C1039,P005,D020,A005,2025-02-10,9,12500.0,112500.0
T008405,C0883,P014,D013,A004,2025-10-07,11,26600.0,292600.0
T008406,C0411,P009,D010,A002,2026-08-17,9,8500.0,76500.0
T008407,C0006,P002,D005,A001,2024-03-19,11,6175.0,67925.0
T008408,C0467,P005,D012,A003,2024-05-09,2,12500.0,25000.0
T008409,C0997,P012,D023,A005,2026-03-08,6,31000.0,186000.0
T008410,C0728,P005,D015,A004,2025-02-28,3,12500.0,37500.0
T008411,C0870,P013,D018,A004,2024-10-25,15,90250.0,1353750.0
T008412,C1866,P012,D041,A013,2026-02-25,13,29450.0,382850.0
T008413,C0675,P001,D014,A004,2024-08-12,8,45000.0,360000.0
T008414,C0881,P005,D014,A004,2024-04-29,3,12500.0,37500.0
T008415,C0259,P011,D004,A001,2024-01-22,6,42000.0,252000.0
T008416,C0080,P009,D007,A001,2024-11-29,7,8500.0,59500.0
T008417,C1494,P009,D030,A009,2025-10-04,8,8500.0,68000.0
T008418,C1091,P008,D025,A005,2024-05-24,5,54000.0,270000.0
T008419,C1468,P001,D029,A008,2026-06-11,8,45000.0,360000.0
T008420,C0287,P015,D004,A001,2026-08-11,8,49000.0,392000.0
T008421,C1095,P009,D024,A005,2026-03-16,7,8500.0,59500.0
T008422,C0494,P001,D012,A003,2026-03-18,9,45000.0,405000.0
T008423,C0440,P005,D011,A002,2024-12-24,2,12500.0,25000.0
T008424,C0019,P002,D002,A001,2025-03-27,2,6500.0,13000.0
T008425,C0248,P007,D001,A001,2025-05-09,2,85000.0,170000.0
T008426,C0599,P007,D017,A004,2024-09-03,14,80750.0,1130500.0
T008427,C0216,P015,D001,A001,2024-03-10,13,46550.0,605150.0
T008428,C1875,P005,D041,A013,2024-03-21,4,12500.0,50000.0
T008429,C0596,P012,D017,A004,2025-12-22,7,31000.0,217000.0
T008430,C0248,P001,D007,A001,2024-02-06,5,45000.0,225000.0
T008431,C0385,P015,D009,A002,2025-01-15,11,46550.0,512050.0
T008432,C1117,P012,D024,A005,2026-01-14,10,29450.0,294500.0
T008433,C0112,P002,D005,A001,2025-05-26,12,6175.0,74100.0
T008434,C1664,P015,D035,A010,2025-01-22,2,49000.0,98000.0
T008435,C1829,P011,D038,A013,2025-08-09,6,42000.0,252000.0
T008436,C0477,P002,D012,A003,2026-01-02,3,6500.0,19500.0
T008437,C0874,P007,D016,A004,2026-03-03,2,85000.0,170000.0
T008438,C0036,P002,D005,A001,2025-05-06,9,6500.0,58500.0
T008439,C1221,P005,D025,A005,2025-12-31,4,12500.0,50000.0
T008440,C0797,P005,D014,A004,2026-02-15,11,11875.0,130625.0
T008441,C0522,P015,D012,A003,2024-05-13,5,49000.0,245000.0
T008442,C0406,P003,D008,A002,2026-03-24,11,114000.0,1254000.0
T008443,C1246,P004,D026,A006,2024-02-16,11,36100.0,397100.0
T008444,C0799,P014,D017,A004,2025-08-26,8,28000.0,224000.0
T008445,C0354,P008,D009,A002,2025-04-24,12,51300.0,615600.0
T008446,C1320,P015,D028,A007,2025-10-20,2,49000.0,98000.0
T008447,C1084,P001,D022,A005,2024-05-09,13,42750.0,555750.0
T008448,C1649,P004,D035,A010,2025-01-29,5,38000.0,190000.0
T008449,C0216,P004,D001,A001,2026-08-15,10,36100.0,361000.0
T008450,C1517,P006,D031,A009,2026-01-01,15,17575.0,263625.0
T008451,C1292,P014,D026,A006,2026-04-08,3,28000.0,84000.0
T008452,C0214,P005,D001,A001,2026-07-03,4,12500.0,50000.0
T008453,C1331,P006,D028,A007,2026-05-27,2,18500.0,37000.0
T008454,C0851,P004,D013,A004,2024-12-22,7,38000.0,266000.0
T008455,C1804,P002,D038,A013,2024-05-06,11,6175.0,67925.0
T008456,C0270,P004,D006,A001,2026-06-08,14,36100.0,505400.0
T008457,C1225,P009,D020,A005,2026-01-30,2,8500.0,17000.0
T008458,C0729,P003,D018,A004,2026-08-04,3,120000.0,360000.0
T008459,C1820,P010,D038,A013,2026-08-25,10,20900.0,209000.0
T008460,C0641,P008,D017,A004,2025-08-06,4,54000.0,216000.0
T008461,C1829,P002,D039,A013,2025-06-12,13,6175.0,80275.0
T008462,C1733,P009,D037,A012,2026-04-21,15,8075.0,121125.0
T008463,C0522,P009,D012,A003,2025-07-29,10,8075.0,80750.0
T008464,C1551,P011,D030,A009,2025-07-12,2,42000.0,84000.0
T008465,C1892,P011,D041,A013,2024-07-02,9,42000.0,378000.0
T008466,C0493,P009,D012,A003,2025-01-06,9,8500.0,76500.0
T008467,C0847,P014,D017,A004,2025-03-22,9,28000.0,252000.0
T008468,C1016,P001,D020,A005,2024-10-13,5,45000.0,225000.0
T008469,C0569,P011,D015,A004,2026-08-15,10,39900.0,399000.0
T008470,C0024,P005,D005,A001,2024-10-06,1,12500.0,12500.0
T008471,C0423,P011,D011,A002,2024-01-30,15,39900.0,598500.0
T008472,C0545,P005,D012,A003,2026-03-26,14,11875.0,166250.0
T008473,C0857,P010,D017,A004,2024-02-07,2,22000.0,44000.0
T008474,C0328,P013,D009,A002,2026-04-24,7,95000.0,665000.0
T008475,C1679,P006,D036,A011,2024-12-31,13,17575.0,228475.0
T008476,C1354,P002,D028,A007,2024-02-25,13,6175.0,80275.0
T008477,C0152,P015,D003,A001,2024-10-10,6,49000.0,294000.0
T008478,C1242,P014,D020,A005,2025-10-29,13,26600.0,345800.0
T008479,C1245,P006,D024,A005,2025-03-31,1,18500.0,18500.0
T008480,C1820,P006,D041,A013,2025-02-21,13,17575.0,228475.0
T008481,C0006,P007,D004,A001,2025-01-17,9,85000.0,765000.0
T008482,C0481,P012,D012,A003,2025-04-26,2,31000.0,62000.0
T008483,C1783,P005,D038,A013,2026-08-19,3,12500.0,37500.0
T008484,C1786,P014,D041,A013,2024-01-12,7,28000.0,196000.0
T008485,C1385,P015,D028,A007,2024-01-24,10,46550.0,465500.0
T008486,C1479,P013,D032,A009,2025-06-30,9,95000.0,855000.0
T008487,C0164,P007,D006,A001,2026-02-19,2,85000.0,170000.0
T008488,C1003,P012,D021,A005,2025-03-27,7,31000.0,217000.0
T008489,C0447,P013,D011,A002,2025-09-04,12,90250.0,1083000.0
T008490,C0355,P010,D011,A002,2026-08-23,4,22000.0,88000.0
T008491,C1566,P010,D030,A009,2025-04-21,8,22000.0,176000.0
T008492,C0260,P005,D001,A001,2025-08-03,12,11875.0,142500.0
T008493,C0920,P013,D013,A004,2024-04-22,12,90250.0,1083000.0
T008494,C1795,P013,D040,A013,2026-06-03,15,90250.0,1353750.0
T008495,C0360,P003,D011,A002,2025-12-17,5,120000.0,600000.0
T008496,C1857,P009,D040,A013,2024-08-28,12,8075.0,96900.0
T008497,C1888,P002,D038,A013,2024-05-05,6,6500.0,39000.0
T008498,C1063,P003,D022,A005,2024-07-31,15,114000.0,1710000.0
T008499,C0327,P012,D010,A002,2025-04-25,8,31000.0,248000.0
T008500,C0620,P001,D015,A004,2026-05-09,5,45000.0,225000.0
